league,season,player_id,player,shotType,shots,npxg,goals,shot_share_pct,xg_per_shot
EPL,2025,8995,Hugo Ekitike,Head,13,4.312629841268063,2,20.0,0.3317407570206202
EPL,2025,8995,Hugo Ekitike,LeftFoot,8,1.7097133249044416,1,12.307692307692308,0.2137141656130552
EPL,2025,8995,Hugo Ekitike,OtherBodyPart,1,0.1347046047449112,0,1.5384615384615385,0.1347046047449112
EPL,2025,8995,Hugo Ekitike,RightFoot,43,5.775140247307716,8,66.15384615384615,0.13430558714669108
La_liga,2025,1235,Ante Budimir,Head,40,5.417760542593895,5,42.10526315789473,0.13544401356484737
La_liga,2025,1235,Ante Budimir,LeftFoot,43,6.1790606882423145,4,45.26315789473684,0.14369908577307708
La_liga,2025,1235,Ante Budimir,OtherBodyPart,1,0.0191393550485372,0,1.0526315789473684,0.0191393550485372
La_liga,2025,1235,Ante Budimir,RightFoot,11,1.629583522677421,2,11.578947368421053,0.14814395660703827
Serie_A,2025,11055,Rasmus Højlund,Head,9,2.299639085307717,2,15.254237288135593,0.25551545392307967
Serie_A,2025,11055,Rasmus Højlund,LeftFoot,30,6.572063529863953,6,50.847457627118644,0.21906878432879842
Serie_A,2025,11055,Rasmus Højlund,RightFoot,20,3.6793438699096432,4,33.89830508474576,0.18396719349548216
Serie_A,2025,13446,Mateo Pellegrino,Head,30,4.9672221345826975,6,41.66666666666667,0.16557407115275657
Serie_A,2025,13446,Mateo Pellegrino,LeftFoot,34,3.670572540722786,2,47.22222222222222,0.10795801590361136
Serie_A,2025,13446,Mateo Pellegrino,RightFoot,8,0.5107151400297879,0,11.11111111111111,0.06383939250372349
