league,season,player_id,player_name,team,minutes,non_penalty_shots,non_penalty_goals,shot_sum_npxg,npshots_per90,npxg_per_shot,conversion_pct,goals_minus_npxg,metric_rank,ranking_metric,minimum_np_shots
Ligue_1,2025,12850,Esteban Lepaul,"Angers,Rennes",2761,83,18,12.694475169293582,2.7055414704817093,0.1529454839673925,21.686746987951807,5.305524830706418,1,goals_minus_npxg,50
Bundesliga,2025,647,Harry Kane,Bayern Munich,2385,108,26,21.244441975839436,4.0754716981132075,0.1967077960725873,24.074074074074073,4.755558024160564,2,goals_minus_npxg,50
La_liga,2025,9002,Vedat Muriqi,Mallorca,3150,107,18,16.427841717377305,3.057142857142857,0.1535312310035262,16.822429906542055,1.572158282622695,3,goals_minus_npxg,50
EPL,2025,501,Danny Welbeck,Brighton,2286,53,12,10.435393408872187,2.0866141732283463,0.1968942152617394,22.641509433962266,1.5646065911278129,4,goals_minus_npxg,50
EPL,2025,6026,Richarlison,Tottenham,1926,61,11,9.866276629269125,2.850467289719626,0.1617422398240839,18.0327868852459,1.1337233707308751,5,goals_minus_npxg,50
La_liga,2025,13769,Carlos Espí,Levante,1328,57,11,9.88463063724339,3.862951807228915,0.1734145725832173,19.298245614035086,1.11536936275661,6,goals_minus_npxg,50
Serie_A,2025,5992,Marcus Thuram,Inter,1933,74,13,11.895488063804804,3.445421624418003,0.1607498387000649,17.56756756756757,1.1045119361951965,7,goals_minus_npxg,50
Serie_A,2025,7969,Sebastiano Esposito,Cagliari,2751,56,6,4.983118306845427,1.83206106870229,0.0889842554793826,10.714285714285714,1.0168816931545734,8,goals_minus_npxg,50
EPL,2025,13729,Zian Flemming,Burnley,1795,50,9,8.032457118853927,2.5069637883008355,0.1606491423770785,18.0,0.9675428811460733,9,goals_minus_npxg,50
La_liga,2025,6400,Antonio Martínez,Alaves,2750,92,13,12.09319401718676,3.0109090909090908,0.1314477610563778,14.130434782608695,0.9068059828132409,10,goals_minus_npxg,50
Ligue_1,2025,12413,Joaquín Panichelli,Strasbourg,2202,52,11,10.155420403927565,2.1253405994550407,0.1952965462293762,21.153846153846153,0.8445795960724354,11,goals_minus_npxg,50
Bundesliga,2025,10804,Deniz Undav,VfB Stuttgart,2261,123,19,18.299770704470575,4.896063688633348,0.1487786236135819,15.447154471544716,0.7002292955294251,12,goals_minus_npxg,50
Serie_A,2025,6253,Gianluca Scamacca,Atalanta,1318,55,8,7.346189280971885,3.755690440060698,0.1335670778358524,14.545454545454545,0.6538107190281153,13,goals_minus_npxg,50
Bundesliga,2025,10113,Fisnik Asllani,Hoffenheim,2429,73,10,9.504826133139431,2.704816797035817,0.1302030977142388,13.698630136986301,0.4951738668605685,14,goals_minus_npxg,50
Serie_A,2025,13939,Stefano Moreo,Pisa,2336,50,5,4.699606524780393,1.9263698630136987,0.0939921304956078,10.0,0.30039347521960735,15,goals_minus_npxg,50
Serie_A,2025,2019,Federico Bonazzoli,Cremonese,2571,72,7,6.739463733043522,2.520420070011669,0.0936036629589378,9.722222222222223,0.26053626695647836,16,goals_minus_npxg,50
La_liga,2025,2589,Rafa Mir,Elche,1834,67,7,6.778489138931036,3.287895310796074,0.1011714796855378,10.44776119402985,0.221510861068964,17,goals_minus_npxg,50
Bundesliga,2025,13013,Haris Tabakovic,Borussia M.Gladbach,2424,65,13,12.823779857717454,2.4133663366336635,0.1972889208879608,20.0,0.17622014228254557,18,goals_minus_npxg,50
Serie_A,2025,7006,Lautaro Martínez,Inter,2205,92,17,17.138829866424203,3.7551020408163263,0.1862916289828717,18.478260869565215,-0.13882986642420292,19,goals_minus_npxg,50
Serie_A,2025,1102,Giovanni Simeone,Torino,2273,78,11,11.181717403233051,3.0884293884733833,0.1433553513235006,14.102564102564102,-0.1817174032330513,20,goals_minus_npxg,50
La_liga,2025,6441,Ferrán Torres,Barcelona,2025,69,16,16.183371901512146,3.066666666666667,0.2345416217610456,23.18840579710145,-0.183371901512146,21,goals_minus_npxg,50
Bundesliga,2025,11227,Dzenan Pejcinovic,Wolfsburg,1445,51,8,8.291429513134062,3.176470588235294,0.1625770492771384,15.686274509803921,-0.2914295131340623,22,goals_minus_npxg,50
Ligue_1,2025,14082,Emersonn,Toulouse,1607,51,7,7.415036539547145,2.8562538892345986,0.1453928733244538,13.725490196078432,-0.41503653954714537,23,goals_minus_npxg,50
Serie_A,2025,11055,Rasmus Højlund,Napoli,2784,59,12,12.551046485081317,1.9073275862068968,0.2127296014420562,20.33898305084746,-0.5510464850813168,24,goals_minus_npxg,50
EPL,2025,7254,Viktor Gyokeres,Arsenal,2255,52,11,11.587924096733332,2.075388026607538,0.2228446941679487,21.153846153846153,-0.5879240967333317,25,goals_minus_npxg,50
Serie_A,2025,7700,Che Adams,Torino,1899,53,6,6.609602835029364,2.511848341232227,0.1247094874533842,11.320754716981133,-0.6096028350293636,26,goals_minus_npxg,50
La_liga,2025,10846,Julián Álvarez,Atletico Madrid,1926,51,6,6.664767865091562,2.383177570093458,0.1306817228449326,11.76470588235294,-0.6647678650915623,27,goals_minus_npxg,50
EPL,2025,8272,João Pedro,Chelsea,2698,73,15,15.723741779103875,2.435137138621201,0.2153937230014229,20.54794520547945,-0.7237417791038752,28,goals_minus_npxg,50
Serie_A,2025,2662,Christian Pulisic,AC Milan,1612,53,8,8.783372545614839,2.9590570719602978,0.1657240102946195,15.09433962264151,-0.7833725456148386,29,goals_minus_npxg,50
La_liga,2025,11783,Akor Adams,Sevilla,2048,58,7,7.8175089275464416,2.548828125,0.1347846366818352,12.068965517241379,-0.8175089275464416,30,goals_minus_npxg,50
La_liga,2025,227,Robert Lewandowski,Barcelona,1630,60,13,13.836971659213305,3.312883435582822,0.2306161943202217,21.666666666666668,-0.8369716592133045,31,goals_minus_npxg,50
La_liga,2025,1189,Lucas Boyé,Alaves,1960,60,8,8.87397504877299,2.7551020408163267,0.1478995841462165,13.333333333333334,-0.8739750487729907,32,goals_minus_npxg,50
La_liga,2025,6531,Alexander Sørloth,Atletico Madrid,1955,68,13,13.927608635276556,3.130434782608696,0.2048177740481846,19.11764705882353,-0.927608635276556,33,goals_minus_npxg,50
EPL,2025,8995,Hugo Ekitike,Liverpool,1835,65,11,11.932188018225132,3.188010899182561,0.1835721233573097,16.923076923076923,-0.9321880182251316,34,goals_minus_npxg,50
Serie_A,2025,7193,Rafael Leão,AC Milan,1874,61,7,8.079263946041465,2.929562433297759,0.1324469499351059,11.475409836065573,-1.0792639460414648,35,goals_minus_npxg,50
EPL,2025,10948,Valentín Castellanos,West Ham,1430,50,6,7.119846772402525,3.1468531468531467,0.1423969354480505,12.0,-1.119846772402525,36,goals_minus_npxg,50
Serie_A,2025,6686,Nicolo Zaniolo,Udinese,2308,72,5,6.143913645297289,2.8076256499133447,0.0853321339624623,6.944444444444445,-1.143913645297289,37,goals_minus_npxg,50
Serie_A,2025,13446,Mateo Pellegrino,Parma Calcio 1913,3012,72,8,9.148509815335274,2.151394422310757,0.127062636324101,11.11111111111111,-1.1485098153352737,38,goals_minus_npxg,50
Serie_A,2025,9749,Donyell Malen,Roma,1499,66,11,12.159512743353844,3.962641761174116,0.1842350415659673,16.666666666666664,-1.1595127433538437,39,goals_minus_npxg,50
Serie_A,2025,13961,Giovane,"Napoli,Verona",1873,56,3,4.269323855638504,2.6908702616123867,0.0762379259935447,5.357142857142857,-1.269323855638504,40,goals_minus_npxg,50
Serie_A,2025,12528,Santiago Castro,Bologna,2381,63,7,8.299087804742157,2.381352372952541,0.1317315524562247,11.11111111111111,-1.2990878047421575,41,goals_minus_npxg,50
Serie_A,2025,12030,Tasos Douvikas,Como,2279,64,13,14.409408753737807,2.5274243089074155,0.2251470117771532,20.3125,-1.4094087537378073,42,goals_minus_npxg,50
EPL,2025,13778,Igor Jesus,Nottingham Forest,2379,69,5,6.437911233864725,2.610340479192938,0.0933030613603583,7.246376811594203,-1.4379112338647246,43,goals_minus_npxg,50
EPL,2025,11974,Benjamin Sesko,Manchester United,1636,61,11,12.504127939231694,3.3557457212713935,0.204985703921831,18.0327868852459,-1.5041279392316937,44,goals_minus_npxg,50
La_liga,2025,5074,Kike García,Espanyol,1694,58,7,8.517553871497512,3.0814639905548997,0.1468543770947847,12.068965517241379,-1.5175538714975119,45,goals_minus_npxg,50
Ligue_1,2025,10815,Lassine Sinayoko,Auxerre,2811,89,9,10.572640229016542,2.849519743863394,0.1187937104383881,10.112359550561797,-1.5726402290165424,46,goals_minus_npxg,50
Ligue_1,2025,3697,Odsonne Edouard,Lens,1879,59,11,12.581974070519207,2.825971261309207,0.2132537978054103,18.64406779661017,-1.5819740705192071,47,goals_minus_npxg,50
La_liga,2025,6170,André Silva,Elche,1858,54,7,8.60677722003311,2.6157158234660924,0.1593847633339464,12.962962962962962,-1.6067772200331092,48,goals_minus_npxg,50
Bundesliga,2025,3738,Serhou Guirassy,Borussia Dortmund,2366,81,16,17.637851785868406,3.081149619611158,0.2177512566156593,19.753086419753085,-1.6378517858684063,49,goals_minus_npxg,50
Bundesliga,2025,8407,Tim Lemperle,Hoffenheim,2008,52,7,8.654297805391252,2.3306772908366535,0.1664288039498317,13.461538461538462,-1.654297805391252,50,goals_minus_npxg,50
La_liga,2025,6954,Juan Camilo Hernández,Real Betis,2623,88,10,11.657072510570288,3.019443385436523,0.1324667330746623,11.363636363636363,-1.6570725105702877,51,goals_minus_npxg,50
EPL,2025,8260,Erling Haaland,Manchester City,2979,121,24,25.75066075753421,3.6555891238670695,0.2128153781614397,19.834710743801654,-1.7506607575342095,52,goals_minus_npxg,50
Serie_A,2025,4895,Andrea Pinamonti,Sassuolo,2610,72,9,10.773378424346449,2.4827586206896552,0.1496302558937006,12.5,-1.7733784243464488,53,goals_minus_npxg,50
Ligue_1,2025,9690,Folarin Balogun,Monaco,2281,74,10,11.813542793504894,2.919772029811486,0.1596424701824985,13.513513513513514,-1.8135427935048938,54,goals_minus_npxg,50
La_liga,2025,9275,Iván Romero,Levante,2339,58,7,8.850742157548666,2.231722958529286,0.1525990027163563,12.068965517241379,-1.850742157548666,55,goals_minus_npxg,50
Ligue_1,2025,6905,Ludovic Ajorque,Brest,2834,55,8,9.85639150813222,1.746647847565279,0.1792071183296767,14.545454545454545,-1.8563915081322193,56,goals_minus_npxg,50
Serie_A,2025,8478,Lorenzo Colombo,Genoa,2373,64,6,7.873133576475084,2.427307206068268,0.1230177121324231,9.375,-1.8731335764750838,57,goals_minus_npxg,50
Serie_A,2025,11380,Vitinha,Genoa,2262,65,5,6.909197706729174,2.586206896551724,0.1062953493342949,7.6923076923076925,-1.9091977067291737,58,goals_minus_npxg,50
La_liga,2025,7020,Gorka Guruzeta,Athletic Club,2401,83,9,10.982830385677516,3.1112036651395254,0.1323232576587652,10.843373493975903,-1.9828303856775165,59,goals_minus_npxg,50
La_liga,2025,3423,Kylian Mbappe-Lottin,Real Madrid,2623,137,17,19.107029765844345,4.7007243614182235,0.1394673705536083,12.408759124087592,-2.107029765844345,60,goals_minus_npxg,50
Bundesliga,2025,13062,Mohammed Amoura,Wolfsburg,1949,59,7,9.198723637498915,2.724474089276552,0.1559105701271002,11.864406779661017,-2.198723637498915,61,goals_minus_npxg,50
La_liga,2025,1235,Ante Budimir,Osasuna,2995,95,11,13.245544108562171,2.8547579298831387,0.1394267800901281,11.578947368421053,-2.2455441085621715,62,goals_minus_npxg,50
Bundesliga,2025,13925,Ransford Königsdörffer,Hamburger SV,2425,64,5,7.340213242918253,2.375257731958763,0.1146908319205977,7.8125,-2.340213242918253,63,goals_minus_npxg,50
La_liga,2025,13350,Roberto Fernández,Espanyol,2388,58,6,8.553469637408853,2.185929648241206,0.1474736144380836,10.344827586206897,-2.5534696374088526,64,goals_minus_npxg,50
La_liga,2025,2234,Mikel Oyarzabal,Real Sociedad,2727,72,8,10.825419012457132,2.376237623762376,0.1503530418396824,11.11111111111111,-2.8254190124571323,65,goals_minus_npxg,50
EPL,2025,8865,Ollie Watkins,Aston Villa,2908,83,16,18.827725536189973,2.568775790921596,0.226840066701084,19.27710843373494,-2.8277255361899734,66,goals_minus_npxg,50
Ligue_1,2025,11767,Gonçalo Ramos,Paris Saint Germain,1293,56,5,7.84652463067323,3.897911832946636,0.1401165112620219,8.928571428571429,-2.8465246306732297,67,goals_minus_npxg,50
Serie_A,2025,14003,Francesco Pio Esposito,Inter,1535,57,7,9.864515198394656,3.3420195439739415,0.1730616701472746,12.280701754385964,-2.864515198394656,68,goals_minus_npxg,50
Ligue_1,2025,13051,Matias Fernandez-Pardo,Lille,2408,66,6,9.591645473614337,2.4667774086378738,0.1453279617214293,9.090909090909092,-3.591645473614337,69,goals_minus_npxg,50
Bundesliga,2025,1236,Patrik Schick,Bayer Leverkusen,2005,67,12,15.632444508373736,3.0074812967581046,0.2333200672891602,17.91044776119403,-3.6324445083737356,70,goals_minus_npxg,50
EPL,2025,13222,Thiago,Brentford,3292,75,14,17.83925334829837,2.050425273390037,0.2378567113106449,18.666666666666668,-3.839253348298371,71,goals_minus_npxg,50
EPL,2025,4105,Raúl Jiménez,Fulham,2215,69,5,8.971911414526403,2.803611738148984,0.1300277016598029,7.246376811594203,-3.971911414526403,72,goals_minus_npxg,50
Bundesliga,2025,8869,Ragnar Ache,FC Cologne,1739,52,7,11.002535585314035,2.6912018401380102,0.2115872227945006,13.461538461538462,-4.002535585314035,73,goals_minus_npxg,50
Bundesliga,2025,11845,Phillip Tietz,"Augsburg,Mainz 05",1811,50,6,10.840802315156909,2.484815019326339,0.2168160463031381,12.0,-4.840802315156909,74,goals_minus_npxg,50
EPL,2025,5555,Dominic Calvert-Lewin,Leeds,2732,68,10,14.865511160343884,2.240117130307467,0.2186104582403512,14.705882352941178,-4.865511160343884,75,goals_minus_npxg,50
EPL,2025,5735,Jean-Philippe Mateta,Crystal Palace,2225,59,8,12.9327521789819,2.386516853932584,0.2191991894742695,13.559322033898304,-4.9327521789819,76,goals_minus_npxg,50
Ligue_1,2025,11792,Issa Soumaré,Le Havre,2942,74,7,11.965028368867934,2.263766145479266,0.1616895725522693,9.45945945945946,-4.965028368867934,77,goals_minus_npxg,50
La_liga,2025,11186,Alvaro Rodríguez,Elche,2199,74,7,12.178225170820951,3.028649386084584,0.1645706104164993,9.45945945945946,-5.1782251708209515,78,goals_minus_npxg,50
Bundesliga,2025,12421,Andrej Ilic,Union Berlin,2238,70,5,10.356148030608892,2.815013404825738,0.1479449718658413,7.142857142857142,-5.356148030608892,79,goals_minus_npxg,50
Ligue_1,2025,318,Pierre-Emerick Aubameyang,Marseille,2074,60,10,15.525875018909574,2.6036644165863065,0.2587645836484929,16.666666666666664,-5.5258750189095736,80,goals_minus_npxg,50
Serie_A,2025,12008,Nikola Krstovic,Atalanta,1781,99,10,15.674984603188932,5.002807411566535,0.1583331778099892,10.1010101010101,-5.674984603188932,81,goals_minus_npxg,50
Serie_A,2025,12367,Gift Orban,Verona,2055,83,5,10.720114251598716,3.6350364963503647,0.1291580030313098,6.024096385542169,-5.720114251598716,82,goals_minus_npxg,50
EPL,2025,12963,Evanilson,Bournemouth,2810,72,6,11.830083885230124,2.306049822064057,0.1643067206281961,8.333333333333332,-5.830083885230124,83,goals_minus_npxg,50
Bundesliga,2025,13852,Rômulo,RasenBallsport Leipzig,2246,62,9,15.178863443434238,2.4844167408726627,0.244820378119907,14.516129032258066,-6.178863443434238,84,goals_minus_npxg,50
Serie_A,2025,1304,Moise Kean,Fiorentina,2042,96,6,13.856708828359842,4.2311459353574925,0.1443407169620817,6.25,-7.856708828359842,85,goals_minus_npxg,50
