league,season,player_id,matches,no_np_shot_matches,median_match_npxg,match_npxg_q25,match_npxg_q75,no_np_shot_match_pct,player_name,minutes,matches_60plus,no_np_shot_60plus,no_np_shot_60plus_pct
Bundesliga,2025,171,17,7,0.0659937970340251,0.0,0.4432209506630896,41.17647058823529,Michael Gregoritsch,926,10,2,20.0
Bundesliga,2025,647,31,2,0.5310621745884417,0.3093834398314355,0.9493462359532712,6.451612903225806,Harry Kane,2385,25,1,4.0
Bundesliga,2025,1236,28,6,0.39785799011588086,0.05137834791094058,0.8773134192451835,21.428571428571427,Patrik Schick,2005,21,4,19.047619047619047
Bundesliga,2025,3738,33,3,0.4030627608299255,0.0893797427415847,0.6721855178475379,9.090909090909092,Serhou Guirassy,2366,27,3,11.11111111111111
Bundesliga,2025,6475,33,15,0.0158066544681787,0.0,0.100682720541954,45.45454545454545,Lucas Höler,2070,24,8,33.33333333333333
Bundesliga,2025,6496,25,6,0.21479683369398112,0.0417559221386909,0.5206795930862427,24.0,Ermedin Demirovic,1507,17,2,11.76470588235294
Bundesliga,2025,7108,22,4,0.2424133382737636,0.07734696194529529,0.6577069312334061,18.181818181818183,Jonathan Burkardt,1351,15,1,6.666666666666667
Bundesliga,2025,7879,32,12,0.05005817674100395,0.0,0.19192715827375645,37.5,Marius Bülter,1578,15,2,13.333333333333334
Bundesliga,2025,7882,14,0,0.3068199977278709,0.07424715417437247,0.4548720088787377,0.0,Sheraldo Becker,975,11,0,0.0
Bundesliga,2025,8056,19,5,0.1048725061118602,0.0296402126550674,0.5164304831996558,26.31578947368421,Arnaud Kalimuendo Muinga,1431,15,4,26.666666666666668
Bundesliga,2025,8407,29,3,0.1441673971712589,0.0716594196856021,0.5281613618135452,10.344827586206897,Tim Lemperle,2008,22,1,4.545454545454546
Bundesliga,2025,8869,29,9,0.13979377225041378,0.0,0.6528019718825816,31.03448275862069,Ragnar Ache,1739,16,1,6.25
Bundesliga,2025,10048,23,6,0.2696708887815475,0.0088369259610772,0.5779820606112478,26.08695652173913,Nicolas Jackson,991,11,2,18.181818181818183
Bundesliga,2025,10113,33,4,0.14715145900845522,0.0556667037308215,0.5257011651992798,12.121212121212121,Fisnik Asllani,2429,29,2,6.896551724137931
Bundesliga,2025,10804,29,1,0.6550549194216725,0.2181892301887271,0.8907544389367102,3.4482758620689653,Deniz Undav,2261,24,0,0.0
Bundesliga,2025,11227,30,8,0.11826777085661885,0.0030525515321642,0.5354650109075008,26.666666666666668,Dzenan Pejcinovic,1445,15,1,6.666666666666667
Bundesliga,2025,11845,29,9,0.1665009260177612,0.0,0.582832093350589,31.03448275862069,Phillip Tietz,1811,19,5,26.31578947368421
Bundesliga,2025,11856,27,10,0.0539111271500587,0.0,0.3167798649519681,37.03703703703704,Marvin Pieringer,1689,17,4,23.52941176470588
Bundesliga,2025,11981,14,6,0.0206080256029963,0.0,0.09828244987875215,42.857142857142854,Benedict Hollerbach,903,11,4,36.36363636363637
Bundesliga,2025,12421,32,5,0.1613558568060398,0.031233894173055873,0.5486003062687813,15.625,Andrej Ilic,2238,23,1,4.3478260869565215
Bundesliga,2025,12934,32,17,0.0,0.0,0.10754430666565895,53.125,Shuto Machino,1046,9,2,22.22222222222222
Bundesliga,2025,12953,31,9,0.0743098910897969,0.0,0.4577455185353755,29.03225806451613,Igor Matanovic,1536,14,2,14.285714285714285
Bundesliga,2025,13013,32,6,0.2371793314814566,0.0941894035786389,0.5261172624304888,18.75,Haris Tabakovic,2424,28,6,21.428571428571427
Bundesliga,2025,13062,30,10,0.1347308037802576,0.0,0.5842547710053623,33.33333333333333,Mohammed Amoura,1949,21,4,19.047619047619047
Bundesliga,2025,13323,20,6,0.0860413261689245,0.0,0.5495216741692274,30.0,Budu Zivzivadze,1148,11,0,0.0
Bundesliga,2025,13852,30,2,0.5006355261430143,0.1335734203457832,0.7424355186522007,6.666666666666667,Rômulo,2246,27,1,3.7037037037037033
Bundesliga,2025,13856,29,13,0.0472787544131279,0.0,0.416123243048787,44.827586206896555,Christian Kofane,1231,11,2,18.181818181818183
Bundesliga,2025,13885,21,8,0.0647623240947723,0.0,0.3347102589905261,38.095238095238095,Andréas Hountondji,1092,11,5,45.45454545454545
Bundesliga,2025,13925,33,3,0.12391397356987,0.0439513698220253,0.2788979075849055,9.090909090909092,Ransford Königsdörffer,2425,29,2,6.896551724137931
Bundesliga,2025,13966,29,16,0.0,0.0,0.1009455211460589,55.172413793103445,Martijn Kaars,1331,12,4,33.33333333333333
EPL,2025,468,32,10,0.06649199500679964,0.0,0.44029927626252174,31.25,Callum Wilson,1229,11,3,27.27272727272727
EPL,2025,501,37,12,0.1443248242139816,0.0,0.4537626430392263,32.432432432432435,Danny Welbeck,2286,26,5,19.230769230769234
EPL,2025,1679,15,5,0.0927202329039573,0.0,0.409034565091133,33.33333333333333,Dominic Solanke,989,10,2,20.0
EPL,2025,4105,36,8,0.1115323901176452,0.0342088569886982,0.26531473081558943,22.22222222222222,Raúl Jiménez,2215,26,4,15.384615384615385
EPL,2025,4419,14,6,0.0159861771389842,0.0,0.19932451378554095,42.857142857142854,Adam Armstrong,1170,14,6,42.857142857142854
EPL,2025,4456,15,4,0.1272228807210922,0.03407537564635275,0.4283361639827489,26.666666666666668,Chris Wood,913,11,1,9.090909090909092
EPL,2025,5304,22,9,0.057207357138395254,0.0,0.506218671798706,40.909090909090914,Mikel Merino,1002,8,2,25.0
EPL,2025,5555,35,3,0.2351670563220977,0.079841642640531,0.6453103795647619,8.571428571428571,Dominic Calvert-Lewin,2732,30,2,6.666666666666667
EPL,2025,5735,32,5,0.27983607817441214,0.08421247638761996,0.5306874383240938,15.625,Jean-Philippe Mateta,2225,25,3,12.0
EPL,2025,6026,32,7,0.19137610867619503,0.012134127086028401,0.5560423061251638,21.875,Richarlison,1926,20,2,10.0
EPL,2025,6544,31,14,0.0448144376277923,0.0,0.2323367185890674,45.16129032258064,Lukas Nmecha,1076,9,2,22.22222222222222
EPL,2025,7148,32,8,0.0838352460414171,0.027540388517081703,0.24569242075085634,25.0,Wilson Isidor,1142,10,1,10.0
EPL,2025,7254,36,12,0.08710732683539385,0.0,0.5953146293759346,33.33333333333333,Viktor Gyokeres,2255,25,7,28.000000000000004
EPL,2025,7498,26,13,0.0085466047748923,0.0,0.20778809953480953,50.0,Lyle Foster,1375,14,6,42.857142857142854
EPL,2025,8117,33,17,0.0,0.0,0.1754886209964751,51.515151515151516,Nick Woltemade,1953,22,7,31.818181818181817
EPL,2025,8260,35,1,0.5159694626927375,0.2874659635126591,1.2336289491504429,2.857142857142857,Erling Haaland,2979,33,0,0.0
EPL,2025,8272,35,6,0.1999123170971869,0.07874200306832779,0.6088374089449643,17.142857142857142,João Pedro,2698,31,4,12.903225806451612
EPL,2025,8845,26,11,0.03134166728705165,0.0,0.08342643268406383,42.30769230769231,Hee-Chan Hwang,1469,16,4,25.0
EPL,2025,8865,37,6,0.333867460489273,0.0880443975329399,0.8464891612529754,16.216216216216218,Ollie Watkins,2908,33,5,15.151515151515152
EPL,2025,8868,28,9,0.07837867364287375,0.0,0.14555466827005137,32.142857142857146,Liam Delap,1064,10,1,10.0
EPL,2025,8875,33,10,0.0682300329208374,0.0,0.2567486464977264,30.303030303030305,Tolu Arokodare,1357,14,1,7.142857142857142
EPL,2025,8995,28,6,0.21508163958787913,0.044281002134084674,0.783722119871527,21.428571428571427,Hugo Ekitike,1835,20,3,15.0
EPL,2025,9789,31,11,0.1152174398303031,0.0,0.3003466725349426,35.483870967741936,Brian Brobbey,1943,22,4,18.181818181818183
EPL,2025,9983,37,12,0.1485979631543159,0.0,0.5645131953060627,32.432432432432435,Beto,1552,16,0,0.0
EPL,2025,10717,21,3,0.0927550345659255,0.0390743240714073,0.3874913528561591,14.285714285714285,Rodrigo Muniz,1001,10,1,10.0
EPL,2025,10948,18,2,0.40216103475540865,0.15599485905840982,0.4645300316624342,11.11111111111111,Valentín Castellanos,1430,17,2,11.76470588235294
EPL,2025,11070,36,8,0.0692000538110733,0.019101848360151025,0.19512956892140193,22.22222222222222,Jørgen Strand Larsen,2353,26,4,15.384615384615385
EPL,2025,11974,30,6,0.2558081597089767,0.021508493460714775,0.5638417061418295,20.0,Benjamin Sesko,1636,15,0,0.0
EPL,2025,12916,38,18,0.02148957457393405,0.0,0.5485737957060336,47.368421052631575,Thierno Barry,1921,19,5,26.31578947368421
EPL,2025,12963,36,7,0.16116142272949205,0.05895588640123602,0.6543443119153379,19.444444444444446,Evanilson,2810,31,5,16.129032258064516
EPL,2025,13222,38,9,0.30623594718053926,0.05607522092759602,0.5585836442187428,23.684210526315788,Thiago,3292,37,8,21.62162162162162
EPL,2025,13729,29,7,0.1225148662924766,0.0143152950331568,0.38076888769865025,24.137931034482758,Zian Flemming,1795,21,4,19.047619047619047
EPL,2025,13778,37,5,0.1140431463718414,0.0420893728733062,0.21845463290810568,13.513513513513514,Igor Jesus,2379,26,1,3.8461538461538463
La_liga,2025,227,31,4,0.2359853908419607,0.09632311761379235,0.6318179033696651,12.903225806451612,Robert Lewandowski,1630,16,1,6.25
La_liga,2025,813,16,3,0.0705955140292644,0.024859440978616424,0.14952453412115566,18.75,Salomón Rondón,1054,12,2,16.666666666666664
La_liga,2025,1189,29,7,0.1557657495141029,0.0173438861966133,0.5704216063022612,24.137931034482758,Lucas Boyé,1960,20,1,5.0
La_liga,2025,1235,37,4,0.2829011082649231,0.0714590549468993,0.5691348910331726,10.81081081081081,Ante Budimir,2995,35,2,5.714285714285714
La_liga,2025,1450,25,7,0.061336657963692996,0.0,0.4905285537242889,28.000000000000004,Umar Sadiq,1028,9,0,0.0
La_liga,2025,2120,22,6,0.1033179145306348,0.00392413325607775,0.2804273748770355,27.27272727272727,Gerard Moreno,1368,15,3,20.0
La_liga,2025,2234,34,5,0.16808504611253722,0.05994228180497878,0.5314707262441514,14.705882352941178,Mikel Oyarzabal,2727,30,3,10.0
La_liga,2025,2252,16,6,0.10710780695080752,0.0,0.2456139866262674,37.5,Borja Mayoral,1072,11,3,27.27272727272727
La_liga,2025,2270,34,9,0.11715781595557914,0.0053540482185781,0.35706864297389984,26.47058823529412,Antoine Griezmann,1428,12,3,25.0
La_liga,2025,2543,35,13,0.0682688523083924,0.0,0.3682798594236374,37.142857142857146,Borja Iglesias,1903,19,4,21.052631578947366
La_liga,2025,2589,27,3,0.1308895014226436,0.054965456947684205,0.4077688585966825,11.11111111111111,Rafa Mir,1834,20,0,0.0
La_liga,2025,3423,31,1,0.5562309417873619,0.33288117870688416,0.765347792766988,3.225806451612903,Kylian Mbappe-Lottin,2623,29,0,0.0
La_liga,2025,5074,37,13,0.0710306242108345,0.0,0.3402720857411622,35.13513513513514,Kike García,1694,17,2,11.76470588235294
La_liga,2025,6170,31,11,0.1359045151621103,0.0,0.5420020669698715,35.483870967741936,André Silva,1858,22,4,18.181818181818183
La_liga,2025,6400,37,4,0.21252397261559938,0.0461689010262488,0.6154554793611164,10.81081081081081,Antonio Martínez,2750,31,3,9.67741935483871
La_liga,2025,6441,33,7,0.2622591853141784,0.0386822633445262,0.721318144351244,21.21212121212121,Ferrán Torres,2025,23,2,8.695652173913043
La_liga,2025,6531,35,9,0.20078296586871142,0.0163334514945745,0.6400851532816887,25.71428571428571,Alexander Sørloth,1955,19,2,10.526315789473683
La_liga,2025,6637,36,15,0.101429596543312,0.0,0.4435379663482308,41.66666666666667,Hugo Duro,1979,20,7,35.0
La_liga,2025,6954,32,2,0.2322973199188707,0.11415395699441423,0.44238175591453893,6.25,Juan Camilo Hernández,2623,29,1,3.4482758620689653
La_liga,2025,7020,35,4,0.19120881706476212,0.0639922264963388,0.5963601507246493,11.428571428571429,Gorka Guruzeta,2401,26,1,3.8461538461538463
La_liga,2025,8042,36,13,0.0963956899940967,0.0,0.3931422159075737,36.11111111111111,Raul García,926,6,1,16.666666666666664
La_liga,2025,9001,18,0,0.1348913721740245,0.05139842722564932,0.2564189862459897,0.0,Martín Satriano,1609,18,0,0.0
La_liga,2025,9002,37,2,0.3321996890008448,0.0829179808497428,0.509282112121582,5.405405405405405,Vedat Muriqi,3150,35,2,5.714285714285714
La_liga,2025,9275,32,5,0.16301163285970677,0.0423688287846744,0.44285040139220644,15.625,Iván Romero,2339,27,4,14.814814814814813
La_liga,2025,10846,29,6,0.0891662053763866,0.026430245488882,0.3585826605558394,20.689655172413794,Julián Álvarez,1926,21,2,9.523809523809524
La_liga,2025,10930,33,9,0.0722233206033706,0.0,0.6631323248147964,27.27272727272727,Etta Eyong,1657,18,1,5.555555555555555
La_liga,2025,11154,30,7,0.07178023457527155,0.0163115360774099,0.2524702176451682,23.333333333333332,Pablo Durán,1451,13,3,23.076923076923077
La_liga,2025,11186,34,7,0.11276154965162274,0.022718149237334652,0.45346389547921706,20.588235294117645,Alvaro Rodríguez,2199,24,4,16.666666666666664
La_liga,2025,11783,32,7,0.17538639996200778,0.026469092117622425,0.4384285402484238,21.875,Akor Adams,2048,20,3,15.0
La_liga,2025,11900,27,11,0.0209303684532642,0.0,0.21855615824460972,40.74074074074074,Lucas Beltrán,1377,13,3,23.076923076923077
La_liga,2025,12035,30,18,0.0,0.0,0.18489139527082435,60.0,Gonzalo García,923,8,2,25.0
La_liga,2025,12305,29,10,0.0568806938827037,0.0,0.125744730234146,34.48275862068966,Isaac Romero,1506,15,3,20.0
La_liga,2025,13350,38,11,0.12758234795182935,0.0,0.330495574278757,28.947368421052634,Roberto Fernández,2388,24,6,25.0
La_liga,2025,13769,25,8,0.2940521836280823,0.0,0.5945176323875783,32.0,Carlos Espí,1328,13,1,7.6923076923076925
La_liga,2025,13789,28,12,0.0522193349897861,0.0,0.1135617475956677,42.857142857142854,Adrián Liso,1725,17,4,23.52941176470588
La_liga,2025,14041,27,11,0.0748890042304992,0.0,0.549690050072968,40.74074074074074,Vladyslav Vanat,2003,23,8,34.78260869565217
La_liga,2025,14059,26,12,0.02079319581389425,0.0,0.17661674600094546,46.15384615384615,Alemão,1118,11,4,36.36363636363637
La_liga,2025,14388,17,7,0.015000314451754,0.0,0.21020195633172978,41.17647058823529,Luis Vázquez,1232,13,4,30.76923076923077
Ligue_1,2025,318,30,5,0.36792596429586405,0.08438500203192231,0.7091031111776829,16.666666666666664,Pierre-Emerick Aubameyang,2074,22,2,9.090909090909092
Ligue_1,2025,502,30,13,0.031209198758006,0.0,0.28366476111114014,43.333333333333336,Olivier Giroud,1610,18,4,22.22222222222222
Ligue_1,2025,2082,25,16,0.0,0.0,0.073295310139656,64.0,Youssef El-Arabi,943,11,5,45.45454545454545
Ligue_1,2025,3226,22,4,0.09391428157687176,0.050788677763193804,0.17631726572290052,18.181818181818183,Ousmane Dembélé,1050,10,1,10.0
Ligue_1,2025,3697,29,5,0.2860836684703826,0.1237520966678857,0.6054960824549197,17.24137931034483,Odsonne Edouard,1879,23,4,17.391304347826086
Ligue_1,2025,5356,31,9,0.1097613498568534,0.0,0.5169024411588907,29.03225806451613,Breel Embolo,1870,20,3,15.0
Ligue_1,2025,5769,25,8,0.0900186821818351,0.0,0.2835242636501787,32.0,Habib Diallo,1908,20,5,25.0
Ligue_1,2025,6238,14,2,0.11834106594324109,0.057274297811090925,0.24760887958109362,14.285714285714285,Ignatius Ganago,934,9,1,11.11111111111111
Ligue_1,2025,6332,24,7,0.10884319618344306,0.0,0.44368117116391653,29.166666666666668,Willem Geubbels,1013,11,1,9.090909090909092
Ligue_1,2025,6401,22,3,0.1998788965865968,0.07741352170705788,0.5851632058620453,13.636363636363635,Amine Gouiri,1318,14,1,7.142857142857142
Ligue_1,2025,6905,32,7,0.10940567404031745,0.042458865791559205,0.47417586296796793,21.875,Ludovic Ajorque,2834,32,7,21.875
Ligue_1,2025,8287,27,9,0.1203075721859931,0.0,0.291592551395297,33.33333333333333,Mbwana Samatta,1550,16,3,18.75
Ligue_1,2025,8690,25,7,0.0609763227403163,0.0,0.131291314959526,28.000000000000004,Jean-Phillipe Krasso,1082,12,2,16.666666666666664
Ligue_1,2025,8970,27,11,0.0389395542442798,0.0,0.1283953031525015,40.74074074074074,Sékou Mara,1231,13,3,23.076923076923077
Ligue_1,2025,9182,14,4,0.12873639725148667,0.015580653212964524,0.48758720606565475,28.57142857142857,Sepe Elye Wahi,937,10,3,30.0
Ligue_1,2025,9345,22,4,0.2488557882606982,0.08831968251615746,0.4873129306361078,18.181818181818183,Ahmadou Bamba Dieng,1239,15,2,13.333333333333334
Ligue_1,2025,9690,30,2,0.21036432823166235,0.08225158601999275,0.6772645516321063,6.666666666666667,Folarin Balogun,2281,25,2,8.0
Ligue_1,2025,10193,17,3,0.1016802228987216,0.0563149079680442,0.1759205088019371,17.647058823529413,Frank Magri,1297,15,2,13.333333333333334
Ligue_1,2025,10349,32,20,0.0,0.0,0.061838473193347426,62.5,Mika Biereth,1051,10,3,30.0
Ligue_1,2025,10815,32,2,0.20599491335451595,0.06830010283738366,0.4746010238304733,6.25,Lassine Sinayoko,2811,32,2,6.25
Ligue_1,2025,10831,24,10,0.028603050392121,0.0,0.1272054649889468,41.66666666666667,Mostafa Mohamed,1152,12,4,33.33333333333333
Ligue_1,2025,11767,30,8,0.1501036300323903,0.004335035569965825,0.45340140163898457,26.666666666666668,Gonçalo Ramos,1293,14,0,0.0
Ligue_1,2025,11792,34,5,0.2161684869788585,0.044096611440181704,0.5629398450255394,14.705882352941178,Issa Soumaré,2942,32,3,9.375
Ligue_1,2025,12413,27,7,0.1533949412405489,0.0243498161435127,0.4210807047784328,25.925925925925924,Joaquín Panichelli,2202,24,7,29.166666666666668
Ligue_1,2025,12847,19,6,0.1018646880984306,0.0,0.20729895681142796,31.57894736842105,Sidiki Chérif,1187,15,4,26.666666666666668
Ligue_1,2025,12850,34,1,0.29530591610819085,0.11314865294843901,0.5437347725965082,2.941176470588235,Esteban Lepaul,2761,32,1,3.125
Ligue_1,2025,13051,29,4,0.1408895887434482,0.0664568878710269,0.4964049663394689,13.793103448275861,Matias Fernandez-Pardo,2408,27,2,7.4074074074074066
Ligue_1,2025,13604,29,13,0.067346841096878,0.0,0.3464620411396026,44.827586206896555,Prosper Peter,1257,12,2,16.666666666666664
Ligue_1,2025,13735,27,7,0.1208960190415381,0.02843937464058395,0.429782336577773,25.925925925925924,Pavel Sulc,1562,15,0,0.0
Ligue_1,2025,14082,28,6,0.1541769253090023,0.06486576003953808,0.4438425516709684,21.428571428571427,Emersonn,1607,16,4,25.0
Serie_A,2025,755,29,14,0.0104222539812326,0.0,0.3001436642371115,48.275862068965516,Jamie Vardy,2120,22,10,45.45454545454545
Serie_A,2025,1053,30,6,0.1081520859152078,0.04876366257667537,0.3753679022192954,20.0,Keinan Davis,2106,24,4,16.666666666666664
Serie_A,2025,1102,32,4,0.29568476090207685,0.06569247972220177,0.5853934725746511,12.5,Giovanni Simeone,2273,27,3,11.11111111111111
Serie_A,2025,1148,28,6,0.06755481474101535,0.030034942552447274,0.16467404738068572,21.428571428571427,Duván Zapata,1088,8,2,25.0
Serie_A,2025,1304,26,2,0.418555158190429,0.23221172671765078,0.7661390297580508,7.6923076923076925,Moise Kean,2042,23,2,8.695652173913043
Serie_A,2025,1804,26,12,0.0364972734823823,0.0,0.15520109795033926,46.15384615384615,Álvaro Morata,917,8,1,12.5
Serie_A,2025,2019,35,5,0.130308661609888,0.02981718257069585,0.35193089209496964,14.285714285714285,Federico Bonazzoli,2571,30,2,6.666666666666667
Serie_A,2025,2217,25,14,0.0,0.0,0.080943688750267,56.00000000000001,Antonio Sanabria,921,8,3,37.5
Serie_A,2025,2662,30,5,0.15502321161329735,0.05847381148487325,0.45945818396285165,16.666666666666664,Christian Pulisic,1612,18,1,5.555555555555555
Serie_A,2025,3300,32,18,0.0,0.0,0.31524890800938005,56.25,Christopher Nkunku,1343,13,4,30.76923076923077
Serie_A,2025,4895,36,5,0.2207694202661513,0.09196564275771375,0.4521777280606329,13.88888888888889,Andrea Pinamonti,2610,30,3,10.0
Serie_A,2025,4918,15,3,0.0883082728832959,0.021501976530998848,0.1706444974988697,20.0,Patrick Cutrone,908,10,1,10.0
Serie_A,2025,5992,29,1,0.31456047482788557,0.1295950971543788,0.6665183901786804,3.4482758620689653,Marcus Thuram,1933,23,0,0.0
Serie_A,2025,6253,24,3,0.114487234968692,0.04839199059642847,0.4107215777039527,12.5,Gianluca Scamacca,1318,11,1,9.090909090909092
Serie_A,2025,6686,32,3,0.12228029407560816,0.04844988184049717,0.2792923867236822,9.375,Nicolo Zaniolo,2308,27,1,3.7037037037037033
Serie_A,2025,7006,30,2,0.5470427181571722,0.1335913958027959,0.9064721819013357,6.666666666666667,Lautaro Martínez,2205,26,1,3.8461538461538463
Serie_A,2025,7084,19,3,0.18164694495499112,0.050919458735734155,0.5909197386354208,15.789473684210526,Dusan Vlahovic,972,9,0,0.0
Serie_A,2025,7193,29,9,0.0620557330548763,0.0,0.39022543281316746,31.03448275862069,Rafael Leão,1874,21,5,23.809523809523807
Serie_A,2025,7224,27,17,0.0,0.0,0.07318622060120106,62.96296296296296,Boulaye Dia,1257,12,7,58.333333333333336
Serie_A,2025,7375,32,8,0.06022563017904754,0.0181085527874529,0.33862995821982617,25.0,Roberto Piccoli,1653,16,1,6.25
Serie_A,2025,7700,33,10,0.11337054893374429,0.0,0.3394491039216517,30.303030303030305,Che Adams,1899,17,4,23.52941176470588
Serie_A,2025,7944,14,3,0.05614202842116345,0.013468216639012025,0.10534591204486785,21.428571428571427,Gabriel Strefezza,1026,12,2,16.666666666666664
Serie_A,2025,7969,36,7,0.07012953236699095,0.0274011483415961,0.16717144008725865,19.444444444444446,Sebastiano Esposito,2751,34,6,17.647058823529413
Serie_A,2025,8163,21,8,0.0645187124609947,0.0,0.10351269133388989,38.095238095238095,Daniel Maldini,944,10,1,10.0
Serie_A,2025,8478,38,9,0.0732607152312993,0.012493320507928674,0.414673650637269,23.684210526315788,Lorenzo Colombo,2373,26,5,19.230769230769234
Serie_A,2025,8636,35,16,0.0619694516062736,0.0,0.4046962298452853,45.714285714285715,Jonathan Christian David,1784,20,5,25.0
Serie_A,2025,9018,30,14,0.0496288333088159,0.0,0.18939542118459932,46.666666666666664,M&#039;Bala Nzola,1514,14,1,7.142857142857142
Serie_A,2025,9749,18,0,0.7619545087218285,0.26152036292478426,1.0457441341131926,0.0,Donyell Malen,1499,18,0,0.0
Serie_A,2025,11055,33,4,0.15934403426945198,0.0551818460226058,0.6154506355524063,12.121212121212121,Rasmus Højlund,2784,32,3,9.375
Serie_A,2025,11306,20,6,0.06039365334436285,0.0,0.20355025865137563,30.0,Cyril Ngonge,987,9,2,22.22222222222222
Serie_A,2025,11350,34,20,0.0,0.0,0.055283900350332225,58.82352941176471,Amin Sarr,1046,7,2,28.57142857142857
Serie_A,2025,11380,35,3,0.1178362071514128,0.0416277851909398,0.2613137029111385,8.571428571428571,Vitinha,2262,27,0,0.0
Serie_A,2025,11883,27,12,0.0199716165661811,0.0,0.1230139983817934,44.44444444444444,Gennaro Borrelli,1263,12,1,8.333333333333332
Serie_A,2025,11989,33,12,0.0648527145385742,0.0,0.15219137165695418,36.36363636363637,Walid Cheddira,1193,12,3,25.0
Serie_A,2025,12008,33,3,0.45610421150922736,0.1338297426700592,0.6966917887330054,9.090909090909092,Nikola Krstovic,1781,16,1,6.25
Serie_A,2025,12030,38,8,0.2229809444397687,0.07235645130276673,0.5449831802397966,21.052631578947366,Tasos Douvikas,2279,20,1,5.0
Serie_A,2025,12367,28,2,0.162610288709402,0.06879667658358797,0.5727890694979576,7.142857142857142,Gift Orban,2055,22,1,4.545454545454546
Serie_A,2025,12378,29,10,0.0727855786681175,0.0,0.16466920915991048,34.48275862068966,Tijjani Noslin,1113,8,1,12.5
Serie_A,2025,12528,35,9,0.1111382655799388,0.00544190313667055,0.3131137639284133,25.71428571428571,Santiago Castro,2381,25,4,16.0
Serie_A,2025,12776,30,15,0.0089128967374563,0.0,0.12362479045987124,50.0,Jeff Ekhator,930,7,2,28.57142857142857
Serie_A,2025,12784,33,16,0.0200397726148366,0.0,0.1776166260242462,48.484848484848484,Ange-Yoan Bonny,1112,9,0,0.0
Serie_A,2025,12881,28,15,0.0,0.0,0.2499975506216287,53.57142857142857,Henrik Meister,1494,11,4,36.36363636363637
Serie_A,2025,13446,37,9,0.0696167945861816,0.0116546666249632,0.3854123353958128,24.324324324324326,Mateo Pellegrino,3012,33,8,24.242424242424242
Serie_A,2025,13453,16,4,0.13778422307223076,0.04756486415863035,0.3344155829399823,25.0,Santiago Giménez,905,10,1,10.0
Serie_A,2025,13930,22,13,0.0,0.0,0.14723805664107195,59.09090909090909,Semih Kiliçsoy,973,10,2,20.0
Serie_A,2025,13939,37,11,0.0802110740914939,0.0,0.1505194846540687,29.72972972972973,Stefano Moreo,2336,25,3,12.0
Serie_A,2025,13961,33,9,0.0822574393823742,0.0,0.1448407471179962,27.27272727272727,Giovane,1873,19,2,10.526315789473683
Serie_A,2025,13969,34,11,0.0546438563615083,0.0,0.15651357173919672,32.35294117647059,Nikola Stulic,1713,20,4,20.0
Serie_A,2025,14003,35,13,0.0872211791574954,0.0,0.4373138844966888,37.142857142857146,Francesco Pio Esposito,1535,13,0,0.0
Serie_A,2025,14417,14,3,0.18126563541591145,0.07734289078507564,0.40209808479994524,21.428571428571427,Kieron Bowie,1211,14,3,21.428571428571427
