driver_number,lap_number,location_rows
63,1,422
63,2,407
63,3,417
63,4,405
63,5,420
63,6,412
63,7,430
63,8,406
63,9,406
63,10,416
63,11,410
63,12,415
63,13,422
63,14,422
63,15,410
63,16,409
63,17,399
63,18,417
63,19,414
63,20,410
63,21,410
63,22,405
63,23,410
63,24,415
63,25,418
63,26,403
63,27,402
63,28,411
63,29,411
63,30,416
63,31,570
63,32,715
63,33,639
63,34,641
63,35,621
63,36,484
63,37,621
63,38,626
63,39,398
63,40,404
63,41,393
63,42,405
63,43,420
63,44,398
63,45,405
63,46,411
63,47,403
63,48,402
63,49,393
63,50,401
63,51,406
3,1,437
3,2,407
3,3,416
3,4,411
3,5,416
3,6,411
3,7,430
3,8,409
3,9,411
3,10,414
3,11,412
3,12,418
3,13,424
3,14,427
3,15,410
3,16,412
3,17,401
3,18,414
3,19,418
3,20,409
3,21,416
3,22,403
3,23,414
3,24,415
3,25,413
3,26,405
3,27,411
3,28,406
3,29,415
3,30,414
3,31,593
3,32,656
3,33,635
3,34,641
3,35,617
3,36,488
3,37,620
3,38,624
3,39,399
3,40,404
3,41,394
3,42,405
3,43,418
3,44,399
3,45,403
3,46,412
3,47,403
3,48,402
3,49,394
3,50,402
3,51,403
