stats_source,stats_complete,parsed_stat_count,match_id,match_url,team_side,team_name,opponent_side,opponent_name,attacking__possession,attacking__possession__in_contest,attacking__goal__total,attacking__goal__conceded,attacking__goal__inside_the_penalty_area,attacking__goal__outside_the_penalty_area,attacking__goal__assists,attacking__attempts_at_goal__total,attacking__attempts_at_goal__on_target,attacking__attempts_at_goal__off_target,attacking__attempts_at_goal__inside_the_penalty_area,attacking__attempts_at_goal__outside_the_penalty_area,attacking__final_third_entries__left_channel,attacking__final_third_entries__left_inside_channel,attacking__final_third_entries__central_channel,attacking__final_third_entries__right_inside_channel,attacking__final_third_entries__right_channel,attacking__offers_to_receive__total,attacking__offers_to_receive__in_behind,attacking__offers_to_receive__in_between,attacking__offers_to_receive__in_front,attacking__offers_to_receive__receptions_between_midfield_and_defensive_lines,attacking__offers_to_receive__receptions_behind_the_defensive_line,attacking__line_breaks__attempted_line_breaks,attacking__line_breaks__completed_line_breaks,attacking__line_breaks__attempted_defensive_line_breaks,attacking__line_breaks__completed_defensive_line_breaks,attacking__discipline__yellow_cards,attacking__discipline__red_cards,attacking__discipline__fouls_against,attacking__discipline__offsides,attacking__distribution__passes,attacking__distribution__passes_completed,attacking__distribution__crosses,attacking__distribution__crosses_completed,attacking__distribution__switches_of_play_completed,attacking__set_plays__corners,attacking__set_plays__free_kicks,attacking__set_plays__penalties_scored,defending__own_goals,defending__forced_turnovers,defending__pressing_applied
FIFA Official Stats,True,41,400021443,https://www.fifa.com/en/match-centre/match/17/285023/289273/400021443,home,Mexico,away,South Africa,57%,8% in contest,2,0,2,0,2,16,4,8,9,7,16,7,7,7,12,424,97,179,148,116,11,170,121,19,10,1,1,12,1,547,495,13,3,8,3,12,0,0,31,170
FIFA Official Stats,True,41,400021443,https://www.fifa.com/en/match-centre/match/17/285023/289273/400021443,away,South Africa,home,Mexico,36%,8% in contest,0,2,0,0,0,3,2,1,1,2,6,4,3,2,11,247,60,85,102,38,5,130,70,12,3,2,2,11,1,351,290,8,0,6,1,13,0,0,32,306
FIFA Official Stats,True,41,400021441,https://www.fifa.com/en/match-centre/match/17/285023/289273/400021441,home,Korea Republic,away,Czechia,55%,11% in contest,2,1,2,0,2,15,6,6,10,5,13,8,8,14,15,386,89,123,174,96,14,161,106,20,10,1,0,9,2,542,483,17,6,5,4,18,0,0,30,147
FIFA Official Stats,True,41,400021441,https://www.fifa.com/en/match-centre/match/17/285023/289273/400021441,away,Czechia,home,Korea Republic,34%,11% in contest,1,2,1,0,1,7,4,2,5,2,7,5,8,7,11,197,82,66,49,86,5,150,61,13,5,0,0,16,2,327,241,15,4,2,5,11,0,0,40,301
FIFA Official Stats,True,41,400021449,https://www.fifa.com/en/match-centre/match/17/285023/289273/400021449,home,Canada,away,Bosnia and Herzegovina,52%,20% in contest,1,1,1,0,1,13,4,6,10,3,22,15,9,5,23,294,128,114,52,119,15,190,110,31,16,2,0,10,1,412,316,30,5,2,9,20,0,0,50,160
FIFA Official Stats,True,41,400021449,https://www.fifa.com/en/match-centre/match/17/285023/289273/400021449,away,Bosnia and Herzegovina,home,Canada,29%,20% in contest,1,1,1,0,1,8,3,4,5,3,8,2,11,4,11,126,33,65,28,75,5,154,70,15,4,3,0,20,0,279,186,8,5,1,4,11,0,0,51,203
FIFA Official Stats,True,41,400021458,https://www.fifa.com/en/match-centre/match/17/285023/289273/400021458,home,USA,away,Paraguay,59%,13% in contest,4,1,3,0,3,16,6,6,13,3,30,9,12,6,27,471,127,203,141,159,21,223,163,38,25,1,0,13,2,602,520,23,5,4,3,18,0,0,50,204
FIFA Official Stats,True,41,400021458,https://www.fifa.com/en/match-centre/match/17/285023/289273/400021458,away,Paraguay,home,USA,28%,13% in contest,1,4,1,0,1,9,1,4,4,5,7,2,4,4,5,204,38,89,77,44,4,130,60,7,3,5,0,17,1,316,234,5,0,5,1,15,0,1,49,360
FIFA Official Stats,True,41,400021447,https://www.fifa.com/en/match-centre/match/17/285023/289273/400021447,home,Qatar,away,Switzerland,28%,15% in contest,1,1,0,0,0,6,3,2,4,2,11,4,2,0,8,216,61,95,60,47,5,150,68,16,2,2,0,12,0,289,213,8,1,4,3,12,0,0,36,294
FIFA Official Stats,True,41,400021447,https://www.fifa.com/en/match-centre/match/17/285023/289273/400021447,away,Switzerland,home,Qatar,58%,15% in contest,1,1,1,0,0,26,7,10,18,8,30,13,17,6,28,325,118,117,90,143,20,189,144,30,17,1,0,11,1,591,542,34,7,5,10,11,1,1,42,165
FIFA Official Stats,True,41,400021456,https://www.fifa.com/en/match-centre/match/17/285023/289273/400021456,home,Brazil,away,Morocco,46%,9% in contest,1,1,1,0,1,12,5,2,9,3,22,5,7,4,14,348,79,147,122,61,10,154,107,18,11,2,0,16,0,514,457,19,7,5,6,15,0,0,41,315
FIFA Official Stats,True,41,400021456,https://www.fifa.com/en/match-centre/match/17/285023/289273/400021456,away,Morocco,home,Brazil,45%,9% in contest,1,1,0,1,1,14,3,4,6,8,10,7,10,6,20,400,115,169,116,128,5,179,96,15,5,0,0,14,1,503,431,14,2,3,2,16,0,0,50,285
FIFA Official Stats,True,41,400021453,https://www.fifa.com/en/match-centre/match/17/285023/289273/400021453,home,Haiti,away,Scotland,51%,9% in contest,0,1,0,0,0,15,2,9,8,7,37,6,8,8,11,267,105,94,68,83,3,142,96,12,4,1,0,23,3,431,378,26,5,4,4,22,0,0,29,185
FIFA Official Stats,True,41,400021453,https://www.fifa.com/en/match-centre/match/17/285023/289273/400021453,away,Scotland,home,Haiti,40%,9% in contest,1,0,1,0,0,9,2,6,8,1,14,6,4,1,20,329,94,136,99,78,7,167,104,18,6,3,0,21,1,397,324,16,6,4,3,26,0,0,35,230
FIFA Official Stats,True,41,400021463,https://www.fifa.com/en/match-centre/match/17/285023/289273/400021463,home,Australia,away,Türkiye,27%,11% in contest,2,0,1,1,1,9,4,4,6,3,4,3,7,8,15,193,42,90,61,60,10,130,71,21,10,0,0,12,1,293,224,14,6,1,5,7,0,0,35,384
FIFA Official Stats,True,41,400021463,https://www.fifa.com/en/match-centre/match/17/285023/289273/400021463,away,Türkiye,home,Australia,62%,11% in contest,0,2,0,0,0,30,7,14,13,17,39,9,2,12,29,533,161,163,209,130,13,194,146,25,15,1,0,4,3,722,663,28,2,4,8,13,0,0,30,170
FIFA Official Stats,True,41,400021464,https://www.fifa.com/en/match-centre/match/17/285023/289273/400021464,home,Germany,away,Curaçao,57%,9% in contest,7,1,7,0,6,26,12,7,22,4,20,9,23,3,26,445,124,181,140,152,17,190,144,28,18,0,0,18,0,641,569,20,7,3,8,11,1,0,46,227
FIFA Official Stats,True,41,400021464,https://www.fifa.com/en/match-centre/match/17/285023/289273/400021464,away,Curaçao,home,Germany,35%,9% in contest,1,7,1,0,0,8,2,5,4,4,16,1,4,6,13,241,83,103,55,77,6,147,84,15,6,0,0,11,1,362,291,5,2,4,1,18,0,0,43,339
FIFA Official Stats,True,41,400021470,https://www.fifa.com/en/match-centre/match/17/285023/289273/400021470,home,Netherlands,away,Japan,54%,9% in contest,2,2,2,0,2,10,6,4,10,0,18,8,10,9,18,298,85,91,122,95,11,153,109,20,13,3,0,7,1,529,473,23,8,0,5,7,0,0,33,194
FIFA Official Stats,True,41,400021470,https://www.fifa.com/en/match-centre/match/17/285023/289273/400021470,away,Japan,home,Netherlands,37%,9% in contest,2,2,1,1,2,9,2,5,5,4,16,6,4,7,16,342,101,121,120,79,11,138,88,20,13,0,0,7,0,356,302,24,7,2,4,8,0,0,28,316
FIFA Official Stats,True,41,400021467,https://www.fifa.com/en/match-centre/match/17/285023/289273/400021467,home,Côte d'Ivoire,away,Ecuador,41%,10% in contest,1,0,1,0,1,15,4,8,8,7,11,7,6,2,25,333,87,174,72,102,8,177,132,18,11,3,0,10,0,471,413,15,3,1,3,13,0,0,44,288
FIFA Official Stats,True,41,400021467,https://www.fifa.com/en/match-centre/match/17/285023/289273/400021467,away,Ecuador,home,Côte d'Ivoire,49%,10% in contest,0,1,0,0,0,12,1,10,5,7,16,4,8,4,17,339,77,149,113,113,7,191,124,20,8,1,0,13,0,513,438,14,3,2,5,10,0,0,49,280
FIFA Official Stats,True,41,400021474,https://www.fifa.com/en/match-centre/match/17/285023/289273/400021474,home,Sweden,away,Tunisia,47%,11% in contest,5,1,3,2,4,13,7,4,10,3,19,3,8,3,23,250,62,85,103,77,14,161,92,24,13,0,0,10,3,356,290,12,3,5,4,14,0,0,42,172
FIFA Official Stats,True,41,400021474,https://www.fifa.com/en/match-centre/match/17/285023/289273/400021474,away,Tunisia,home,Sweden,42%,11% in contest,1,5,1,0,1,6,2,2,2,4,10,3,9,9,11,362,97,192,73,81,5,153,89,16,5,1,0,8,6,370,299,13,3,8,2,13,0,0,41,223
FIFA Official Stats,True,41,400021482,https://www.fifa.com/en/match-centre/match/17/285023/289273/400021482,home,Spain,away,Cabo Verde,65%,10% in contest,0,0,0,0,0,27,7,11,16,11,36,13,18,14,38,634,194,172,268,181,29,210,176,34,28,1,0,10,2,811,755,39,8,8,11,4,0,0,53,200
FIFA Official Stats,True,41,400021482,https://www.fifa.com/en/match-centre/match/17/285023/289273/400021482,away,Cabo Verde,home,Spain,25%,10% in contest,0,0,0,0,0,6,1,4,2,4,6,0,3,0,3,238,54,115,69,45,1,132,64,12,1,1,0,1,3,306,227,3,2,2,1,12,0,0,47,398
Live Statistics,False,24,400021478,https://www.fifa.com/en/match-centre/match/17/285023/289273/400021478,home,Belgium,away,Egypt,52%,10% in contest,1,1,0,0,0,15,3,8,9,6,,,,,,,,,,,,,,,,2,0,15,0,476,404,14,5,,2,16,0,0,27,
Live Statistics,False,24,400021478,https://www.fifa.com/en/match-centre/match/17/285023/289273/400021478,away,Egypt,home,Belgium,38%,10% in contest,1,1,0,1,1,14,3,6,7,7,,,,,,,,,,,,,,,,2,0,15,1,413,330,13,2,,7,15,0,1,28,
FIFA Official Stats,True,41,400021486,https://www.fifa.com/en/match-centre/match/17/285023/289273/400021486,home,Saudi Arabia,away,Uruguay,27%,10% in contest,1,1,1,0,0,7,3,3,3,4,5,4,5,1,6,201,51,99,51,79,5,134,61,13,3,1,0,11,0,331,243,6,2,2,4,12,0,0,44,318
FIFA Official Stats,True,41,400021486,https://www.fifa.com/en/match-centre/match/17/285023/289273/400021486,away,Uruguay,home,Saudi Arabia,63%,10% in contest,1,1,1,0,0,27,10,9,16,11,22,12,14,3,25,538,186,174,178,121,15,192,155,21,16,0,0,6,6,623,566,42,12,6,14,11,0,0,39,157
FIFA Official Stats,True,41,400021476,https://www.fifa.com/en/match-centre/match/17/285023/289273/400021476,home,IR Iran,away,New Zealand,43%,12% in contest,2,2,2,0,1,17,4,7,10,7,18,7,7,7,10,355,90,126,139,79,17,166,94,24,15,1,0,10,2,417,333,18,4,4,4,8,0,0,46,253
FIFA Official Stats,True,41,400021476,https://www.fifa.com/en/match-centre/match/17/285023/289273/400021476,away,New Zealand,home,IR Iran,45%,12% in contest,2,2,2,0,2,14,8,3,10,4,15,7,9,1,11,396,88,180,128,118,3,144,108,8,3,0,0,8,0,448,378,11,2,1,1,11,0,0,47,234
FIFA Official Stats,True,41,400021490,https://www.fifa.com/en/match-centre/match/17/285023/289273/400021490,home,France,away,Senegal,49%,7% in contest,3,1,2,1,2,11,8,1,7,4,26,3,9,6,15,373,106,114,153,87,10,202,138,24,11,0,0,5,1,584,516,9,0,4,6,12,0,0,54,277
FIFA Official Stats,True,41,400021490,https://www.fifa.com/en/match-centre/match/17/285023/289273/400021490,away,Senegal,home,France,44%,7% in contest,1,3,1,0,1,6,2,3,4,2,9,5,4,9,19,350,106,140,104,84,11,194,127,20,11,0,0,9,3,521,453,11,2,8,4,6,0,0,39,308
FIFA Official Stats,True,41,400021488,https://www.fifa.com/en/match-centre/match/17/285023/289273/400021488,home,Iraq,away,Norway,34%,10% in contest,1,4,1,0,1,11,1,9,8,3,10,5,6,3,6,310,108,123,79,64,12,146,82,21,11,1,0,12,1,347,286,9,3,4,2,13,0,1,42,288
FIFA Official Stats,True,41,400021488,https://www.fifa.com/en/match-centre/match/17/285023/289273/400021488,away,Norway,home,Iraq,57%,10% in contest,4,1,3,0,2,11,5,5,10,1,17,6,9,7,18,355,73,133,149,90,17,189,136,30,16,0,0,13,0,548,493,17,6,3,5,13,0,0,31,173
FIFA Official Stats,True,41,400021496,https://www.fifa.com/en/match-centre/match/17/285023/289273/400021496,home,Argentina,away,Algeria,44%,6% in contest,3,0,1,2,2,10,6,3,3,7,14,5,8,6,5,421,81,175,165,84,8,158,115,11,8,0,0,13,3,578,517,5,1,2,2,8,0,0,46,288
FIFA Official Stats,True,41,400021496,https://www.fifa.com/en/match-centre/match/17/285023/289273/400021496,away,Algeria,home,Argentina,50%,6% in contest,0,3,0,0,0,7,1,4,3,4,24,10,8,8,13,472,101,221,150,88,6,159,127,13,7,0,0,8,1,634,578,8,0,5,2,16,0,0,40,332
FIFA Official Stats,True,41,400021498,https://www.fifa.com/en/match-centre/match/17/285023/289273/400021498,home,Austria,away,Jordan,53%,14% in contest,3,1,1,1,1,10,4,4,5,5,26,10,10,8,14,468,111,201,156,116,15,197,134,20,14,1,0,12,3,587,499,17,4,2,4,7,1,0,54,206
FIFA Official Stats,True,41,400021498,https://www.fifa.com/en/match-centre/match/17/285023/289273/400021498,away,Jordan,home,Austria,33%,14% in contest,1,3,1,0,1,11,4,4,7,4,18,3,3,3,13,295,92,117,86,79,5,153,77,11,4,0,0,7,1,344,254,15,4,5,3,15,0,1,55,322
FIFA Official Stats,True,41,400021502,https://www.fifa.com/en/match-centre/match/17/285023/289273/400021502,home,Portugal,away,Congo DR,68%,7% in contest,1,1,1,0,1,7,1,4,5,2,31,4,1,3,30,491,167,173,151,144,19,225,171,28,18,3,0,9,3,804,740,23,6,12,5,12,0,0,29,183
FIFA Official Stats,True,41,400021502,https://www.fifa.com/en/match-centre/match/17/285023/289273/400021502,away,Congo DR,home,Portugal,25%,7% in contest,1,1,1,0,1,8,2,5,2,6,6,7,3,6,12,253,77,106,70,73,3,141,65,19,4,1,0,10,2,268,214,10,1,3,4,12,0,0,42,407
FIFA Official Stats,True,41,400021507,https://www.fifa.com/en/match-centre/match/17/285023/289273/400021507,home,England,away,Croatia,48%,9% in contest,4,2,4,0,3,22,11,5,20,2,8,4,8,1,16,399,98,148,153,82,12,153,94,22,11,0,0,10,0,482,421,15,8,0,8,12,1,0,36,262
FIFA Official Stats,True,41,400021507,https://www.fifa.com/en/match-centre/match/17/285023/289273/400021507,away,Croatia,home,England,43%,9% in contest,2,4,1,1,2,10,5,3,4,6,13,4,9,3,8,280,81,112,87,79,7,160,99,19,8,0,0,12,1,459,399,12,2,3,2,10,0,0,35,295
FIFA Official Stats,True,41,400021510,https://www.fifa.com/en/match-centre/match/17/285023/289273/400021510,home,Ghana,away,Panama,35%,10% in contest,1,0,1,0,1,7,2,3,6,1,17,5,5,5,17,226,76,69,81,77,13,146,94,20,12,1,0,9,4,362,304,17,6,7,2,12,0,0,49,294
FIFA Official Stats,True,41,400021510,https://www.fifa.com/en/match-centre/match/17/285023/289273/400021510,away,Panama,home,Ghana,55%,10% in contest,0,1,0,0,0,11,4,4,6,5,26,3,5,5,14,424,95,182,147,85,9,213,123,19,8,2,0,11,1,597,526,21,3,11,2,13,0,0,48,201
FIFA Official Stats,True,41,400021504,https://www.fifa.com/en/match-centre/match/17/285023/289273/400021504,home,Uzbekistan,away,Colombia,33%,11% in contest,1,3,1,0,0,8,2,3,4,4,13,9,1,5,5,289,66,139,84,63,6,157,87,17,6,1,0,14,0,334,267,11,2,7,3,14,0,0,32,264
FIFA Official Stats,True,41,400021504,https://www.fifa.com/en/match-centre/match/17/285023/289273/400021504,away,Colombia,home,Uzbekistan,56%,11% in contest,3,1,3,0,3,15,4,7,9,6,15,7,11,3,15,461,116,175,170,88,5,155,81,21,3,1,0,11,3,534,469,18,6,8,4,14,0,0,31,160
FIFA Official Stats,True,41,400021440,https://www.fifa.com/en/match-centre/match/17/285023/289273/400021440,home,Czechia,away,South Africa,32%,8% in contest,1,1,1,0,1,14,3,5,11,3,18,7,7,3,7,261,76,119,66,89,7,174,105,17,6,1,0,12,2,352,279,15,8,4,5,13,0,0,41,343
FIFA Official Stats,True,41,400021440,https://www.fifa.com/en/match-centre/match/17/285023/289273/400021440,away,South Africa,home,Czechia,60%,8% in contest,1,1,1,0,0,17,4,6,6,11,14,8,7,10,15,472,138,181,153,95,8,193,127,14,8,2,0,10,3,584,518,16,3,6,5,13,1,0,44,233
FIFA Official Stats,True,41,400021446,https://www.fifa.com/en/match-centre/match/17/285023/289273/400021446,home,Switzerland,away,Bosnia and Herzegovina,57%,10% in contest,4,1,4,0,2,13,7,6,9,4,29,14,9,6,10,464,147,173,144,109,18,206,136,27,18,1,0,7,3,601,531,24,1,6,7,18,1,0,46,234
FIFA Official Stats,True,41,400021446,https://www.fifa.com/en/match-centre/match/17/285023/289273/400021446,away,Bosnia and Herzegovina,home,Switzerland,34%,10% in contest,1,4,1,0,0,5,3,0,3,2,17,2,2,1,5,205,49,82,74,57,5,155,77,16,6,2,1,17,1,359,289,14,1,3,3,10,0,0,42,339
FIFA Official Stats,True,41,400021450,https://www.fifa.com/en/match-centre/match/17/285023/289273/400021450,home,Canada,away,Qatar,65%,15% in contest,6,0,4,1,1,33,11,10,21,12,20,5,15,11,37,502,158,138,206,150,29,172,148,28,23,1,0,9,1,575,535,61,15,3,19,11,0,0,31,107
FIFA Official Stats,True,41,400021450,https://www.fifa.com/en/match-centre/match/17/285023/289273/400021450,away,Qatar,home,Canada,20%,15% in contest,0,6,0,0,0,2,0,2,1,1,4,1,0,1,4,94,25,41,28,26,3,102,31,17,3,1,2,10,1,166,107,2,1,0,1,10,0,1,23,274
FIFA Official Stats,True,41,400021442,https://www.fifa.com/en/match-centre/match/17/285023/289273/400021442,home,Mexico,away,Korea Republic,40%,9% in contest,1,0,1,0,0,8,4,3,5,3,11,3,7,2,3,456,115,192,149,84,4,173,90,19,4,0,0,9,3,432,360,5,3,1,0,13,0,0,46,265
FIFA Official Stats,True,41,400021442,https://www.fifa.com/en/match-centre/match/17/285023/289273/400021442,away,Korea Republic,home,Mexico,51%,9% in contest,0,1,0,0,0,9,2,4,6,3,16,4,5,3,13,381,79,126,176,73,10,182,92,21,9,2,0,7,6,593,510,8,4,4,2,12,0,0,48,217
FIFA Official Stats,True,41,400021462,https://www.fifa.com/en/match-centre/match/17/285023/289273/400021462,home,USA,away,Australia,55%,15% in contest,2,0,1,0,0,10,2,3,8,2,25,3,7,6,17,347,93,122,132,85,16,186,121,27,17,3,0,12,1,531,465,15,4,5,7,16,0,0,39,167
FIFA Official Stats,True,41,400021462,https://www.fifa.com/en/match-centre/match/17/285023/289273/400021462,away,Australia,home,USA,30%,15% in contest,0,2,0,0,0,5,2,3,3,2,8,3,4,2,22,158,53,67,38,75,10,135,74,18,11,4,0,16,0,308,238,20,4,4,4,13,0,1,40,262
FIFA Official Stats,True,41,400021454,https://www.fifa.com/en/match-centre/match/17/285023/289273/400021454,home,Scotland,away,Morocco,39%,7% in contest,0,1,0,0,0,6,0,4,5,1,11,4,7,7,14,354,67,118,169,72,2,154,102,15,5,1,0,11,1,460,403,13,2,5,2,8,0,0,39,304
FIFA Official Stats,True,41,400021454,https://www.fifa.com/en/match-centre/match/17/285023/289273/400021454,away,Morocco,home,Scotland,54%,7% in contest,1,0,1,0,1,12,2,6,9,3,16,4,4,7,14,460,104,129,227,87,10,164,95,18,8,1,0,8,0,676,612,13,3,3,5,11,0,0,40,260
FIFA Official Stats,True,41,400021457,https://www.fifa.com/en/match-centre/match/17/285023/289273/400021457,home,Brazil,away,Haiti,49%,8% in contest,3,0,3,0,2,7,4,2,6,1,10,9,8,7,10,437,123,193,121,97,14,180,131,23,13,1,0,13,8,551,484,11,3,5,4,18,0,0,39,195
FIFA Official Stats,True,41,400021457,https://www.fifa.com/en/match-centre/match/17/285023/289273/400021457,away,Haiti,home,Brazil,43%,8% in contest,0,3,0,0,0,7,3,3,4,3,20,5,7,4,14,402,110,170,122,75,9,164,104,20,10,3,0,14,4,402,338,13,3,8,4,21,0,0,34,294
FIFA Official Stats,True,41,400021460,https://www.fifa.com/en/match-centre/match/17/285023/289273/400021460,home,Türkiye,away,Paraguay,67%,14% in contest,0,1,0,0,0,32,5,17,17,15,45,13,12,17,32,467,163,156,148,154,17,239,179,27,17,1,0,14,2,666,594,45,9,9,12,18,0,0,41,101
FIFA Official Stats,True,41,400021460,https://www.fifa.com/en/match-centre/match/17/285023/289273/400021460,away,Paraguay,home,Türkiye,19%,14% in contest,1,0,0,1,1,7,2,2,3,4,7,5,5,2,8,97,32,51,14,66,4,119,57,12,3,1,1,15,3,171,92,9,2,1,0,16,0,0,50,367
FIFA Official Stats,True,41,400021472,https://www.fifa.com/en/match-centre/match/17/285023/289273/400021472,home,Netherlands,away,Sweden,48%,9% in contest,5,1,4,1,5,10,7,2,6,4,19,5,8,12,12,314,133,102,79,79,15,163,120,20,14,0,0,9,3,447,398,19,4,3,2,15,0,0,47,232
FIFA Official Stats,True,41,400021472,https://www.fifa.com/en/match-centre/match/17/285023/289273/400021472,away,Sweden,home,Netherlands,43%,9% in contest,1,5,1,0,1,16,8,5,8,8,8,5,13,8,15,333,92,149,92,108,12,168,110,17,12,3,0,12,3,438,377,23,3,2,5,12,0,0,37,228
FIFA Official Stats,True,41,400021469,https://www.fifa.com/en/match-centre/match/17/285023/289273/400021469,home,Germany,away,Côte d'Ivoire,49%,10% in contest,2,1,2,0,2,16,7,7,9,7,28,10,6,4,28,328,102,108,118,136,12,190,151,22,13,0,0,5,0,634,578,20,4,4,8,8,0,0,47,293
FIFA Official Stats,True,41,400021469,https://www.fifa.com/en/match-centre/match/17/285023/289273/400021469,away,Côte d'Ivoire,home,Germany,41%,10% in contest,1,2,1,0,0,9,2,2,5,4,20,2,3,9,11,263,69,121,73,91,9,157,111,12,9,0,0,7,1,449,387,12,4,2,3,5,0,0,43,316
FIFA Official Stats,True,41,400021465,https://www.fifa.com/en/match-centre/match/17/285023/289273/400021465,home,Ecuador,away,Curaçao,65%,12% in contest,0,0,0,0,0,27,15,9,20,7,36,9,12,8,23,474,113,201,160,149,19,208,152,31,19,1,0,7,1,663,601,33,12,1,9,12,0,0,43,155
FIFA Official Stats,True,41,400021465,https://www.fifa.com/en/match-centre/match/17/285023/289273/400021465,away,Curaçao,home,Ecuador,23%,12% in contest,0,0,0,0,0,10,3,5,4,6,7,5,4,5,6,153,48,70,35,72,2,140,63,9,1,5,0,10,2,237,167,1,0,1,0,8,0,0,35,345
FIFA Official Stats,True,41,400021475,https://www.fifa.com/en/match-centre/match/17/285023/289273/400021475,home,Tunisia,away,Japan,36%,9% in contest,0,4,0,0,0,2,0,1,1,1,14,1,7,4,8,320,74,132,114,46,8,142,73,13,6,0,0,8,1,376,305,9,1,3,3,16,0,0,34,233
FIFA Official Stats,True,41,400021475,https://www.fifa.com/en/match-centre/match/17/285023/289273/400021475,away,Japan,home,Tunisia,55%,9% in contest,4,0,3,1,4,10,4,4,5,5,17,2,10,6,35,510,123,168,219,84,10,145,103,16,10,0,0,15,1,593,535,12,3,0,5,9,0,0,35,219
FIFA Official Stats,True,41,400021483,https://www.fifa.com/en/match-centre/match/17/285023/289273/400021483,home,Spain,away,Saudi Arabia,63%,9% in contest,4,0,3,0,3,22,8,12,13,9,31,14,7,10,19,545,190,167,188,174,20,234,188,27,18,0,0,10,2,743,688,28,7,9,6,5,0,0,44,214
FIFA Official Stats,True,41,400021483,https://www.fifa.com/en/match-centre/match/17/285023/289273/400021483,away,Saudi Arabia,home,Spain,29%,9% in contest,0,4,0,0,0,3,2,1,0,3,9,3,1,2,14,243,64,108,71,80,6,152,90,18,7,2,0,2,3,389,309,4,0,3,1,12,0,1,42,413
FIFA Official Stats,True,41,400021477,https://www.fifa.com/en/match-centre/match/17/285023/289273/400021477,home,Belgium,away,IR Iran,59%,11% in contest,0,0,0,0,0,23,7,9,18,5,30,15,10,9,24,512,178,154,180,136,11,207,139,23,11,1,1,7,3,637,562,35,8,4,4,13,0,0,45,121
FIFA Official Stats,True,41,400021477,https://www.fifa.com/en/match-centre/match/17/285023/289273/400021477,away,IR Iran,home,Belgium,30%,11% in contest,0,0,0,0,0,7,3,3,6,1,9,4,4,3,4,170,64,46,60,62,4,126,42,13,3,1,0,9,4,275,201,11,2,2,2,10,0,0,43,343
FIFA Official Stats,True,41,400021487,https://www.fifa.com/en/match-centre/match/17/285023/289273/400021487,home,Uruguay,away,Cabo Verde,54%,13% in contest,2,2,2,0,1,17,2,13,9,8,22,15,14,12,21,381,150,110,121,99,16,169,112,28,16,2,0,11,3,517,444,27,5,6,11,4,0,0,41,198
FIFA Official Stats,True,41,400021487,https://www.fifa.com/en/match-centre/match/17/285023/289273/400021487,away,Cabo Verde,home,Uruguay,33%,13% in contest,2,2,0,2,0,12,4,3,3,9,13,5,6,2,4,255,56,108,91,55,2,147,71,10,2,2,0,4,0,293,218,8,2,2,4,13,0,0,46,233
FIFA Official Stats,True,41,400021480,https://www.fifa.com/en/match-centre/match/17/285023/289273/400021480,home,New Zealand,away,Egypt,39%,11% in contest,1,3,1,0,1,11,5,2,6,5,18,6,7,2,15,353,92,167,94,92,6,183,104,22,4,2,0,14,3,437,355,13,4,2,4,8,0,0,39,289
FIFA Official Stats,True,41,400021480,https://www.fifa.com/en/match-centre/match/17/285023/289273/400021480,away,Egypt,home,New Zealand,50%,11% in contest,3,1,3,0,3,19,7,8,12,7,22,11,7,8,25,423,97,150,176,125,10,195,126,23,9,1,0,8,0,544,486,20,6,15,3,17,0,0,51,249
FIFA Official Stats,True,41,400021494,https://www.fifa.com/en/match-centre/match/17/285023/289273/400021494,home,Argentina,away,Austria,48%,9% in contest,2,0,2,0,1,12,5,4,10,2,17,9,9,2,13,336,83,134,119,93,7,138,99,13,6,2,0,13,2,564,509,6,2,3,1,12,0,0,41,229
FIFA Official Stats,True,41,400021494,https://www.fifa.com/en/match-centre/match/17/285023/289273/400021494,away,Austria,home,Argentina,43%,9% in contest,0,2,0,0,0,6,1,4,4,2,21,10,11,6,11,311,92,116,103,97,13,163,105,24,13,2,0,13,0,475,416,18,3,3,3,15,0,0,31,299
FIFA Official Stats,True,41,400021492,https://www.fifa.com/en/match-centre/match/17/285023/289273/400021492,home,France,away,Iraq,49%,7% in contest,3,0,2,1,3,19,5,10,12,7,30,8,7,7,23,362,100,107,155,130,18,184,143,28,21,0,0,8,1,604,553,19,2,2,4,4,0,0,42,257
FIFA Official Stats,True,41,400021492,https://www.fifa.com/en/match-centre/match/17/285023/289273/400021492,away,Iraq,home,France,44%,7% in contest,0,3,0,0,0,4,0,3,3,1,10,4,2,3,8,482,142,200,140,64,6,171,101,14,6,1,0,4,0,502,431,10,4,4,2,9,0,0,37,304
FIFA Official Stats,True,41,400021491,https://www.fifa.com/en/match-centre/match/17/285023/289273/400021491,home,Norway,away,Senegal,40%,9% in contest,3,2,3,0,2,13,7,3,11,2,6,3,7,7,20,306,64,149,93,100,7,134,76,15,5,0,0,13,0,361,295,11,4,0,5,9,0,0,32,224
FIFA Official Stats,True,41,400021491,https://www.fifa.com/en/match-centre/match/17/285023/289273/400021491,away,Senegal,home,Norway,51%,9% in contest,2,3,2,0,2,16,4,7,10,6,27,6,9,4,14,352,114,106,132,108,10,162,116,21,12,0,0,5,4,504,447,23,9,11,4,13,0,0,36,233
FIFA Official Stats,True,41,400021499,https://www.fifa.com/en/match-centre/match/17/285023/289273/400021499,home,Jordan,away,Algeria,27%,11% in contest,1,2,1,0,1,8,4,3,4,4,10,4,3,4,18,196,53,96,47,57,12,160,89,20,12,1,0,11,1,270,201,7,2,3,1,6,0,0,47,355
FIFA Official Stats,True,41,400021499,https://www.fifa.com/en/match-centre/match/17/285023/289273/400021499,away,Algeria,home,Jordan,62%,11% in contest,2,1,2,0,1,17,8,5,12,5,27,9,10,11,34,468,147,177,144,112,20,179,118,31,19,1,0,6,0,661,590,20,4,6,10,12,0,0,55,199
FIFA Official Stats,True,41,400021503,https://www.fifa.com/en/match-centre/match/17/285023/289273/400021503,home,Portugal,away,Uzbekistan,56%,10% in contest,5,0,3,1,2,17,9,5,12,5,24,10,11,13,20,438,132,181,125,136,18,214,158,32,19,1,0,14,2,639,577,24,7,2,3,17,0,0,37,197
FIFA Official Stats,True,41,400021503,https://www.fifa.com/en/match-centre/match/17/285023/289273/400021503,away,Uzbekistan,home,Portugal,34%,10% in contest,0,5,0,0,0,7,2,3,4,3,3,6,7,5,13,282,61,137,84,80,4,137,70,13,3,1,0,15,2,347,278,8,0,1,2,16,0,1,49,338
FIFA Official Stats,True,41,400021506,https://www.fifa.com/en/match-centre/match/17/285023/289273/400021506,home,England,away,Ghana,72%,8% in contest,0,0,0,0,0,19,3,12,14,5,31,5,11,8,30,489,119,173,197,91,14,172,127,23,16,1,0,14,2,652,605,32,8,6,9,26,0,0,25,105
FIFA Official Stats,True,41,400021506,https://www.fifa.com/en/match-centre/match/17/285023/289273/400021506,away,Ghana,home,England,20%,8% in contest,0,0,0,0,0,2,0,0,2,0,6,1,0,2,7,94,40,21,33,36,8,106,52,14,6,1,0,24,2,179,128,5,0,4,2,16,0,0,31,298
FIFA Official Stats,True,41,400021511,https://www.fifa.com/en/match-centre/match/17/285023/289273/400021511,home,Panama,away,Croatia,37%,11% in contest,0,1,0,0,0,8,1,4,6,2,19,5,3,7,20,274,75,107,92,93,13,168,99,16,10,1,0,19,1,356,282,27,6,5,7,14,0,0,44,269
FIFA Official Stats,True,41,400021511,https://www.fifa.com/en/match-centre/match/17/285023/289273/400021511,away,Croatia,home,Panama,52%,11% in contest,1,0,1,0,1,6,2,4,4,2,15,7,4,4,20,341,141,82,118,83,15,162,96,28,16,1,0,12,2,518,445,18,4,4,2,20,0,0,47,236
FIFA Official Stats,True,41,400021501,https://www.fifa.com/en/match-centre/match/17/285023/289273/400021501,home,Colombia,away,Congo DR,58%,11% in contest,1,0,1,0,1,20,9,6,11,9,24,5,10,5,10,453,136,176,141,98,14,167,121,20,10,2,0,12,7,548,475,14,2,15,5,16,0,0,40,155
FIFA Official Stats,True,41,400021501,https://www.fifa.com/en/match-centre/match/17/285023/289273/400021501,away,Congo DR,home,Colombia,32%,11% in contest,0,1,0,0,0,7,1,4,3,4,13,0,8,1,6,268,63,139,66,58,4,138,63,13,6,1,0,16,0,315,236,13,4,2,4,19,0,0,40,300
FIFA Official Stats,True,41,400021451,https://www.fifa.com/en/match-centre/match/17/285023/289273/400021451,home,Switzerland,away,Canada,48%,12% in contest,2,1,2,0,2,6,4,1,5,1,12,3,4,6,9,274,72,117,85,65,8,197,115,19,6,1,0,19,1,471,389,8,1,8,2,15,0,0,49,216
FIFA Official Stats,True,41,400021451,https://www.fifa.com/en/match-centre/match/17/285023/289273/400021451,away,Canada,home,Switzerland,40%,12% in contest,1,2,1,0,1,13,7,6,11,2,19,9,8,8,19,248,92,86,70,91,8,165,102,16,7,2,0,13,3,353,275,26,8,8,7,20,0,0,50,299
FIFA Official Stats,True,41,400021448,https://www.fifa.com/en/match-centre/match/17/285023/289273/400021448,home,Bosnia and Herzegovina,away,Qatar,48%,10% in contest,3,1,1,1,2,14,5,6,4,10,17,5,14,0,20,369,110,128,131,72,8,156,109,13,8,1,0,9,1,521,461,25,3,4,5,17,0,0,43,248
FIFA Official Stats,True,41,400021448,https://www.fifa.com/en/match-centre/match/17/285023/289273/400021448,away,Qatar,home,Bosnia and Herzegovina,42%,10% in contest,1,3,1,0,1,9,3,6,5,4,16,3,6,8,9,333,83,149,101,73,14,209,113,38,14,1,0,14,3,457,388,18,8,6,5,10,0,1,42,264
FIFA Official Stats,True,41,400021455,https://www.fifa.com/en/match-centre/match/17/285023/289273/400021455,home,Scotland,away,Brazil,42%,7% in contest,0,3,0,0,0,14,5,2,10,4,16,7,6,12,16,357,70,146,141,80,6,168,113,12,7,1,0,10,0,520,466,24,10,3,7,11,0,0,33,241
FIFA Official Stats,True,41,400021455,https://www.fifa.com/en/match-centre/match/17/285023/289273/400021455,away,Brazil,home,Scotland,51%,7% in contest,3,0,3,0,3,21,9,7,14,7,25,10,11,10,18,383,88,146,149,98,12,165,122,18,9,2,0,11,1,615,571,13,4,0,6,10,0,0,28,227
FIFA Official Stats,True,41,400021452,https://www.fifa.com/en/match-centre/match/17/285023/289273/400021452,home,Morocco,away,Haiti,60%,9% in contest,4,2,4,0,3,22,11,5,15,7,15,5,10,2,22,516,153,200,163,114,22,192,157,26,19,1,0,10,5,557,495,31,12,8,9,18,0,1,38,172
FIFA Official Stats,True,41,400021452,https://www.fifa.com/en/match-centre/match/17/285023/289273/400021452,away,Haiti,home,Morocco,31%,9% in contest,2,4,0,1,1,9,2,3,4,5,9,5,6,3,3,165,37,85,43,54,1,117,65,10,3,2,0,18,0,265,212,3,2,1,1,15,0,0,50,331
FIFA Official Stats,True,41,400021444,https://www.fifa.com/en/match-centre/match/17/285023/289273/400021444,home,Czechia,away,Mexico,44%,10% in contest,0,3,0,0,0,13,1,8,6,7,13,5,10,1,17,282,74,120,88,70,7,163,100,15,6,0,0,9,1,423,352,20,4,3,5,13,0,0,38,213
FIFA Official Stats,True,41,400021444,https://www.fifa.com/en/match-centre/match/17/285023/289273/400021444,away,Mexico,home,Czechia,46%,10% in contest,3,0,3,0,3,11,5,4,9,2,11,3,11,3,15,444,109,199,136,95,6,142,85,14,5,1,0,13,0,394,340,14,2,4,1,10,0,0,35,233
FIFA Official Stats,True,41,400021445,https://www.fifa.com/en/match-centre/match/17/285023/289273/400021445,home,South Africa,away,Korea Republic,30%,10% in contest,1,0,1,0,1,13,4,7,5,8,9,3,7,9,7,189,58,88,43,74,3,154,83,12,2,1,0,7,3,345,279,7,1,5,4,9,0,0,40,321
FIFA Official Stats,True,41,400021445,https://www.fifa.com/en/match-centre/match/17/285023/289273/400021445,away,Korea Republic,home,South Africa,60%,10% in contest,0,1,0,0,0,8,3,3,5,3,33,5,8,7,29,434,99,178,157,105,16,184,145,24,20,1,0,9,0,718,657,39,8,9,6,10,0,0,28,199
FIFA Official Stats,True,41,400021468,https://www.fifa.com/en/match-centre/match/17/285023/289273/400021468,home,Curaçao,away,Côte d'Ivoire,37%,8% in contest,0,2,0,0,0,11,2,8,6,5,13,7,6,5,7,227,58,116,53,79,9,136,93,16,9,2,0,11,2,369,312,15,4,2,4,7,0,0,43,299
FIFA Official Stats,True,41,400021468,https://www.fifa.com/en/match-centre/match/17/285023/289273/400021468,away,Côte d'Ivoire,home,Curaçao,55%,8% in contest,2,0,2,0,2,7,3,3,7,0,13,6,1,10,18,250,81,97,72,129,12,200,135,27,9,1,0,6,1,644,574,18,4,3,6,13,0,0,44,201
FIFA Official Stats,True,41,400021466,https://www.fifa.com/en/match-centre/match/17/285023/289273/400021466,home,Ecuador,away,Germany,39%,10% in contest,2,1,1,1,2,7,3,3,5,2,19,8,6,3,17,252,56,85,111,85,8,147,78,23,7,3,0,15,0,389,325,14,4,2,3,10,0,0,49,299
FIFA Official Stats,True,41,400021466,https://www.fifa.com/en/match-centre/match/17/285023/289273/400021466,away,Germany,home,Ecuador,51%,10% in contest,1,2,1,0,1,11,3,5,6,5,16,9,11,5,20,340,73,165,102,105,5,188,129,13,4,1,0,10,0,612,537,16,4,1,2,15,0,0,51,231
FIFA Official Stats,True,41,400021471,https://www.fifa.com/en/match-centre/match/17/285023/289273/400021471,home,Japan,away,Sweden,44%,12% in contest,1,1,1,0,1,8,3,4,4,4,16,5,2,7,13,320,104,135,81,90,6,163,91,22,7,1,0,20,3,454,381,14,4,2,2,13,0,0,42,221
FIFA Official Stats,True,41,400021471,https://www.fifa.com/en/match-centre/match/17/285023/289273/400021471,away,Sweden,home,Japan,44%,12% in contest,1,1,0,1,1,11,5,5,6,5,10,6,12,8,16,232,73,86,73,75,3,159,86,10,3,2,0,11,2,410,330,16,4,3,8,23,0,0,37,201
FIFA Official Stats,True,41,400021473,https://www.fifa.com/en/match-centre/match/17/285023/289273/400021473,home,Tunisia,away,Netherlands,27%,9% in contest,1,3,1,0,1,10,4,5,3,7,4,3,6,3,12,318,116,124,78,69,5,110,65,11,4,0,0,11,2,265,208,13,4,4,4,11,0,1,34,346
FIFA Official Stats,True,41,400021473,https://www.fifa.com/en/match-centre/match/17/285023/289273/400021473,away,Netherlands,home,Tunisia,64%,9% in contest,3,1,2,0,2,20,7,7,15,5,20,8,19,17,42,391,117,123,151,138,16,173,130,27,16,0,0,10,1,668,619,27,7,3,6,13,0,0,34,173
FIFA Official Stats,True,41,400021459,https://www.fifa.com/en/match-centre/match/17/285023/289273/400021459,home,Türkiye,away,USA,42%,10% in contest,3,2,3,0,2,8,2,4,7,1,10,7,1,5,25,275,85,109,81,94,11,193,100,23,13,0,0,13,2,456,353,11,1,9,2,18,0,0,50,219
FIFA Official Stats,True,41,400021459,https://www.fifa.com/en/match-centre/match/17/285023/289273/400021459,away,USA,home,Türkiye,48%,10% in contest,2,3,1,1,1,18,7,6,15,3,22,7,8,9,14,389,117,149,123,116,15,177,110,24,14,1,0,13,5,495,424,20,7,4,9,15,0,0,47,267
FIFA Official Stats,True,41,400021461,https://www.fifa.com/en/match-centre/match/17/285023/289273/400021461,home,Paraguay,away,Australia,42%,12% in contest,0,0,0,0,0,7,2,4,3,4,18,6,3,4,10,233,58,67,108,29,3,142,60,10,3,1,0,9,0,418,345,7,0,4,1,6,0,0,51,284
FIFA Official Stats,True,41,400021461,https://www.fifa.com/en/match-centre/match/17/285023/289273/400021461,away,Australia,home,Paraguay,46%,12% in contest,0,0,0,0,0,12,5,5,7,5,12,2,6,7,33,307,60,141,106,106,4,167,100,11,4,1,0,6,0,526,446,13,3,4,3,9,0,0,43,210
FIFA Official Stats,True,41,400021489,https://www.fifa.com/en/match-centre/match/17/285023/289273/400021489,home,Norway,away,France,40%,9% in contest,1,4,1,0,1,10,5,4,6,4,11,6,9,6,7,366,93,164,109,104,4,136,82,10,4,1,0,9,1,448,366,9,2,5,4,12,0,0,38,297
FIFA Official Stats,True,41,400021489,https://www.fifa.com/en/match-centre/match/17/285023/289273/400021489,away,France,home,Norway,51%,9% in contest,4,1,3,1,4,18,9,5,9,9,22,5,10,9,22,307,97,98,112,97,23,160,119,25,21,1,0,11,2,549,492,16,4,11,5,10,0,0,43,234
FIFA Official Stats,True,41,400021493,https://www.fifa.com/en/match-centre/match/17/285023/289273/400021493,home,Senegal,away,Iraq,58%,13% in contest,5,0,3,2,5,27,11,11,14,13,28,10,15,10,21,364,123,124,117,133,16,153,120,28,17,2,0,10,1,585,523,29,7,3,12,11,0,0,38,162
FIFA Official Stats,True,41,400021493,https://www.fifa.com/en/match-centre/match/17/285023/289273/400021493,away,Iraq,home,Senegal,30%,13% in contest,0,5,0,0,0,6,1,1,1,5,10,2,2,1,7,163,50,68,45,44,4,128,59,13,4,2,1,11,0,280,200,5,0,3,3,11,0,0,43,259
FIFA Official Stats,True,41,400021485,https://www.fifa.com/en/match-centre/match/17/285023/289273/400021485,home,Cabo Verde,away,Saudi Arabia,47%,12% in contest,0,0,0,0,0,15,2,7,10,5,25,5,16,3,16,373,113,156,104,104,12,185,133,22,12,1,0,10,2,465,402,21,5,7,4,16,0,0,53,206
FIFA Official Stats,True,41,400021485,https://www.fifa.com/en/match-centre/match/17/285023/289273/400021485,away,Saudi Arabia,home,Cabo Verde,41%,12% in contest,0,0,0,0,0,7,3,1,5,2,13,6,9,2,16,263,92,69,102,85,13,165,95,22,11,3,0,16,0,455,370,12,3,3,2,11,0,0,42,304
FIFA Official Stats,True,41,400021484,https://www.fifa.com/en/match-centre/match/17/285023/289273/400021484,home,Uruguay,away,Spain,33%,11% in contest,0,1,0,0,0,5,1,3,2,3,18,7,2,6,10,263,100,115,48,91,14,164,94,25,15,3,1,14,5,305,241,18,1,6,1,16,0,0,53,390
FIFA Official Stats,True,41,400021484,https://www.fifa.com/en/match-centre/match/17/285023/289273/400021484,away,Spain,home,Uruguay,57%,11% in contest,1,0,1,0,1,6,1,3,5,1,9,13,12,6,13,408,85,159,164,105,6,186,145,17,10,1,0,14,2,637,570,15,3,3,6,19,0,0,49,215
FIFA Official Stats,True,41,400021479,https://www.fifa.com/en/match-centre/match/17/285023/289273/400021479,home,Egypt,away,IR Iran,53%,11% in contest,1,1,1,0,1,15,3,10,8,7,21,10,6,6,18,387,85,110,192,79,13,175,122,26,15,3,0,11,0,588,525,16,3,4,8,19,0,0,52,169
FIFA Official Stats,True,41,400021479,https://www.fifa.com/en/match-centre/match/17/285023/289273/400021479,away,IR Iran,home,Egypt,36%,11% in contest,1,1,1,0,0,13,3,5,10,3,10,8,8,2,9,236,73,92,71,88,7,159,87,13,5,4,0,16,3,359,280,11,3,5,2,10,0,0,43,278
FIFA Official Stats,True,41,400021481,https://www.fifa.com/en/match-centre/match/17/285023/289273/400021481,home,New Zealand,away,Belgium,40%,10% in contest,1,5,1,0,0,6,2,3,3,3,13,4,8,2,8,313,83,124,106,57,5,164,91,24,5,2,0,10,1,450,379,13,1,3,5,7,0,0,32,321
FIFA Official Stats,True,41,400021481,https://www.fifa.com/en/match-centre/match/17/285023/289273/400021481,away,Belgium,home,New Zealand,50%,10% in contest,5,1,4,1,3,35,10,14,23,12,18,12,10,3,24,445,149,164,132,148,18,208,147,29,18,0,0,7,1,530,475,25,7,6,8,11,0,0,44,249
FIFA Official Stats,True,41,400021508,https://www.fifa.com/en/match-centre/match/17/285023/289273/400021508,home,Panama,away,England,33%,11% in contest,0,2,0,0,0,13,2,8,8,5,10,3,3,4,13,191,69,77,45,70,6,171,93,19,5,2,0,16,4,306,231,10,3,3,3,17,0,0,55,283
FIFA Official Stats,True,41,400021508,https://www.fifa.com/en/match-centre/match/17/285023/289273/400021508,away,England,home,Panama,57%,11% in contest,2,0,2,0,2,17,6,9,12,5,20,10,7,6,27,481,140,131,210,126,27,198,150,39,30,1,0,13,4,562,500,29,5,6,7,20,0,0,44,228
FIFA Official Stats,True,41,400021509,https://www.fifa.com/en/match-centre/match/17/285023/289273/400021509,home,Croatia,away,Ghana,50%,7% in contest,2,1,1,1,2,8,4,2,3,5,21,1,9,2,13,317,78,123,116,71,4,149,94,14,8,1,0,9,1,538,487,15,2,6,3,15,0,0,32,189
FIFA Official Stats,True,41,400021509,https://www.fifa.com/en/match-centre/match/17/285023/289273/400021509,away,Ghana,home,Croatia,43%,7% in contest,1,2,1,0,1,6,1,3,3,3,13,3,5,7,16,257,99,74,84,57,2,94,53,11,5,1,0,13,2,466,411,11,2,4,2,10,0,0,40,271
FIFA Official Stats,True,41,400021505,https://www.fifa.com/en/match-centre/match/17/285023/289273/400021505,home,Colombia,away,Portugal,51%,8% in contest,0,0,0,0,0,24,7,10,15,9,27,4,8,6,16,394,116,169,109,132,14,184,139,17,13,1,0,12,3,547,491,16,6,6,5,8,0,0,36,218
FIFA Official Stats,True,41,400021505,https://www.fifa.com/en/match-centre/match/17/285023/289273/400021505,away,Portugal,home,Colombia,41%,8% in contest,0,0,0,0,0,13,2,7,5,8,20,11,5,2,12,281,83,124,74,98,10,158,121,22,12,0,0,6,2,456,421,14,2,7,2,15,0,0,37,303
FIFA Official Stats,True,41,400021500,https://www.fifa.com/en/match-centre/match/17/285023/289273/400021500,home,Congo DR,away,Uzbekistan,53%,11% in contest,3,1,2,1,1,19,5,12,11,8,32,11,3,6,16,404,128,170,106,105,9,191,121,19,6,3,0,6,3,495,419,25,7,6,2,16,1,0,54,191
FIFA Official Stats,True,41,400021500,https://www.fifa.com/en/match-centre/match/17/285023/289273/400021500,away,Uzbekistan,home,Congo DR,36%,11% in contest,1,3,1,0,1,3,1,2,2,1,16,4,4,3,16,230,70,106,54,103,6,208,99,21,5,2,0,16,1,378,283,15,4,5,4,9,0,0,54,342
FIFA Official Stats,True,41,400021497,https://www.fifa.com/en/match-centre/match/17/285023/289273/400021497,home,Algeria,away,Austria,60%,7% in contest,3,3,3,0,2,12,5,5,6,6,24,5,8,7,15,292,92,98,102,87,5,152,110,13,7,0,0,3,1,775,723,4,1,7,0,10,0,0,39,218
FIFA Official Stats,True,41,400021497,https://www.fifa.com/en/match-centre/match/17/285023/289273/400021497,away,Austria,home,Algeria,33%,7% in contest,3,3,2,1,3,10,3,6,6,4,16,4,5,7,13,196,64,54,78,88,15,122,88,16,10,1,0,7,3,405,355,13,3,0,3,4,0,0,24,305
FIFA Official Stats,True,41,400021495,https://www.fifa.com/en/match-centre/match/17/285023/289273/400021495,home,Jordan,away,Argentina,27%,6% in contest,1,3,1,0,1,5,1,2,2,3,15,3,4,0,8,250,65,110,75,50,10,129,74,21,11,3,0,13,1,300,239,9,4,0,2,10,0,0,37,471
FIFA Official Stats,True,41,400021495,https://www.fifa.com/en/match-centre/match/17/285023/289273/400021495,away,Argentina,home,Jordan,67%,6% in contest,3,1,1,2,0,13,4,8,7,6,13,4,8,7,26,528,96,233,199,131,8,182,144,17,8,0,0,7,3,824,762,10,4,6,6,12,1,0,42,184
FIFA Official Stats,True,41,400021518,https://www.fifa.com/en/match-centre/match/17/285023/289287/400021518,home,South Africa,away,Canada,55%,10% in contest,0,1,0,0,0,6,1,4,1,5,11,7,4,6,4,304,103,104,97,76,13,219,134,25,13,0,0,10,1,575,486,5,2,6,1,15,0,0,42,221
FIFA Official Stats,True,41,400021518,https://www.fifa.com/en/match-centre/match/17/285023/289287/400021518,away,Canada,home,South Africa,35%,10% in contest,1,0,0,1,0,12,7,5,9,3,24,5,10,6,16,253,80,104,69,103,8,150,91,19,7,2,0,16,0,390,314,14,5,0,4,11,0,0,49,344
FIFA Official Stats,True,41,400021516,https://www.fifa.com/en/match-centre/match/17/285023/289287/400021516,home,Brazil,away,Japan,61%,9% in contest,2,1,2,0,2,19,7,10,12,7,34,13,11,8,27,487,123,151,213,119,11,188,127,23,14,2,0,4,1,715,652,30,7,7,6,13,0,0,40,200
FIFA Official Stats,True,41,400021516,https://www.fifa.com/en/match-centre/match/17/285023/289287/400021516,away,Japan,home,Brazil,30%,9% in contest,1,2,0,1,0,5,2,2,2,3,9,6,5,3,18,307,64,152,91,71,6,147,89,16,5,3,0,13,0,330,279,12,2,4,2,5,0,0,34,362
FIFA Official Stats,True,41,400021513,https://www.fifa.com/en/match-centre/match/17/285023/289287/400021513,home,Germany,away,Paraguay,65%,12% in contest,1,1,1,0,1,21,6,7,11,10,32,11,12,4,64,478,141,177,160,157,11,233,179,18,10,2,0,18,4,834,752,52,9,2,16,13,0,0,45,164
FIFA Official Stats,True,41,400021513,https://www.fifa.com/en/match-centre/match/17/285023/289287/400021513,away,Paraguay,home,Germany,23%,12% in contest,1,1,1,0,1,7,3,4,6,1,10,9,9,2,9,131,36,57,38,73,7,171,62,26,6,2,0,12,1,264,166,20,6,2,6,21,0,0,59,410
FIFA Official Stats,True,41,400021522,https://www.fifa.com/en/match-centre/match/17/285023/289287/400021522,home,Netherlands,away,Morocco,31%,8% in contest,1,1,1,0,1,6,2,2,4,2,11,3,10,5,16,192,74,60,58,68,5,149,75,11,4,0,0,18,3,395,307,10,2,3,5,15,0,0,51,340
FIFA Official Stats,True,41,400021522,https://www.fifa.com/en/match-centre/match/17/285023/289287/400021522,away,Morocco,home,Netherlands,61%,8% in contest,1,1,1,0,1,11,5,4,5,6,24,7,6,7,35,464,156,130,178,111,11,166,109,20,10,1,0,15,0,891,813,19,4,3,8,21,0,0,52,244
FIFA Official Stats,True,41,400021514,https://www.fifa.com/en/match-centre/match/17/285023/289287/400021514,home,Côte d'Ivoire,away,Norway,41%,9% in contest,1,2,1,0,1,14,5,4,10,4,21,3,6,5,19,266,89,88,89,102,17,154,109,28,16,0,0,6,2,406,353,33,8,6,14,9,0,0,45,318
FIFA Official Stats,True,41,400021514,https://www.fifa.com/en/match-centre/match/17/285023/289287/400021514,away,Norway,home,Côte d'Ivoire,50%,9% in contest,2,1,2,0,2,9,4,2,8,1,15,4,5,7,21,309,66,173,70,119,4,157,112,15,5,1,0,7,2,492,442,15,7,2,3,8,0,0,31,216
FIFA Official Stats,True,41,400021523,https://www.fifa.com/en/match-centre/match/17/285023/289287/400021523,home,France,away,Sweden,53%,9% in contest,3,0,3,0,3,25,12,10,15,10,28,11,9,9,12,378,110,130,138,134,18,186,146,25,16,0,0,14,3,548,498,22,5,5,9,11,0,0,35,213
FIFA Official Stats,True,41,400021523,https://www.fifa.com/en/match-centre/match/17/285023/289287/400021523,away,Sweden,home,France,38%,9% in contest,0,3,0,0,0,8,3,4,6,2,7,3,10,6,17,250,58,107,85,78,6,156,77,24,6,0,0,10,1,365,296,11,2,1,1,17,0,0,34,258
FIFA Official Stats,True,41,400021520,https://www.fifa.com/en/match-centre/match/17/285023/289287/400021520,home,Mexico,away,Ecuador,37%,11% in contest,2,0,1,1,2,15,3,10,9,6,17,6,5,5,13,275,73,131,71,84,11,146,96,19,10,0,0,10,0,317,259,10,5,1,3,15,0,0,33,215
FIFA Official Stats,True,41,400021520,https://www.fifa.com/en/match-centre/match/17/285023/289287/400021520,away,Ecuador,home,Mexico,52%,11% in contest,0,2,0,0,0,7,1,4,5,2,25,8,10,1,11,243,74,79,90,75,5,162,83,19,7,3,1,14,1,420,353,27,3,4,8,10,0,0,35,191
FIFA Official Stats,True,41,400021512,https://www.fifa.com/en/match-centre/match/17/285023/289287/400021512,home,England,away,Congo DR,53%,10% in contest,2,1,2,0,2,16,7,4,13,3,27,8,10,4,36,490,135,188,167,119,24,204,161,34,25,1,0,10,0,523,482,42,9,4,5,16,0,0,35,246
FIFA Official Stats,True,41,400021512,https://www.fifa.com/en/match-centre/match/17/285023/289287/400021512,away,Congo DR,home,England,37%,10% in contest,1,2,1,0,1,7,2,4,2,5,16,5,2,4,9,312,74,127,111,87,6,170,106,19,9,1,0,12,4,392,326,16,2,3,3,10,0,0,36,336
FIFA Official Stats,True,41,400021525,https://www.fifa.com/en/match-centre/match/17/285023/289287/400021525,home,Belgium,away,Senegal,48%,10% in contest,3,2,3,0,2,19,5,8,10,9,31,7,10,14,23,517,156,191,170,108,12,205,132,22,12,1,0,22,2,695,607,27,7,4,4,13,1,0,45,351
FIFA Official Stats,True,41,400021525,https://www.fifa.com/en/match-centre/match/17/285023/289287/400021525,away,Senegal,home,Belgium,42%,10% in contest,2,3,2,0,1,19,5,11,10,9,22,5,9,4,28,420,119,156,145,135,17,255,166,29,16,1,0,12,2,638,555,27,7,6,2,24,0,0,52,352
FIFA Official Stats,True,41,400021524,https://www.fifa.com/en/match-centre/match/17/285023/289287/400021524,home,USA,away,Bosnia and Herzegovina,43%,10% in contest,2,0,1,1,0,8,2,5,6,2,17,3,6,8,20,306,106,122,78,87,12,178,105,30,14,0,1,7,3,425,362,19,5,4,4,13,0,0,43,206
FIFA Official Stats,True,41,400021524,https://www.fifa.com/en/match-centre/match/17/285023/289287/400021524,away,Bosnia and Herzegovina,home,USA,47%,10% in contest,0,2,0,0,0,10,3,4,4,6,15,3,1,3,19,286,94,81,111,53,4,117,60,9,5,1,0,13,0,459,381,12,1,5,3,10,0,0,32,208
FIFA Official Stats,True,41,400021519,https://www.fifa.com/en/match-centre/match/17/285023/289287/400021519,home,Spain,away,Austria,59%,8% in contest,3,0,3,0,3,23,10,7,14,9,25,8,15,7,24,492,115,203,174,154,11,212,167,25,14,0,0,8,2,643,589,25,8,6,9,20,0,0,51,203
FIFA Official Stats,True,41,400021519,https://www.fifa.com/en/match-centre/match/17/285023/289287/400021519,away,Austria,home,Spain,33%,8% in contest,0,3,0,0,0,5,0,4,4,1,10,4,3,1,4,259,56,115,88,81,5,153,87,12,5,1,0,15,5,360,291,14,4,1,0,10,0,0,41,410
FIFA Official Stats,True,41,400021526,https://www.fifa.com/en/match-centre/match/17/285023/289287/400021526,home,Portugal,away,Croatia,55%,8% in contest,2,1,2,0,1,15,3,9,10,5,29,6,10,2,24,356,98,141,117,93,7,151,100,21,7,1,0,6,1,588,538,21,6,3,9,15,1,0,42,257
FIFA Official Stats,True,41,400021526,https://www.fifa.com/en/match-centre/match/17/285023/289287/400021526,away,Croatia,home,Portugal,37%,8% in contest,1,2,1,0,0,13,6,5,10,3,11,4,10,1,11,300,102,125,73,90,7,140,82,16,7,2,0,12,4,386,330,21,6,5,5,7,0,0,35,291
FIFA Official Stats,True,41,400021527,https://www.fifa.com/en/match-centre/match/17/285023/289287/400021527,home,Switzerland,away,Algeria,40%,9% in contest,2,0,2,0,1,11,5,4,9,2,19,7,3,4,12,256,75,95,86,100,9,178,107,22,10,0,0,10,0,451,371,18,5,1,4,14,0,0,56,283
FIFA Official Stats,True,41,400021527,https://www.fifa.com/en/match-centre/match/17/285023/289287/400021527,away,Algeria,home,Switzerland,51%,9% in contest,0,2,0,0,0,8,2,2,5,3,25,7,5,1,17,389,137,141,111,92,7,206,128,19,9,2,0,12,2,571,491,7,3,10,2,10,0,0,47,266
FIFA Official Stats,True,41,400021515,https://www.fifa.com/en/match-centre/match/17/285023/289287/400021515,home,Australia,away,Egypt,35%,12% in contest,1,1,0,0,0,16,2,7,10,6,18,5,11,5,20,381,90,167,124,119,15,216,133,26,11,0,0,12,0,520,428,23,6,4,4,17,0,0,56,373
FIFA Official Stats,True,41,400021515,https://www.fifa.com/en/match-centre/match/17/285023/289287/400021515,away,Egypt,home,Australia,53%,12% in contest,1,1,1,0,1,14,4,5,8,6,22,8,2,7,34,552,128,194,230,84,15,211,136,27,20,2,0,14,3,729,638,22,3,13,7,12,0,1,42,304
FIFA Official Stats,True,41,400021521,https://www.fifa.com/en/match-centre/match/17/285023/289287/400021521,home,Argentina,away,Cabo Verde,59%,7% in contest,3,2,2,0,2,22,12,5,15,7,28,18,25,11,24,426,135,135,156,146,22,229,189,29,24,1,0,13,3,862,800,19,6,5,8,14,0,0,51,289
FIFA Official Stats,True,41,400021521,https://www.fifa.com/en/match-centre/match/17/285023/289287/400021521,away,Cabo Verde,home,Argentina,34%,7% in contest,2,3,1,1,2,16,5,7,5,11,26,5,9,5,16,377,100,180,97,87,4,177,119,14,5,1,0,12,2,491,425,19,5,3,8,16,0,1,45,415
FIFA Official Stats,True,41,400021517,https://www.fifa.com/en/match-centre/match/17/285023/289287/400021517,home,Colombia,away,Ghana,54%,8% in contest,1,0,1,0,1,20,8,10,11,9,22,7,7,10,13,420,115,169,136,102,12,166,110,20,12,2,0,14,2,598,540,17,5,10,3,10,0,0,35,217
FIFA Official Stats,True,41,400021517,https://www.fifa.com/en/match-centre/match/17/285023/289287/400021517,away,Ghana,home,Colombia,38%,8% in contest,0,1,0,0,0,8,0,4,1,7,11,3,5,7,12,195,62,78,55,65,3,166,90,16,3,3,0,10,0,390,329,15,2,3,2,16,0,0,36,297
FIFA Official Stats,True,41,400021530,https://www.fifa.com/en/match-centre/match/17/285023/289288/400021530,home,Canada,away,Morocco,37%,13% in contest,0,3,0,0,0,10,3,2,6,4,21,9,10,3,18,292,75,134,83,77,12,167,95,25,12,4,0,24,2,368,282,27,5,2,11,17,0,0,48,273
FIFA Official Stats,True,41,400021530,https://www.fifa.com/en/match-centre/match/17/285023/289288/400021530,away,Morocco,home,Canada,50%,13% in contest,3,0,2,1,3,5,4,1,3,2,5,2,3,3,18,251,82,91,78,64,7,144,85,17,9,4,0,14,3,499,420,6,1,1,1,26,0,0,46,189
FIFA Official Stats,True,41,400021533,https://www.fifa.com/en/match-centre/match/17/285023/289288/400021533,home,Paraguay,away,France,22%,12% in contest,0,1,0,0,0,5,0,4,1,4,5,4,1,5,7,69,23,32,14,46,2,144,46,16,3,0,0,13,0,191,108,6,0,3,2,10,0,0,40,268
FIFA Official Stats,True,41,400021533,https://www.fifa.com/en/match-centre/match/17/285023/289288/400021533,away,France,home,Paraguay,66%,12% in contest,1,0,1,0,0,15,5,9,5,10,35,6,14,9,31,267,85,82,100,108,11,141,114,13,10,3,0,11,0,587,526,20,0,3,12,12,1,0,37,95
FIFA Official Stats,True,41,400021532,https://www.fifa.com/en/match-centre/match/17/285023/289288/400021532,home,Brazil,away,Norway,32%,8% in contest,1,2,1,0,0,14,4,3,9,5,18,1,8,5,14,297,88,109,100,87,8,122,77,25,12,1,0,7,1,347,298,16,0,6,5,5,1,0,38,401
FIFA Official Stats,True,41,400021532,https://www.fifa.com/en/match-centre/match/17/285023/289288/400021532,away,Norway,home,Brazil,60%,8% in contest,2,1,1,1,2,9,5,4,7,2,19,5,10,6,25,364,71,164,129,151,8,193,135,15,7,0,0,6,1,683,627,17,3,1,5,8,0,0,28,185
FIFA Official Stats,True,41,400021531,https://www.fifa.com/en/match-centre/match/17/285023/289288/400021531,home,Mexico,away,England,59%,10% in contest,2,3,2,0,0,20,5,7,12,8,31,8,11,8,24,435,147,143,145,126,8,161,114,18,8,2,0,14,1,485,448,49,11,11,12,6,1,0,33,182
FIFA Official Stats,True,41,400021531,https://www.fifa.com/en/match-centre/match/17/285023/289288/400021531,away,England,home,Mexico,31%,10% in contest,3,2,3,0,2,6,5,0,4,2,10,4,8,0,9,227,38,92,97,39,12,129,69,21,9,4,1,7,0,254,204,8,3,2,2,13,1,0,28,243
FIFA Official Stats,True,41,400021529,https://www.fifa.com/en/match-centre/match/17/285023/289288/400021529,home,Portugal,away,Spain,41%,9% in contest,0,1,0,0,0,10,2,6,8,2,19,3,3,7,23,315,73,140,102,108,9,195,127,20,10,2,0,9,2,459,378,12,4,10,3,14,0,0,43,342
FIFA Official Stats,True,41,400021529,https://www.fifa.com/en/match-centre/match/17/285023/289288/400021529,away,Spain,home,Portugal,50%,9% in contest,1,0,1,0,1,15,6,8,7,8,13,14,11,10,16,395,119,142,134,126,17,218,164,24,16,1,0,13,1,548,490,18,1,5,7,11,0,0,55,294
FIFA Official Stats,True,41,400021534,https://www.fifa.com/en/match-centre/match/17/285023/289288/400021534,home,USA,away,Belgium,51%,9% in contest,1,4,0,1,0,7,2,4,5,2,32,9,4,12,18,400,107,142,151,78,14,201,155,21,14,2,0,11,0,553,483,13,2,5,3,10,0,0,41,232
FIFA Official Stats,True,41,400021534,https://www.fifa.com/en/match-centre/match/17/285023/289288/400021534,away,Belgium,home,USA,40%,9% in contest,4,1,3,1,4,15,7,4,10,5,12,4,8,3,13,239,71,78,90,94,4,176,90,18,7,0,0,9,1,423,340,19,7,8,5,11,0,0,48,295
FIFA Official Stats,True,41,400021528,https://www.fifa.com/en/match-centre/match/17/285023/289288/400021528,home,Argentina,away,Egypt,57%,10% in contest,3,2,3,0,3,19,7,9,11,8,20,14,17,10,22,394,125,107,162,126,11,186,152,19,12,0,0,13,3,618,558,26,8,5,6,10,0,0,39,190
FIFA Official Stats,True,41,400021528,https://www.fifa.com/en/match-centre/match/17/285023/289288/400021528,away,Egypt,home,Argentina,34%,10% in contest,2,3,2,0,2,5,2,2,4,1,6,2,4,2,15,316,39,164,113,55,1,160,81,13,4,4,0,11,0,382,316,8,2,2,1,16,0,0,27,380
FIFA Official Stats,True,41,400021535,https://www.fifa.com/en/match-centre/match/17/285023/289288/400021535,home,Switzerland,away,Colombia,48%,8% in contest,0,0,0,0,0,7,2,3,4,3,27,6,8,8,15,515,115,223,177,116,12,225,162,28,13,3,0,22,5,641,561,16,1,6,3,25,0,0,49,316
FIFA Official Stats,True,41,400021535,https://www.fifa.com/en/match-centre/match/17/285023/289288/400021535,away,Colombia,home,Switzerland,44%,8% in contest,0,0,0,0,0,15,3,7,9,6,14,3,7,9,15,431,135,159,137,91,7,223,136,20,4,2,0,21,4,562,462,17,3,12,7,27,0,0,52,338
FIFA Official Stats,True,41,400021536,https://www.fifa.com/en/match-centre/match/17/285023/289289/400021536,home,France,away,Morocco,46%,8% in contest,2,0,1,1,2,22,8,10,13,9,22,9,9,9,21,333,96,120,117,119,10,145,116,17,9,0,0,10,0,497,450,13,5,5,5,12,0,0,38,263
FIFA Official Stats,True,41,400021536,https://www.fifa.com/en/match-centre/match/17/285023/289289/400021536,away,Morocco,home,France,46%,8% in contest,0,2,0,0,0,5,1,3,1,4,23,3,5,5,6,306,69,146,91,85,6,133,85,14,6,1,0,13,0,539,469,16,2,4,5,10,0,0,36,286
FIFA Official Stats,True,41,400021538,https://www.fifa.com/en/match-centre/match/17/285023/289289/400021538,home,Spain,away,Belgium,61%,9% in contest,2,1,2,0,0,17,8,6,11,6,20,8,12,9,28,519,160,220,139,164,16,243,187,29,18,2,0,13,3,693,625,21,3,6,5,19,0,0,37,206
FIFA Official Stats,True,41,400021538,https://www.fifa.com/en/match-centre/match/17/285023/289289/400021538,away,Belgium,home,Spain,30%,9% in contest,1,2,1,0,1,5,2,1,4,1,6,6,2,2,9,190,51,85,54,63,7,168,94,22,9,2,0,18,1,320,254,12,2,0,1,16,0,0,40,339
FIFA Official Stats,True,41,400021539,https://www.fifa.com/en/match-centre/match/17/285023/289289/400021539,home,Norway,away,England,44%,9% in contest,1,2,1,0,1,13,4,7,10,3,16,7,4,15,18,440,88,163,189,110,4,174,115,10,3,1,0,10,1,582,504,18,3,0,7,12,0,0,33,324
FIFA Official Stats,True,41,400021539,https://www.fifa.com/en/match-centre/match/17/285023/289289/400021539,away,England,home,Norway,47%,9% in contest,2,1,2,0,1,14,7,4,8,6,27,8,9,7,30,480,103,144,233,109,13,191,137,23,15,0,0,8,5,653,593,21,8,14,4,11,0,0,42,304
FIFA Official Stats,True,41,400021537,https://www.fifa.com/en/match-centre/match/17/285023/289289/400021537,home,Argentina,away,Switzerland,54%,9% in contest,3,1,2,1,2,22,7,11,12,10,14,13,19,9,16,436,149,135,152,111,8,192,110,19,7,3,0,14,4,716,629,16,7,5,8,21,0,0,39,241
FIFA Official Stats,True,41,400021537,https://www.fifa.com/en/match-centre/match/17/285023/289289/400021537,away,Switzerland,home,Argentina,37%,9% in contest,1,3,1,0,1,11,5,4,5,6,17,9,10,9,13,277,63,104,110,94,9,187,112,26,8,2,1,18,3,476,404,22,4,2,2,17,0,0,43,367
FIFA Official Stats,True,41,400021541,https://www.fifa.com/en/match-centre/match/17/285023/289290/400021541,home,France,away,Spain,46%,9% in contest,0,2,0,0,0,10,3,6,4,6,28,5,5,5,13,329,78,122,129,105,8,183,124,19,8,2,0,11,4,496,417,22,3,3,7,17,0,0,51,298
FIFA Official Stats,True,41,400021541,https://www.fifa.com/en/match-centre/match/17/285023/289290/400021541,away,Spain,home,France,45%,9% in contest,2,0,2,0,1,10,2,6,5,5,26,6,3,7,9,438,92,217,129,115,7,183,119,19,9,1,0,12,5,517,439,8,2,1,1,14,1,0,54,309
FIFA Official Stats,True,41,400021540,https://www.fifa.com/en/match-centre/match/17/285023/289290/400021540,home,England,away,Argentina,35%,9% in contest,1,2,1,0,1,5,2,1,2,3,19,3,7,3,14,300,81,83,136,65,10,151,89,20,13,1,0,11,1,353,293,15,1,2,1,18,0,0,32,320
FIFA Official Stats,True,41,400021540,https://www.fifa.com/en/match-centre/match/17/285023/289290/400021540,away,Argentina,home,England,56%,9% in contest,2,1,1,1,2,15,5,8,7,8,14,5,10,7,23,430,100,123,207,107,9,162,125,14,8,3,0,15,3,610,549,20,6,6,6,12,0,0,39,188
FIFA Official Stats,True,41,400021542,https://www.fifa.com/en/match-centre/match/17/285023/289291/400021542,home,France,away,England,41%,8% in contest,4,6,4,0,4,19,9,8,12,7,19,4,11,8,24,340,120,127,93,120,15,141,123,19,16,0,0,14,3,453,412,8,1,5,3,10,0,0,30,335
FIFA Official Stats,True,41,400021542,https://www.fifa.com/en/match-centre/match/17/285023/289291/400021542,away,England,home,France,51%,8% in contest,6,4,4,2,3,19,11,5,15,4,21,7,4,5,11,353,82,140,131,85,14,178,132,25,17,0,0,8,3,535,479,13,5,5,4,16,1,0,32,223
FIFA Official Stats,True,41,400021543,https://www.fifa.com/en/match-centre/match/17/285023/289292/400021543,home,Spain,away,Argentina,60%,8% in contest,1,0,1,0,1,20,12,6,8,12,29,10,13,12,37,605,179,263,163,149,18,270,205,31,22,0,0,21,4,878,789,24,4,13,9,25,0,0,56,300
FIFA Official Stats,True,41,400021543,https://www.fifa.com/en/match-centre/match/17/285023/289292/400021543,away,Argentina,home,Spain,32%,8% in contest,0,1,0,0,0,2,0,1,1,1,15,0,5,5,11,312,60,124,128,75,6,198,105,16,5,6,1,25,1,476,375,9,1,5,4,25,0,0,54,445
