team,metric,n_before,n_after,mean_before,mean_after,delta,median_before,median_after,min_before,max_before,min_after,max_after,zero_before,zero_after,after_above_pre_median,loo_min,loo_max
Anyang,goals_for,15,15,1.2666666666666666,1.2666666666666666,0.0,1,1,0,5,0,3,3,3,6,-0.12380952380952381,0.2666666666666666
Anyang,goals_against,15,15,1.0666666666666667,2.066666666666667,1.0000000000000002,1,2,0,2,0,7,2,1,8,0.6476190476190475,1.1476190476190478
Anyang,shots,15,15,9.533333333333333,10.2,0.6666666666666661,9,9,6,14,4,21,0,0,7,-0.10476190476190439,1.1095238095238091
Anyang,shots_on_target,15,15,3.6666666666666665,3.6,-0.06666666666666643,3,3,1,11,0,8,0,1,7,-0.38095238095238093,0.4571428571428573
Anyang,opponent_shots,15,15,13.666666666666666,13.8,0.13333333333333464,13,13,5,25,9,21,0,0,7,-0.48571428571428577,0.9428571428571431
Anyang,opponent_shots_on_target,15,15,3.8,5.333333333333333,1.5333333333333332,4,5,1,7,2,11,0,0,8,1.128571428571429,1.7714285714285714
Anyang,pass_attempts,15,15,384.93333333333334,414.26666666666665,29.333333333333314,353,415,241,597,296,518,0,0,11,19.05238095238093,44.480952380952374
Anyang,points,15,15,1.3333333333333333,1.2,-0.1333333333333333,1,1,0,3,0,3,3,7,5,-0.26190476190476186,-0.014285714285714235
Daejeon,goals_for,15,15,1.1333333333333333,1.9333333333333333,0.8,1,2,0,5,0,5,7,2,11,0.5809523809523809,1.0761904761904764
Daejeon,goals_against,15,15,1.0666666666666667,1.4,0.33333333333333326,1,1,0,2,0,4,3,5,7,0.14761904761904754,0.43333333333333335
Daejeon,shots,15,15,10.8,13.066666666666666,2.2666666666666657,10,13,6,17,7,18,0,0,12,1.9142857142857128,2.709523809523809
Daejeon,shots_on_target,15,15,3.6,4.533333333333333,0.9333333333333331,3,4,2,9,2,9,0,0,9,0.6142857142857143,1.3190476190476188
Daejeon,opponent_shots,15,15,10.666666666666666,11.066666666666666,0.40000000000000036,10,12,5,21,3,21,0,0,9,-0.3095238095238084,1.1380952380952376
Daejeon,opponent_shots_on_target,15,15,4.133333333333334,4.066666666666666,-0.06666666666666732,4,4,1,8,2,8,0,0,7,-0.34761904761904816,0.20952380952380922
Daejeon,pass_attempts,15,15,507.46666666666664,479.1333333333333,-28.333333333333314,513,485,318,703,330,698,0,0,5,-43.96666666666664,-14.366666666666674
Daejeon,points,15,15,1.0666666666666667,1.6,0.5333333333333334,1,1,0,3,0,3,7,3,6,0.43333333333333335,0.6714285714285715
Jeju,goals_for,15,15,0.8666666666666667,1.4666666666666666,0.5999999999999999,1,1,0,2,0,3,4,3,7,0.4904761904761905,0.7047619047619047
Jeju,goals_against,15,15,1.0666666666666667,0.8666666666666667,-0.19999999999999996,1,1,0,2,0,3,5,6,3,-0.35238095238095235,-0.1333333333333333
Jeju,shots,15,15,11.333333333333334,13.4,2.0666666666666664,11,12,4,25,7,30,0,0,11,0.8809523809523796,3.0428571428571427
Jeju,shots_on_target,15,15,4.4,4,-0.40000000000000036,4,4,2,8,2,6,0,0,6,-0.5714285714285712,-0.14285714285714324
Jeju,opponent_shots,15,15,10.6,11.6,1.0,11,11,3,16,7,33,0,0,3,-0.5285714285714285,1.3857142857142861
Jeju,opponent_shots_on_target,15,15,3.6666666666666665,4.133333333333334,0.46666666666666723,3,4,1,7,2,9,0,0,9,0.11904761904761907,0.7047619047619054
Jeju,pass_attempts,15,15,392.6,407.2,14.599999999999966,396,417,221,666,235,536,0,0,10,2.342857142857156,34.12857142857143
Jeju,points,15,15,1.2,1.8666666666666667,0.6666666666666667,1,1,0,3,0,3,7,1,7,0.5809523809523809,0.8
