team,metric,largest_k,before_top_sum,after_top_sum,before_total,after_total,before_top_share,after_top_share,before_remaining_mean,after_remaining_mean,remaining_delta
Anyang,goals_for,1,5,3,19,19,0.2631578947368421,0.15789473684210525,1,1.1428571428571428,0.1428571428571428
Anyang,goals_for,2,7,5,19,19,0.3684210526315789,0.2631578947368421,0.9230769230769231,1.0769230769230769,0.15384615384615374
Anyang,goals_for,3,9,7,19,19,0.47368421052631576,0.3684210526315789,0.8333333333333334,1,0.16666666666666663
Anyang,goals_for,4,11,9,19,19,0.5789473684210527,0.47368421052631576,0.7272727272727273,0.9090909090909091,0.18181818181818177
Anyang,goals_for,5,12,11,19,19,0.631578947368421,0.5789473684210527,0.7,0.8,0.10000000000000009
Anyang,goals_against,1,2,7,16,31,0.125,0.22580645161290322,1,1.7142857142857142,0.7142857142857142
Anyang,goals_against,2,4,10,16,31,0.25,0.3225806451612903,0.9230769230769231,1.6153846153846154,0.6923076923076923
Anyang,goals_against,3,6,13,16,31,0.375,0.41935483870967744,0.8333333333333334,1.5,0.6666666666666666
Anyang,goals_against,4,7,16,16,31,0.4375,0.5161290322580645,0.8181818181818182,1.3636363636363635,0.5454545454545453
Anyang,goals_against,5,8,19,16,31,0.5,0.6129032258064516,0.8,1.2,0.3999999999999999
Anyang,shots,1,14,21,143,153,0.0979020979020979,0.13725490196078433,9.214285714285714,9.428571428571429,0.2142857142857153
Anyang,shots,2,27,39,143,153,0.1888111888111888,0.2549019607843137,8.923076923076923,8.76923076923077,-0.1538461538461533
Anyang,shots,3,39,53,143,153,0.2727272727272727,0.3464052287581699,8.666666666666666,8.333333333333334,-0.33333333333333215
Anyang,shots,4,50,65,143,153,0.34965034965034963,0.42483660130718953,8.454545454545455,8,-0.45454545454545503
Anyang,shots,5,61,76,143,153,0.42657342657342656,0.49673202614379086,8.2,7.7,-0.4999999999999991
Anyang,opponent_shots_on_target,1,7,11,57,80,0.12280701754385964,0.1375,3.5714285714285716,4.928571428571429,1.3571428571428572
Anyang,opponent_shots_on_target,2,13,20,57,80,0.22807017543859648,0.25,3.3846153846153846,4.615384615384615,1.2307692307692304
Anyang,opponent_shots_on_target,3,19,28,57,80,0.3333333333333333,0.35,3.1666666666666665,4.333333333333333,1.1666666666666665
Anyang,opponent_shots_on_target,4,24,35,57,80,0.42105263157894735,0.4375,3,4.090909090909091,1.0909090909090908
Anyang,opponent_shots_on_target,5,29,42,57,80,0.5087719298245614,0.525,2.8,3.8,1.0
Daejeon,goals_for,1,5,5,17,29,0.29411764705882354,0.1724137931034483,0.8571428571428571,1.7142857142857142,0.8571428571428571
Daejeon,goals_for,2,9,8,17,29,0.5294117647058824,0.27586206896551724,0.6153846153846154,1.6153846153846154,1.0
Daejeon,goals_for,3,12,11,17,29,0.7058823529411765,0.3793103448275862,0.4166666666666667,1.5,1.0833333333333333
Daejeon,goals_for,4,13,13,17,29,0.7647058823529411,0.4482758620689655,0.36363636363636365,1.4545454545454546,1.0909090909090908
Daejeon,goals_for,5,14,15,17,29,0.8235294117647058,0.5172413793103449,0.3,1.4,1.0999999999999999
Daejeon,goals_against,1,2,4,16,21,0.125,0.19047619047619047,1,1.2142857142857142,0.2142857142857142
Daejeon,goals_against,2,4,7,16,21,0.25,0.3333333333333333,0.9230769230769231,1.0769230769230769,0.15384615384615374
Daejeon,goals_against,3,6,10,16,21,0.375,0.47619047619047616,0.8333333333333334,0.9166666666666666,0.08333333333333326
Daejeon,goals_against,4,8,12,16,21,0.5,0.5714285714285714,0.7272727272727273,0.8181818181818182,0.09090909090909094
Daejeon,goals_against,5,9,14,16,21,0.5625,0.6666666666666666,0.7,0.7,0.0
Daejeon,shots,1,17,18,162,196,0.10493827160493827,0.09183673469387756,10.357142857142858,12.714285714285714,2.357142857142856
Daejeon,shots,2,34,36,162,196,0.20987654320987653,0.1836734693877551,9.846153846153847,12.307692307692308,2.4615384615384617
Daejeon,shots,3,48,52,162,196,0.2962962962962963,0.2653061224489796,9.5,12,2.5
Daejeon,shots,4,61,68,162,196,0.3765432098765432,0.3469387755102041,9.181818181818182,11.636363636363637,2.454545454545455
Daejeon,shots,5,73,83,162,196,0.4506172839506173,0.42346938775510207,8.9,11.3,2.4000000000000004
Daejeon,opponent_shots_on_target,1,8,8,62,61,0.12903225806451613,0.13114754098360656,3.857142857142857,3.7857142857142856,-0.07142857142857162
Daejeon,opponent_shots_on_target,2,14,14,62,61,0.22580645161290322,0.22950819672131148,3.6923076923076925,3.6153846153846154,-0.0769230769230771
Daejeon,opponent_shots_on_target,3,19,20,62,61,0.3064516129032258,0.32786885245901637,3.5833333333333335,3.4166666666666665,-0.16666666666666696
Daejeon,opponent_shots_on_target,4,24,25,62,61,0.3870967741935484,0.4098360655737705,3.4545454545454546,3.272727272727273,-0.18181818181818166
Daejeon,opponent_shots_on_target,5,29,30,62,61,0.46774193548387094,0.4918032786885246,3.3,3.1,-0.19999999999999973
Jeju,goals_for,1,2,3,13,22,0.15384615384615385,0.13636363636363635,0.7857142857142857,1.3571428571428572,0.5714285714285715
Jeju,goals_for,2,4,6,13,22,0.3076923076923077,0.2727272727272727,0.6923076923076923,1.2307692307692308,0.5384615384615385
Jeju,goals_for,3,5,9,13,22,0.38461538461538464,0.4090909090909091,0.6666666666666666,1.0833333333333333,0.41666666666666663
Jeju,goals_for,4,6,11,13,22,0.46153846153846156,0.5,0.6363636363636364,1,0.36363636363636365
Jeju,goals_for,5,7,13,13,22,0.5384615384615384,0.5909090909090909,0.6,0.9,0.30000000000000004
Jeju,goals_against,1,2,3,16,13,0.125,0.23076923076923078,1,0.7142857142857143,-0.2857142857142857
Jeju,goals_against,2,4,5,16,13,0.25,0.38461538461538464,0.9230769230769231,0.6153846153846154,-0.3076923076923077
Jeju,goals_against,3,6,7,16,13,0.375,0.5384615384615384,0.8333333333333334,0.5,-0.33333333333333337
Jeju,goals_against,4,8,8,16,13,0.5,0.6153846153846154,0.7272727272727273,0.45454545454545453,-0.27272727272727276
Jeju,goals_against,5,10,9,16,13,0.625,0.6923076923076923,0.6,0.4,-0.19999999999999996
Jeju,shots,1,25,30,170,201,0.14705882352941177,0.14925373134328357,10.357142857142858,12.214285714285714,1.8571428571428559
Jeju,shots,2,45,47,170,201,0.2647058823529412,0.23383084577114427,9.615384615384615,11.846153846153847,2.2307692307692317
Jeju,shots,3,62,63,170,201,0.36470588235294116,0.31343283582089554,9,11.5,2.5
Jeju,shots,4,77,78,170,201,0.45294117647058824,0.3880597014925373,8.454545454545455,11.181818181818182,2.7272727272727266
Jeju,shots,5,90,92,170,201,0.5294117647058824,0.4577114427860697,8,10.9,2.9000000000000004
Jeju,opponent_shots_on_target,1,7,9,55,62,0.12727272727272726,0.14516129032258066,3.4285714285714284,3.7857142857142856,0.3571428571428572
Jeju,opponent_shots_on_target,2,13,15,55,62,0.23636363636363636,0.24193548387096775,3.230769230769231,3.6153846153846154,0.3846153846153846
Jeju,opponent_shots_on_target,3,19,21,55,62,0.34545454545454546,0.3387096774193548,3,3.4166666666666665,0.4166666666666665
Jeju,opponent_shots_on_target,4,24,27,55,62,0.43636363636363634,0.43548387096774194,2.8181818181818183,3.1818181818181817,0.3636363636363633
Jeju,opponent_shots_on_target,5,29,31,55,62,0.5272727272727272,0.5,2.6,3.1,0.5
