league,season,player_id,player_name,team,source_position_group,minutes,appearances,goals,non_penalty_goals,source_duplicate_appearance_rows,unique_appearance_count,unique_appearance_minutes,shots,own_goal_event_count,penalty_attempts,non_penalty_shots,xg,npxg,shot_sum_xg,shot_sum_npxg,npshots_per90,npxg_per_shot,npxg_per90,primary_known_position,cf_assigned_minutes,known_position_minutes,sub_position_minutes,known_position_share,cf_share_known_position,role_classification,eligible_900_minutes,no_source_duplicate_appearances,appearances_match,minutes_match,shots_match,xg_match,npxg_match,goals_match,npg_match,position_minutes_match,qc_pass,source_url
La_liga,2025,13700,Alberto Reina,Real Oviedo,F M S,2616,38,4,4,1,37,2538,25,0,0,25,3.8991302456706762,3.8991302456706762,3.8991302382200956,3.8991302382200956,0.8600917431192661,0.15596520952880383,0.13414438892959044,AMC,180,2425,113,0.9269877675840978,0.07422680412371134,other_forward_or_mixed_role,True,False,False,False,False,True,True,True,True,False,False,https://understat.com/player/13700
La_liga,2025,13701,Ilyas Chaira,Real Oviedo,F M S,2584,37,7,7,1,36,2494,84,0,0,84,7.220865061506629,7.220865061506629,7.220864994451404,7.220864994451404,2.9256965944272446,0.08596267850537385,0.2515007157510164,AML,87,2328,166,0.9009287925696594,0.037371134020618556,other_forward_or_mixed_role,True,False,False,False,False,True,True,True,True,False,False,https://understat.com/player/13701
La_liga,2025,13705,Federico Viñas,Real Oviedo,F M S,2575,34,9,7,1,33,2485,60,0,2,58,9.87893870100379,8.392383448779583,9.878938579000533,8.392383360303938,2.0271844660194174,0.14469626483282652,0.29332602036013766,FW,1946,2370,115,0.920388349514563,0.8210970464135021,central_forward_candidate,True,False,False,False,False,True,True,True,True,False,False,https://understat.com/player/13705
La_liga,2025,12160,Alberto Moleiro,Villarreal,F M S,2535,38,10,10,1,37,2514,46,0,0,46,5.6144147682935,5.6144147682935,5.614414714276791,5.614414714276791,1.6331360946745561,0.12205249378862588,0.199328333051247,ML,47,2386,128,0.9412228796844182,0.019698239731768652,other_forward_or_mixed_role,True,False,False,False,True,True,True,True,True,False,False,https://understat.com/player/12160
La_liga,2025,5656,Nicolas Pepe,Villarreal,F M S,2497,37,9,7,1,36,2407,65,0,2,63,9.80356877669692,8.317013502120972,9.803568602539599,8.317013383843005,2.2707248698438125,0.13201608545782548,0.2997722084685104,MR,926,2187,220,0.8758510212254705,0.423411065386374,other_forward_or_mixed_role,True,False,False,False,False,True,True,True,True,False,False,https://understat.com/player/5656
La_liga,2025,8187,Georges Mikautadze,Villarreal,F S,2155,33,13,13,1,32,2117,66,0,0,66,15.062094315886497,15.062094315886497,15.062094360589981,15.062094360589981,2.7563805104408354,0.22821355091803003,0.6290433839689551,FW,1902,1902,215,0.8825986078886311,1.0,central_forward_candidate,True,False,False,False,False,True,True,True,True,False,False,https://understat.com/player/8187
La_liga,2025,11401,Haissem Hassan,Real Oviedo,F M S,1937,38,0,0,1,37,1924,34,0,0,34,1.9617184847593307,1.9617184847593307,1.9617184665985405,1.9617184665985405,1.5797625193598348,0.057697601958780605,0.09114850903142419,AMR,0,1472,452,0.7599380485286525,0.0,other_forward_or_mixed_role,True,False,False,False,True,True,True,True,True,False,False,https://understat.com/player/11401
La_liga,2025,12322,Tajon Buchanan,Villarreal,F M S,1873,35,7,7,1,34,1821,27,0,0,27,2.74269391130656,2.74269391130656,2.742693900130689,2.742693900130689,1.2973838761345435,0.10158125556039589,0.1317898830815601,MR,0,1566,255,0.8360918312867058,0.0,other_forward_or_mixed_role,True,False,False,False,True,True,True,True,True,False,False,https://understat.com/player/12322
La_liga,2025,770,Ayoze Pérez,Villarreal,F S,1154,26,5,4,1,25,1133,25,0,1,24,5.862349048256874,5.119071401655674,5.862349033355713,5.119071424007416,1.8717504332755632,0.21329464266697565,0.39923433982726814,FW,880,880,253,0.7625649913344887,1.0,central_forward_candidate,True,False,False,False,False,True,True,True,True,False,False,https://understat.com/player/770
La_liga,2025,13996,Tani Oluwaseyi,Villarreal,F S,949,28,2,2,1,27,880,16,0,0,16,3.61861627176404,3.61861627176404,3.6186162242665887,3.6186162242665887,1.5173867228661748,0.2261635140166618,0.3431775133656407,FW,662,662,218,0.6975763962065332,1.0,central_forward_candidate,True,False,False,False,True,True,True,True,True,False,False,https://understat.com/player/13996
La_liga,2025,14393,Thiago Fernández,Real Oviedo,F M S,919,17,0,0,1,16,842,15,0,0,15,0.8692414863035083,0.8692414863035083,0.8692414863035083,0.8692414863035083,1.4689880304679,0.057949432420233885,0.08512702259773204,AML,0,628,214,0.6833514689880305,0.0,other_forward_or_mixed_role,True,False,False,False,False,True,True,True,True,False,False,https://understat.com/player/14393
La_liga,2025,14173,Pablo Agudín,Real Oviedo,S,60,8,0,0,1,7,59,2,0,0,2,0.0426228204742074,0.0426228204742074,0.0426228204742074,0.0426228204742074,3.0,0.0213114102371037,0.0639342307113111,Unknown,0,0,59,0.0,,insufficient_known_position,False,False,False,False,True,True,True,True,True,False,False,https://understat.com/player/14173
