meeting_key,session_key,date,driver_number,lap_number,category,flag,scope,sector,qualifying_phase,message,event_time_utc,within_race
1295,11377,2026-09-26T10:11:25+00:00,,1,Flag,YELLOW,Sector,1.0,,YELLOW IN TRACK SECTOR 1,2026-09-26 10:11:25+00:00,False
1295,11377,2026-09-26T10:12:20+00:00,,1,Flag,CLEAR,Sector,1.0,,CLEAR IN TRACK SECTOR 1,2026-09-26 10:12:20+00:00,False
1295,11377,2026-09-26T10:13:18+00:00,,1,Flag,YELLOW,Sector,1.0,,YELLOW IN TRACK SECTOR 1,2026-09-26 10:13:18+00:00,False
1295,11377,2026-09-26T10:14:56+00:00,,1,Flag,CLEAR,Sector,1.0,,CLEAR IN TRACK SECTOR 1,2026-09-26 10:14:56+00:00,False
1295,11377,2026-09-26T10:20:01+00:00,,1,Flag,GREEN,Track,,,GREEN LIGHT - PIT EXIT OPEN,2026-09-26 10:20:01+00:00,False
1295,11377,2026-09-26T10:30:01+00:00,,1,Other,,,,,PIT EXIT CLOSED,2026-09-26 10:30:01+00:00,False
1295,11377,2026-09-26T10:31:33+00:00,,1,Other,,,,,INCIDENT INVOLVING CAR 6 (HAD) NOTED - FAILING TO FOLLOW RACE DIRECTORS INSTRUCTIONS – PRACTICE START INFRINGEMENT (14:20:31),2026-09-26 10:31:33+00:00,False
1295,11377,2026-09-26T10:37:54+00:00,,1,Other,,,,,FIA STEWARDS: INCIDENT INVOLVING CAR 6 (HAD) WILL BE INVESTIGATED AFTER THE RACE - FAILING TO FOLLOW RACE DIRECTORS INSTRUCTIONS – PRACTICE START INFRINGEMENT (14:20:31),2026-09-26 10:37:54+00:00,False
1295,11377,2026-09-26T10:42:18+00:00,,1,Other,,,,,INCIDENT INVOLVING CAR 55 (SAI) NOTED - FAILING TO FOLLOW RACE DIRECTORS INSTRUCTIONS – PRACTICE START INFRINGEMENT (14:22:31),2026-09-26 10:42:18+00:00,False
1295,11377,2026-09-26T10:45:02+00:00,,1,Other,,,,,RISK OF RAIN FOR THE F1 RACE IS 0%,2026-09-26 10:45:02+00:00,False
1295,11377,2026-09-26T10:46:18+00:00,,1,Other,,,,,FIA STEWARDS: INCIDENT INVOLVING CAR 55 (SAI) WILL BE INVESTIGATED AFTER THE RACE - FAILING TO FOLLOW RACE DIRECTORS INSTRUCTIONS – PRACTICE START INFRINGEMENT (14:22:31),2026-09-26 10:46:18+00:00,False
1295,11377,2026-09-26T10:49:25+00:00,,1,Flag,DOUBLE YELLOW,Sector,3.0,,DOUBLE YELLOW IN TRACK SECTOR 3,2026-09-26 10:49:25+00:00,False
1295,11377,2026-09-26T10:49:32+00:00,,1,Flag,CLEAR,Sector,3.0,,CLEAR IN TRACK SECTOR 3,2026-09-26 10:49:32+00:00,False
1295,11377,2026-09-26T10:57:18+00:00,,1,Other,,,,,OVERTAKE DISABLED,2026-09-26 10:57:18+00:00,False
1295,11377,2026-09-26T11:03:50.711000+00:00,,1,SessionStatus,,,,,SESSION STARTED,2026-09-26 11:03:50.711000+00:00,True
1295,11377,2026-09-26T11:03:51+00:00,,1,Other,,,,,RACE START,2026-09-26 11:03:51+00:00,True
1295,11377,2026-09-26T11:05:18+00:00,,1,Other,,,,,OVERTAKE ENABLED,2026-09-26 11:05:18+00:00,True
1295,11377,2026-09-26T11:18:38+00:00,,9,Flag,YELLOW,Sector,15.0,,YELLOW IN TRACK SECTOR 15,2026-09-26 11:18:38+00:00,True
1295,11377,2026-09-26T11:18:38+00:00,,9,Flag,YELLOW,Sector,14.0,,YELLOW IN TRACK SECTOR 14,2026-09-26 11:18:38+00:00,True
1295,11377,2026-09-26T11:18:38+00:00,,9,Flag,CLEAR,Sector,15.0,,CLEAR IN TRACK SECTOR 15,2026-09-26 11:18:38+00:00,True
1295,11377,2026-09-26T11:18:40+00:00,,9,Flag,CLEAR,Sector,14.0,,CLEAR IN TRACK SECTOR 14,2026-09-26 11:18:40+00:00,True
1295,11377,2026-09-26T11:18:46+00:00,,9,Flag,CLEAR,Sector,15.0,,CLEAR IN TRACK SECTOR 15,2026-09-26 11:18:46+00:00,True
1295,11377,2026-09-26T11:47:33+00:00,77.0,25,Flag,BLUE,Driver,,,WAVED BLUE FLAG FOR CAR 77 (BOT) TIMED AT 15:47:32,2026-09-26 11:47:33+00:00,True
1295,11377,2026-09-26T11:51:13+00:00,77.0,27,Flag,BLUE,Driver,,,WAVED BLUE FLAG FOR CAR 77 (BOT) TIMED AT 15:51:12,2026-09-26 11:51:13+00:00,True
1295,11377,2026-09-26T11:51:27+00:00,77.0,27,Flag,BLUE,Driver,,,WAVED BLUE FLAG FOR CAR 77 (BOT) TIMED AT 15:51:27,2026-09-26 11:51:27+00:00,True
1295,11377,2026-09-26T11:53:51+00:00,77.0,28,Flag,BLUE,Driver,,,WAVED BLUE FLAG FOR CAR 77 (BOT) TIMED AT 15:53:50,2026-09-26 11:53:51+00:00,True
1295,11377,2026-09-26T11:56:00+00:00,77.0,30,Flag,BLUE,Driver,,,WAVED BLUE FLAG FOR CAR 77 (BOT) TIMED AT 15:55:59,2026-09-26 11:56:00+00:00,True
1295,11377,2026-09-26T11:56:38+00:00,,30,Flag,YELLOW,Sector,2.0,,YELLOW IN TRACK SECTOR 2,2026-09-26 11:56:38+00:00,True
1295,11377,2026-09-26T11:56:38+00:00,,30,Flag,YELLOW,Sector,1.0,,YELLOW IN TRACK SECTOR 1,2026-09-26 11:56:38+00:00,True
1295,11377,2026-09-26T11:56:43+00:00,,30,Flag,CLEAR,Sector,1.0,,CLEAR IN TRACK SECTOR 1,2026-09-26 11:56:43+00:00,True
1295,11377,2026-09-26T11:56:43+00:00,,30,Flag,CLEAR,Sector,2.0,,CLEAR IN TRACK SECTOR 2,2026-09-26 11:56:43+00:00,True
1295,11377,2026-09-26T11:57:12+00:00,77.0,30,Flag,BLUE,Driver,,,WAVED BLUE FLAG FOR CAR 77 (BOT) TIMED AT 15:57:12,2026-09-26 11:57:12+00:00,True
1295,11377,2026-09-26T11:57:46+00:00,,31,Flag,DOUBLE YELLOW,Sector,7.0,,DOUBLE YELLOW IN TRACK SECTOR 7,2026-09-26 11:57:46+00:00,True
1295,11377,2026-09-26T11:57:46+00:00,,31,Flag,YELLOW,Sector,6.0,,YELLOW IN TRACK SECTOR 6,2026-09-26 11:57:46+00:00,True
1295,11377,2026-09-26T11:58:05+00:00,,31,SafetyCar,,,,,SAFETY CAR DEPLOYED,2026-09-26 11:58:05+00:00,True
1295,11377,2026-09-26T11:58:05+00:00,,31,Other,,,,,OVERTAKE DISABLED,2026-09-26 11:58:05+00:00,True
1295,11377,2026-09-26T11:59:05+00:00,,31,Other,,,,,CAR 1 (NOR) LAP DELETED - TRACK LIMITS AT TURN 1 LAP 30 15:56:33 (PIT),2026-09-26 11:59:05+00:00,True
1295,11377,2026-09-26T12:00:39+00:00,,32,Other,,,,,MARSHALS ON TRACK AT TURN 6,2026-09-26 12:00:39+00:00,True
1295,11377,2026-09-26T12:01:22+00:00,,32,Other,,,,,RECOVERY VEHICLE ON TRACK AT TURN 6,2026-09-26 12:01:22+00:00,True
1295,11377,2026-09-26T12:01:45+00:00,,32,Other,,,,,MARSHALS ON TRACK AT TURN 8,2026-09-26 12:01:45+00:00,True
1295,11377,2026-09-26T12:01:49+00:00,,32,Flag,DOUBLE YELLOW,Sector,10.0,,DOUBLE YELLOW IN TRACK SECTOR 10,2026-09-26 12:01:49+00:00,True
1295,11377,2026-09-26T12:01:49+00:00,,32,Flag,YELLOW,Sector,9.0,,YELLOW IN TRACK SECTOR 9,2026-09-26 12:01:49+00:00,True
1295,11377,2026-09-26T12:04:01+00:00,,33,Flag,DOUBLE YELLOW,Sector,11.0,,DOUBLE YELLOW IN TRACK SECTOR 11,2026-09-26 12:04:01+00:00,True
1295,11377,2026-09-26T12:04:22+00:00,,33,Flag,CLEAR,Sector,11.0,,CLEAR IN TRACK SECTOR 11,2026-09-26 12:04:22+00:00,True
1295,11377,2026-09-26T12:04:30+00:00,,33,Other,,,,,MARSHALS ON TRACK AT TURN 10,2026-09-26 12:04:30+00:00,True
1295,11377,2026-09-26T12:04:32+00:00,,33,Flag,CLEAR,Sector,10.0,,CLEAR IN TRACK SECTOR 10,2026-09-26 12:04:32+00:00,True
1295,11377,2026-09-26T12:04:32+00:00,,33,Flag,CLEAR,Sector,9.0,,CLEAR IN TRACK SECTOR 9,2026-09-26 12:04:32+00:00,True
1295,11377,2026-09-26T12:06:20+00:00,,34,Flag,CLEAR,Sector,6.0,,CLEAR IN TRACK SECTOR 6,2026-09-26 12:06:20+00:00,True
1295,11377,2026-09-26T12:06:24+00:00,,34,Other,,,,,LAPPED CARS MAY NOW OVERTAKE THE SAFETY CAR: 77,2026-09-26 12:06:24+00:00,True
1295,11377,2026-09-26T12:06:36+00:00,,34,Flag,CLEAR,Sector,7.0,,CLEAR IN TRACK SECTOR 7,2026-09-26 12:06:36+00:00,True
1295,11377,2026-09-26T12:09:15+00:00,,35,SafetyCar,,,,,SAFETY CAR IN THIS LAP,2026-09-26 12:09:15+00:00,True
1295,11377,2026-09-26T12:11:14+00:00,,35,Flag,CLEAR,Track,,,TRACK CLEAR,2026-09-26 12:11:14+00:00,True
1295,11377,2026-09-26T12:11:36+00:00,,36,Flag,DOUBLE YELLOW,Sector,2.0,,DOUBLE YELLOW IN TRACK SECTOR 2,2026-09-26 12:11:36+00:00,True
1295,11377,2026-09-26T12:11:36+00:00,,36,Flag,YELLOW,Sector,1.0,,YELLOW IN TRACK SECTOR 1,2026-09-26 12:11:36+00:00,True
1295,11377,2026-09-26T12:11:59+00:00,,36,Flag,YELLOW,Sector,4.0,,YELLOW IN TRACK SECTOR 4,2026-09-26 12:11:59+00:00,True
1295,11377,2026-09-26T12:11:59+00:00,,36,Flag,YELLOW,Sector,3.0,,YELLOW IN TRACK SECTOR 3,2026-09-26 12:11:59+00:00,True
1295,11377,2026-09-26T12:12:29+00:00,,36,Flag,CLEAR,Sector,4.0,,CLEAR IN TRACK SECTOR 4,2026-09-26 12:12:29+00:00,True
1295,11377,2026-09-26T12:12:31+00:00,,36,Flag,DOUBLE YELLOW,Sector,4.0,,DOUBLE YELLOW IN TRACK SECTOR 4,2026-09-26 12:12:31+00:00,True
1295,11377,2026-09-26T12:12:33+00:00,,36,Flag,CLEAR,Sector,4.0,,CLEAR IN TRACK SECTOR 4,2026-09-26 12:12:33+00:00,True
1295,11377,2026-09-26T12:12:40+00:00,,36,SafetyCar,,,,,SAFETY CAR DEPLOYED,2026-09-26 12:12:40+00:00,True
1295,11377,2026-09-26T12:12:43+00:00,,36,Other,,,,,ALL CARS THROUGH THE PIT LANE,2026-09-26 12:12:43+00:00,True
1295,11377,2026-09-26T12:13:10+00:00,,36,Flag,CLEAR,Sector,3.0,,CLEAR IN TRACK SECTOR 3,2026-09-26 12:13:10+00:00,True
1295,11377,2026-09-26T12:13:30+00:00,,36,Flag,CLEAR,Sector,1.0,,CLEAR IN TRACK SECTOR 1,2026-09-26 12:13:30+00:00,True
1295,11377,2026-09-26T12:15:22+00:00,,37,Other,,,,,ALL CARS USE START/FINISH STRAIGHT,2026-09-26 12:15:22+00:00,True
1295,11377,2026-09-26T12:15:35+00:00,,37,Other,,,,,MARSHALS ON TRACK AT TURN 1,2026-09-26 12:15:35+00:00,True
1295,11377,2026-09-26T12:17:02+00:00,,38,Flag,CLEAR,Sector,2.0,,CLEAR IN TRACK SECTOR 2,2026-09-26 12:17:02+00:00,True
1295,11377,2026-09-26T12:17:06+00:00,,38,SafetyCar,,,,,SAFETY CAR IN THIS LAP,2026-09-26 12:17:06+00:00,True
1295,11377,2026-09-26T12:18:38+00:00,,38,Other,,,,,"TURN 1 INCIDENT INVOLVING CARS 1 (NOR), 10 (GAS) AND 43 (COL) NOTED",2026-09-26 12:18:38+00:00,True
1295,11377,2026-09-26T12:18:53+00:00,,38,Flag,CLEAR,Track,,,TRACK CLEAR,2026-09-26 12:18:53+00:00,True
1295,11377,2026-09-26T12:21:01+00:00,,40,Flag,YELLOW,Sector,2.0,,YELLOW IN TRACK SECTOR 2,2026-09-26 12:21:01+00:00,True
1295,11377,2026-09-26T12:21:01+00:00,,40,Flag,YELLOW,Sector,1.0,,YELLOW IN TRACK SECTOR 1,2026-09-26 12:21:01+00:00,True
1295,11377,2026-09-26T12:21:01+00:00,,40,Other,,,,,OVERTAKE ENABLED,2026-09-26 12:21:01+00:00,True
1295,11377,2026-09-26T12:21:07+00:00,,40,Flag,CLEAR,Sector,1.0,,CLEAR IN TRACK SECTOR 1,2026-09-26 12:21:07+00:00,True
1295,11377,2026-09-26T12:21:08+00:00,,40,Flag,CLEAR,Sector,2.0,,CLEAR IN TRACK SECTOR 2,2026-09-26 12:21:08+00:00,True
1295,11377,2026-09-26T12:22:28+00:00,,40,Other,,,,,TURN 1 INCIDENT INVOLVING CARS 41 (LIN) AND 30 (LAW) NOTED,2026-09-26 12:22:28+00:00,True
1295,11377,2026-09-26T12:22:59+00:00,,41,Other,,,,,TURN 7 INCIDENT INVOLVING CAR 5 (BOR) NOTED - YELLOW FLAG INFRINGEMENT,2026-09-26 12:22:59+00:00,True
1295,11377,2026-09-26T12:23:31+00:00,,41,Other,,,,,FIA STEWARDS: TURN 1 INCIDENT INVOLVING CARS 41 (LIN) AND 30 (LAW) UNDER INVESTIGATION (16:11:33),2026-09-26 12:23:31+00:00,True
1295,11377,2026-09-26T12:24:07+00:00,,41,Other,,,,,"UPDATE: TURN 1 INCIDENT INVOLVING CARS 1 (NOR), 10 (GAS) AND 43 (COL) NOTED - CAUSING A COLLISION (16:11:31)",2026-09-26 12:24:07+00:00,True
1295,11377,2026-09-26T12:24:27+00:00,,42,Other,,,,,"FIA STEWARDS: TURN 1 INCIDENT INVOLVING CARS 1 (NOR), 10 (GAS) AND 43 (COL) UNDER INVESTIGATION - CAUSING A COLLISION (16:11:31)",2026-09-26 12:24:27+00:00,True
1295,11377,2026-09-26T12:24:51+00:00,,42,Other,,,,,CAR 81 (PIA) TIME 1:58.595 DELETED - TRACK LIMITS AT TURN 1 LAP 40 16:20:55,2026-09-26 12:24:51+00:00,True
1295,11377,2026-09-26T12:24:53+00:00,,42,Other,,,,,CAR 30 (LAW) LAP DELETED - TRACK LIMITS AT TURN 1 LAP 36 16:11:35 (PIT),2026-09-26 12:24:53+00:00,True
1295,11377,2026-09-26T12:24:55+00:00,,42,Other,,,,,CAR 43 (COL) LAP DELETED - TRACK LIMITS AT TURN 15 LAP 36 16:14:30 (PIT),2026-09-26 12:24:55+00:00,True
1295,11377,2026-09-26T12:25:44+00:00,,42,Other,,,,,CAR 5 (BOR) LAP DELETED - TRACK LIMITS AT TURN 1 LAP 36 16:11:35 (PIT),2026-09-26 12:25:44+00:00,True
1295,11377,2026-09-26T12:29:19+00:00,,44,Other,,,,,FIA STEWARDS: TURN 1 INCIDENT INVOLVING CARS 41 (LIN) AND 30 (LAW) NO FURTHER ACTION,2026-09-26 12:29:19+00:00,True
1295,11377,2026-09-26T12:29:58+00:00,,45,Other,,,,,INCIDENT INVOLVING CAR 3 (VER) NOTED - FAILING TO FOLLOW RACE DIRECTORS INSTRUCTIONS (16:18:20),2026-09-26 12:29:58+00:00,True
1295,11377,2026-09-26T12:34:56+00:00,,48,Other,,,,,FIA STEWARDS: TURN 7 INCIDENT INVOLVING CAR 5 (BOR) UNDER INVESTIGATION - YELLOW FLAG INFRINGEMENT (16:12:10),2026-09-26 12:34:56+00:00,True
1295,11377,2026-09-26T12:38:02+00:00,,49,Other,,,,,FIA STEWARDS: INCIDENT INVOLVING CAR 3 (VER) REVIEWED NO FURTHER INVESTIGATION - FAILING TO FOLLOW RACE DIRECTORS INSTRUCTIONS (16:18:20),2026-09-26 12:38:02+00:00,True
1295,11377,2026-09-26T12:39:31+00:00,,50,Flag,YELLOW,Sector,2.0,,YELLOW IN TRACK SECTOR 2,2026-09-26 12:39:31+00:00,True
1295,11377,2026-09-26T12:39:31+00:00,,50,Flag,YELLOW,Sector,1.0,,YELLOW IN TRACK SECTOR 1,2026-09-26 12:39:31+00:00,True
1295,11377,2026-09-26T12:39:35+00:00,,50,Flag,CLEAR,Sector,2.0,,CLEAR IN TRACK SECTOR 2,2026-09-26 12:39:35+00:00,True
1295,11377,2026-09-26T12:39:35+00:00,,50,Flag,CLEAR,Sector,1.0,,CLEAR IN TRACK SECTOR 1,2026-09-26 12:39:35+00:00,True
1295,11377,2026-09-26T12:40:29+00:00,,51,Other,,,,,FIA STEWARDS: TURN 7 INCIDENT INVOLVING CAR 5 (BOR) WILL BE INVESTIGATED AFTER THE RACE - YELLOW FLAG INFRINGEMENT (16:12:10),2026-09-26 12:40:29+00:00,True
1295,11377,2026-09-26T12:40:52+00:00,,51,Flag,DOUBLE YELLOW,Sector,15.0,,DOUBLE YELLOW IN TRACK SECTOR 15,2026-09-26 12:40:52+00:00,True
1295,11377,2026-09-26T12:40:52+00:00,,51,Flag,YELLOW,Sector,14.0,,YELLOW IN TRACK SECTOR 14,2026-09-26 12:40:52+00:00,True
1295,11377,2026-09-26T12:41:02+00:00,,51,Flag,YELLOW,Sector,21.0,,YELLOW IN TRACK SECTOR 21,2026-09-26 12:41:02+00:00,True
1295,11377,2026-09-26T12:41:02+00:00,,51,Flag,YELLOW,Sector,20.0,,YELLOW IN TRACK SECTOR 20,2026-09-26 12:41:02+00:00,True
1295,11377,2026-09-26T12:41:02+00:00,,51,Flag,CLEAR,Sector,21.0,,CLEAR IN TRACK SECTOR 21,2026-09-26 12:41:02+00:00,True
1295,11377,2026-09-26T12:41:06+00:00,,51,Flag,YELLOW,Sector,21.0,,YELLOW IN TRACK SECTOR 21,2026-09-26 12:41:06+00:00,True
1295,11377,2026-09-26T12:41:31+00:00,,51,Flag,CLEAR,Sector,20.0,,CLEAR IN TRACK SECTOR 20,2026-09-26 12:41:31+00:00,True
1295,11377,2026-09-26T12:41:33+00:00,,51,Flag,CLEAR,Sector,21.0,,CLEAR IN TRACK SECTOR 21,2026-09-26 12:41:33+00:00,True
1295,11377,2026-09-26T12:41:52+00:00,,51,Flag,CHEQUERED,Track,,,CHEQUERED FLAG,2026-09-26 12:41:52+00:00,True
1295,11377,2026-09-26T12:41:53.071000+00:00,,51,SessionStatus,,,,,SESSION FINISHED,2026-09-26 12:41:53.071000+00:00,True
1295,11377,2026-09-26T12:42:03+00:00,,51,Flag,YELLOW,Sector,21.0,,YELLOW IN TRACK SECTOR 21,2026-09-26 12:42:03+00:00,False
1295,11377,2026-09-26T12:42:03+00:00,,51,Flag,YELLOW,Sector,20.0,,YELLOW IN TRACK SECTOR 20,2026-09-26 12:42:03+00:00,False
1295,11377,2026-09-26T12:42:06+00:00,,51,Flag,CLEAR,Sector,20.0,,CLEAR IN TRACK SECTOR 20,2026-09-26 12:42:06+00:00,False
1295,11377,2026-09-26T12:42:08+00:00,,51,Flag,CLEAR,Sector,21.0,,CLEAR IN TRACK SECTOR 21,2026-09-26 12:42:08+00:00,False
1295,11377,2026-09-26T12:42:45+00:00,,51,Flag,YELLOW,Sector,21.0,,YELLOW IN TRACK SECTOR 21,2026-09-26 12:42:45+00:00,False
1295,11377,2026-09-26T12:42:45+00:00,,51,Flag,YELLOW,Sector,20.0,,YELLOW IN TRACK SECTOR 20,2026-09-26 12:42:45+00:00,False
1295,11377,2026-09-26T12:42:50+00:00,,51,Flag,CLEAR,Sector,20.0,,CLEAR IN TRACK SECTOR 20,2026-09-26 12:42:50+00:00,False
1295,11377,2026-09-26T12:42:52+00:00,,51,Flag,CLEAR,Sector,21.0,,CLEAR IN TRACK SECTOR 21,2026-09-26 12:42:52+00:00,False
1295,11377,2026-09-26T12:44:08+00:00,,51,Other,,,,,ALL PASS HOLDERS MAY ACCESS THE PIT LANE,2026-09-26 12:44:08+00:00,False
1295,11377,2026-09-26T12:45:16+00:00,,51,Other,,,,,CAR 5 (BOR) TIME 1:48.000 DELETED - TRACK LIMITS AT TURN 16 LAP 41 16:24:13,2026-09-26 12:45:16+00:00,False
1295,11377,2026-09-26T12:45:17+00:00,,51,Other,,,,,CAR 41 (LIN) TIME 1:48.323 DELETED - TRACK LIMITS AT TURN 15 LAP 51 16:41:53,2026-09-26 12:45:17+00:00,False
1295,11377,2026-09-26T12:45:19+00:00,,51,Other,,,,,CAR 27 (HUL) TIME 1:48.265 DELETED - TRACK LIMITS AT TURN 15 LAP 51 16:41:54,2026-09-26 12:45:19+00:00,False
1295,11377,2026-09-26T12:45:22+00:00,,51,Other,,,,,CAR 55 (SAI) TIME 1:48.369 DELETED - TRACK LIMITS AT TURN 15 LAP 51 16:41:54,2026-09-26 12:45:22+00:00,False
1295,11377,2026-09-26T12:45:23+00:00,,51,Other,,,,,CAR 5 (BOR) TIME 1:47.605 DELETED - TRACK LIMITS AT TURN 15 LAP 51 16:41:56,2026-09-26 12:45:23+00:00,False
1295,11377,2026-09-26T12:45:27+00:00,,51,Other,,,,,CAR 30 (LAW) TIME 1:47.872 DELETED - TRACK LIMITS AT TURN 15 LAP 51 16:41:56,2026-09-26 12:45:27+00:00,False
1295,11377,2026-09-26T12:45:38+00:00,,51,Other,,,,,CAR 81 (PIA) TIME 1:49.030 DELETED - TRACK LIMITS AT TURN 15 LAP 51 16:41:57,2026-09-26 12:45:38+00:00,False
1295,11377,2026-09-26T12:45:39+00:00,,51,Other,,,,,CAR 11 (PER) TIME 1:48.666 DELETED - TRACK LIMITS AT TURN 15 LAP 51 16:42:02,2026-09-26 12:45:39+00:00,False
1295,11377,2026-09-26T12:45:41+00:00,,51,Flag,CLEAR,Sector,14.0,,CLEAR IN TRACK SECTOR 14,2026-09-26 12:45:41+00:00,False
1295,11377,2026-09-26T12:45:44+00:00,,51,Other,,,,,CAR 31 (OCO) TIME 1:48.925 DELETED - TRACK LIMITS AT TURN 15 LAP 51 16:41:51,2026-09-26 12:45:44+00:00,False
1295,11377,2026-09-26T12:45:49+00:00,,51,Other,,,,,CAR 87 (BEA) TIME 1:48.360 DELETED - TRACK LIMITS AT TURN 15 LAP 51 16:41:53,2026-09-26 12:45:49+00:00,False
1295,11377,2026-09-26T12:45:51+00:00,,51,Other,,,,,CAR 44 (HAM) TIME 1:49.739 DELETED - TRACK LIMITS AT TURN 15 LAP 51 16:41:43,2026-09-26 12:45:51+00:00,False
1295,11377,2026-09-26T12:47:27+00:00,,51,Other,,,,,TURN 15 INCIDENT INVOLVING CAR 77 (BOT) NOTED (16:42:31),2026-09-26 12:47:27+00:00,False
1295,11377,2026-09-26T12:47:28+00:00,,51,Flag,DOUBLE YELLOW,Sector,2.0,,DOUBLE YELLOW IN TRACK SECTOR 2,2026-09-26 12:47:28+00:00,False
1295,11377,2026-09-26T12:47:28+00:00,,51,Flag,YELLOW,Sector,1.0,,YELLOW IN TRACK SECTOR 1,2026-09-26 12:47:28+00:00,False
1295,11377,2026-09-26T12:47:40+00:00,,51,Flag,CLEAR,Sector,1.0,,CLEAR IN TRACK SECTOR 1,2026-09-26 12:47:40+00:00,False
1295,11377,2026-09-26T12:48:24+00:00,,51,Flag,CLEAR,Sector,2.0,,CLEAR IN TRACK SECTOR 2,2026-09-26 12:48:24+00:00,False
1295,11377,2026-09-26T12:50:45+00:00,,51,Other,,,,,FIA STEWARDS: 10 SECOND TIME PENALTY FOR CAR 43 (COL) - CAUSING A COLLISION (16:11:31),2026-09-26 12:50:45+00:00,False
1295,11377,2026-09-26T12:51:28+00:00,,51,Flag,DOUBLE YELLOW,Sector,2.0,,DOUBLE YELLOW IN TRACK SECTOR 2,2026-09-26 12:51:28+00:00,False
1295,11377,2026-09-26T12:51:35+00:00,,51,Flag,DOUBLE YELLOW,Sector,3.0,,DOUBLE YELLOW IN TRACK SECTOR 3,2026-09-26 12:51:35+00:00,False
1295,11377,2026-09-26T12:51:54+00:00,,51,Flag,DOUBLE YELLOW,Sector,7.0,,DOUBLE YELLOW IN TRACK SECTOR 7,2026-09-26 12:51:54+00:00,False
1295,11377,2026-09-26T12:52:26+00:00,,51,Flag,YELLOW,Sector,18.0,,YELLOW IN TRACK SECTOR 18,2026-09-26 12:52:26+00:00,False
1295,11377,2026-09-26T12:52:27+00:00,,51,Flag,CLEAR,Sector,18.0,,CLEAR IN TRACK SECTOR 18,2026-09-26 12:52:27+00:00,False
1295,11377,2026-09-26T12:52:29+00:00,,51,Flag,DOUBLE YELLOW,Sector,18.0,,DOUBLE YELLOW IN TRACK SECTOR 18,2026-09-26 12:52:29+00:00,False
1295,11377,2026-09-26T12:52:30+00:00,,51,Flag,CLEAR,Sector,18.0,,CLEAR IN TRACK SECTOR 18,2026-09-26 12:52:30+00:00,False
1295,11377,2026-09-26T12:54:20+00:00,,51,Other,,,,,FIA STEWARDS: TURN 15 INCIDENT INVOLVING CAR 77 (BOT) WILL BE INVESTIGATED AFTER THE RACE (16:42:31),2026-09-26 12:54:20+00:00,False
1295,11377,2026-09-26T12:54:43+00:00,,51,Flag,CLEAR,Sector,2.0,,CLEAR IN TRACK SECTOR 2,2026-09-26 12:54:43+00:00,False
1295,11377,2026-09-26T12:54:45+00:00,,51,Flag,CLEAR,Sector,7.0,,CLEAR IN TRACK SECTOR 7,2026-09-26 12:54:45+00:00,False
1295,11377,2026-09-26T13:01:46+00:00,,51,Flag,CLEAR,Sector,3.0,,CLEAR IN TRACK SECTOR 3,2026-09-26 13:01:46+00:00,False
1295,11377,2026-09-26T13:11:57+00:00,,51,Flag,CLEAR,Sector,15.0,,CLEAR IN TRACK SECTOR 15,2026-09-26 13:11:57+00:00,False
