meeting_key,session_key,driver_number,lap_number,date_start,duration_sector_1,duration_sector_2,duration_sector_3,i1_speed,i2_speed,is_pit_out_lap,lap_duration,segments_sector_1,segments_sector_2,segments_sector_3,st_speed,full_name,name_acronym,team_name,team_colour,lap_start_utc,lap_end_est_utc,is_final_top10,is_main_pair,stint_match_count,stint_number,compound,tyre_age_start_lap_est,has_pit_lane_record,race_control_review,pace_eligible,eligibility_note
1295,11377,3,1,2026-09-26T11:03:50.711000+00:00,46.011,45.736,24.842,181.0,197.0,False,116.589,"[None, 2049, 2049, 2049, 2049, 2049, 2049, 2049]","[2049, 2049, 2049, 2049, 2049, 2049, 2049, 2049, 2049, 2049]","[2049, 2049, 2049, 2049, 2049, 2049, 2049, 2049, 2049]",343.0,Max VERSTAPPEN,VER,Red Bull Racing,4781D7,2026-09-26 11:03:50.711000+00:00,2026-09-26 11:05:47.300000+00:00,True,True,1,1.0,MEDIUM,0.0,False,PENDING_TIME_INTERVAL_REVIEW,,Finalize after checking temporal overlap with race-control periods
1295,11377,3,2,2026-09-26T11:05:47.300000+00:00,39.463,44.774,24.999,184.0,200.0,False,109.236,"[2049, 2049, 2049, 2051, 2049, 2049, 2049, 2048]","[2049, 2048, 2049, 2049, 2049, 2049, 2049, 2049, 2051, 2049]","[2048, 2049, 2051, 2049, 2048, 2048, 2048, 2048, 2048]",339.0,Max VERSTAPPEN,VER,Red Bull Racing,4781D7,2026-09-26 11:05:47.300000+00:00,2026-09-26 11:07:36.536000+00:00,True,True,1,1.0,MEDIUM,1.0,False,PENDING_TIME_INTERVAL_REVIEW,,Finalize after checking temporal overlap with race-control periods
1295,11377,3,3,2026-09-26T11:07:36.447000+00:00,39.245,44.763,25.015,183.0,206.0,False,109.023,"[2048, 2048, 2049, 2048, 2051, 2049, 2048, 2048]","[2048, 2048, 2049, 2049, 2049, 2049, 2048, 2049, 2048, 2048]","[2049, 2048, 2049, 2049, 2048, 2048, 2048, 2048, 2048]",338.0,Max VERSTAPPEN,VER,Red Bull Racing,4781D7,2026-09-26 11:07:36.447000+00:00,2026-09-26 11:09:25.470000+00:00,True,True,1,1.0,MEDIUM,2.0,False,PENDING_TIME_INTERVAL_REVIEW,,Finalize after checking temporal overlap with race-control periods
1295,11377,3,4,2026-09-26T11:09:25.359000+00:00,39.529,45.137,24.791,,208.0,False,109.457,"[None, 2049, 2048, 2048, 2048, 2048, 2048, 2048]","[2048, 2048, 2048, 2048, 2048, 2049, 2049, 2048, 2048, 2048]","[2048, 2048, 2048, 2049, 2051, 2049, 2049, 2048, 2048]",344.0,Max VERSTAPPEN,VER,Red Bull Racing,4781D7,2026-09-26 11:09:25.359000+00:00,2026-09-26 11:11:14.816000+00:00,True,True,1,1.0,MEDIUM,3.0,False,PENDING_TIME_INTERVAL_REVIEW,,Finalize after checking temporal overlap with race-control periods
1295,11377,3,5,2026-09-26T11:11:14.909000+00:00,38.665,44.205,24.981,189.0,206.0,False,107.851,"[None, 2049, 2049, 2048, 2048, 2049, 2049, 2048]","[2049, 2048, 2049, 2049, 2049, 2049, 2048, 2049, 2049, 2049]","[2049, 2049, 2051, 2048, 2048, 2048, 2048, 2048, 2048]",334.0,Max VERSTAPPEN,VER,Red Bull Racing,4781D7,2026-09-26 11:11:14.909000+00:00,2026-09-26 11:13:02.760000+00:00,True,True,1,1.0,MEDIUM,4.0,False,PENDING_TIME_INTERVAL_REVIEW,,Finalize after checking temporal overlap with race-control periods
1295,11377,3,6,2026-09-26T11:13:02.746000+00:00,38.662,44.169,24.743,192.0,206.0,False,107.574,"[2049, 2049, 2048, 2048, 2048, 2048, 2048, 2048]","[2049, 2048, 2049, 2048, 2049, 2051, 2049, 2049, 2048, 2048]","[2048, 2049, 2051, 2049, 2048, 2048, 2048, 2049, 2049]",340.0,Max VERSTAPPEN,VER,Red Bull Racing,4781D7,2026-09-26 11:13:02.746000+00:00,2026-09-26 11:14:50.320000+00:00,True,True,1,1.0,MEDIUM,5.0,False,PENDING_TIME_INTERVAL_REVIEW,,Finalize after checking temporal overlap with race-control periods
1295,11377,3,7,2026-09-26T11:14:50.421000+00:00,38.5,44.149,25.282,188.0,208.0,False,107.931,"[None, 2048, 2049, 2048, 2048, 2048, 2049, 2048]","[2049, 2048, 2048, 2049, 2048, 2048, 2048, 2049, 2048, 2048]","[2048, 2048, 2048, 2048, 2048, 2048, 2048, 2048]",330.0,Max VERSTAPPEN,VER,Red Bull Racing,4781D7,2026-09-26 11:14:50.421000+00:00,2026-09-26 11:16:38.352000+00:00,True,True,1,1.0,MEDIUM,6.0,False,PENDING_TIME_INTERVAL_REVIEW,,Finalize after checking temporal overlap with race-control periods
1295,11377,3,8,2026-09-26T11:16:38.327000+00:00,38.523,44.307,25.089,192.0,206.0,False,107.919,"[2048, 2049, 2049, 2048, 2048, 2048, 2049, 2048]","[2048, 2048, 2048, 2049, 2048, 2048, 2048, 2048, 2048, 2048]","[2048, 2048, 2048, 2048, 2048, 2048, 2048, 2048, 2048]",331.0,Max VERSTAPPEN,VER,Red Bull Racing,4781D7,2026-09-26 11:16:38.327000+00:00,2026-09-26 11:18:26.246000+00:00,True,True,1,1.0,MEDIUM,7.0,False,PENDING_TIME_INTERVAL_REVIEW,,Finalize after checking temporal overlap with race-control periods
1295,11377,3,9,2026-09-26T11:18:26.324000+00:00,39.061,44.589,25.218,191.0,200.0,False,108.868,"[None, 2048, 2048, 2048, 2048, 2048, 2048, 2048]","[2048, 2048, 2048, 2048, 2048, 2048, 2048, 2048, 2048, 2048]","[2048, 2049, 2049, 2048, 2048, 2048, 2048, 2048, 2048]",330.0,Max VERSTAPPEN,VER,Red Bull Racing,4781D7,2026-09-26 11:18:26.324000+00:00,2026-09-26 11:20:15.192000+00:00,True,True,1,1.0,MEDIUM,8.0,False,PENDING_TIME_INTERVAL_REVIEW,,Finalize after checking temporal overlap with race-control periods
1295,11377,3,10,2026-09-26T11:20:15.071000+00:00,38.736,44.29,24.993,,209.0,False,108.019,"[None, 2048, 2048, 2048, 2048, 2048, 2049, 2048]","[2048, 2048, 2049, 2048, 2048, 2048, 2048, 2048, 2048, 2048]","[2049, 2049, 2051, 2048, 2048, 2048, 2048, 2048, 2048]",331.0,Max VERSTAPPEN,VER,Red Bull Racing,4781D7,2026-09-26 11:20:15.071000+00:00,2026-09-26 11:22:03.090000+00:00,True,True,1,1.0,MEDIUM,9.0,False,PENDING_TIME_INTERVAL_REVIEW,,Finalize after checking temporal overlap with race-control periods
1295,11377,3,11,2026-09-26T11:22:03.082000+00:00,38.906,44.542,25.109,,207.0,False,108.557,"[None, 2048, 2048, 2048, 2048, 2048, 2048, 2048]","[2048, 2048, 2049, 2048, 2048, 2048, 2048, 2048, 2048, 2048]","[2048, 2048, 2048, 2048, 2048, 2048, 2048, 2048, 2048]",330.0,Max VERSTAPPEN,VER,Red Bull Racing,4781D7,2026-09-26 11:22:03.082000+00:00,2026-09-26 11:23:51.639000+00:00,True,True,1,1.0,MEDIUM,10.0,False,PENDING_TIME_INTERVAL_REVIEW,,Finalize after checking temporal overlap with race-control periods
1295,11377,3,12,2026-09-26T11:23:51.623000+00:00,38.832,44.458,25.117,192.0,209.0,False,108.407,"[None, 2048, 2048, 2048, 2048, 2048, 2048, 2048]","[2048, 2048, 2048, 2048, 2048, 2048, 2048, 2048, 2048, 2048]","[2048, 2048, 2048, 2048, 2048, 2048, 2048, 2048, 2048]",329.0,Max VERSTAPPEN,VER,Red Bull Racing,4781D7,2026-09-26 11:23:51.623000+00:00,2026-09-26 11:25:40.030000+00:00,True,True,1,1.0,MEDIUM,11.0,False,PENDING_TIME_INTERVAL_REVIEW,,Finalize after checking temporal overlap with race-control periods
1295,11377,3,13,2026-09-26T11:25:40.007000+00:00,38.547,44.313,25.141,193.0,207.0,False,108.001,"[None, 2048, 2049, 2048, 2048, 2048, 2048, 2048]","[2048, 2048, 2049, 2048, 2048, 2048, 2048, 2048, 2048, 2048]","[2048, 2048, 2048, 2048, 2048, 2048, 2048, 2048, 2048]",329.0,Max VERSTAPPEN,VER,Red Bull Racing,4781D7,2026-09-26 11:25:40.007000+00:00,2026-09-26 11:27:28.008000+00:00,True,True,1,1.0,MEDIUM,12.0,False,PENDING_TIME_INTERVAL_REVIEW,,Finalize after checking temporal overlap with race-control periods
1295,11377,3,14,2026-09-26T11:27:28.130000+00:00,38.601,44.281,25.129,191.0,210.0,False,108.011,"[None, 2048, 2048, 2048, 2048, 2048, 2048, 2048]","[2048, 2048, 2048, 2048, 2048, 2048, 2048, 2049, 2048, 2048]","[2048, 2048, 2048, 2048, 2048, 2048, 2048, 2048, 2048]",330.0,Max VERSTAPPEN,VER,Red Bull Racing,4781D7,2026-09-26 11:27:28.130000+00:00,2026-09-26 11:29:16.141000+00:00,True,True,1,1.0,MEDIUM,13.0,False,PENDING_TIME_INTERVAL_REVIEW,,Finalize after checking temporal overlap with race-control periods
1295,11377,3,15,2026-09-26T11:29:16.090000+00:00,38.641,44.437,25.054,188.0,207.0,False,108.132,"[None, 2048, 2048, 2048, 2048, 2048, 2049, 2048]","[2048, 2048, 2048, 2048, 2048, 2048, 2048, 2049, 2048, 2048]","[2049, 2051, 2048, 2048, 2048, 2048, 2048, 2048, 2048]",330.0,Max VERSTAPPEN,VER,Red Bull Racing,4781D7,2026-09-26 11:29:16.090000+00:00,2026-09-26 11:31:04.222000+00:00,True,True,1,1.0,MEDIUM,14.0,False,PENDING_TIME_INTERVAL_REVIEW,,Finalize after checking temporal overlap with race-control periods
1295,11377,3,16,2026-09-26T11:31:04.248000+00:00,38.578,44.153,25.211,195.0,207.0,False,107.942,"[None, 2048, 2048, 2048, 2048, 2048, 2049, 2048]","[2048, 2048, 2048, 2048, 2048, 2048, 2051, 2049, 2048, 2048]","[2048, 2048, 2048, 2048, 2048, 2048, 2048, 2048, 2048]",328.0,Max VERSTAPPEN,VER,Red Bull Racing,4781D7,2026-09-26 11:31:04.248000+00:00,2026-09-26 11:32:52.190000+00:00,True,True,1,1.0,MEDIUM,15.0,False,PENDING_TIME_INTERVAL_REVIEW,,Finalize after checking temporal overlap with race-control periods
1295,11377,3,17,2026-09-26T11:32:52.186000+00:00,38.582,43.942,25.163,193.0,210.0,False,107.687,"[None, 2048, 2048, 2048, 2048, 2048, 2048, 2048]","[2048, 2048, 2048, 2049, 2048, 2048, 2048, 2049, 2049, 2048]","[2048, 2048, 2048, 2048, 2048, 2048, 2048, 2048, 2048]",330.0,Max VERSTAPPEN,VER,Red Bull Racing,4781D7,2026-09-26 11:32:52.186000+00:00,2026-09-26 11:34:39.873000+00:00,True,True,1,1.0,MEDIUM,16.0,False,PENDING_TIME_INTERVAL_REVIEW,,Finalize after checking temporal overlap with race-control periods
1295,11377,3,18,2026-09-26T11:34:39.807000+00:00,38.662,44.165,25.089,,207.0,False,107.916,"[None, 2048, 2048, 2048, 2048, 2048, 2048, 2048]","[2048, 2048, 2048, 2048, 2048, 2048, 2048, 2048, 2048, 2048]","[2048, 2048, 2048, 2048, 2048, 2048, 2048, 2048, 2048]",330.0,Max VERSTAPPEN,VER,Red Bull Racing,4781D7,2026-09-26 11:34:39.807000+00:00,2026-09-26 11:36:27.723000+00:00,True,True,1,1.0,MEDIUM,17.0,False,PENDING_TIME_INTERVAL_REVIEW,,Finalize after checking temporal overlap with race-control periods
1295,11377,3,19,2026-09-26T11:36:27.773000+00:00,38.655,44.325,25.474,197.0,211.0,False,108.454,"[None, 2048, 2048, 2048, 2048, 2048, 2048, 2048]","[2048, 2048, 2048, 2048, 2048, 2048, 2048, 2049, 2048, 2048]","[2048, 2048, 2048, 2048, 2048, 2048, 2048, 2048, 2048]",328.0,Max VERSTAPPEN,VER,Red Bull Racing,4781D7,2026-09-26 11:36:27.773000+00:00,2026-09-26 11:38:16.227000+00:00,True,True,1,1.0,MEDIUM,18.0,False,PENDING_TIME_INTERVAL_REVIEW,,Finalize after checking temporal overlap with race-control periods
1295,11377,3,20,2026-09-26T11:38:16.297000+00:00,38.553,44.217,25.068,198.0,209.0,False,107.838,"[None, 2048, 2048, 2048, 2048, 2048, 2049, 2048]","[2048, 2048, 2049, 2048, 2048, 2048, 2048, 2048, 2048, 2048]","[2048, 2048, 2048, 2048, 2048, 2048, 2048, 2048, 2048]",330.0,Max VERSTAPPEN,VER,Red Bull Racing,4781D7,2026-09-26 11:38:16.297000+00:00,2026-09-26 11:40:04.135000+00:00,True,True,1,1.0,MEDIUM,19.0,False,PENDING_TIME_INTERVAL_REVIEW,,Finalize after checking temporal overlap with race-control periods
1295,11377,3,21,2026-09-26T11:40:04.107000+00:00,38.437,44.164,25.062,196.0,211.0,False,107.663,"[None, 2049, 2048, 2048, 2049, 2048, 2048, 2048]","[2048, 2048, 2048, 2048, 2048, 2048, 2048, 2048, 2049, 2048]","[2048, 2048, 2049, 2048, 2048, 2048, 2048, 2048, 2048]",331.0,Max VERSTAPPEN,VER,Red Bull Racing,4781D7,2026-09-26 11:40:04.107000+00:00,2026-09-26 11:41:51.770000+00:00,True,True,1,1.0,MEDIUM,20.0,False,PENDING_TIME_INTERVAL_REVIEW,,Finalize after checking temporal overlap with race-control periods
1295,11377,3,22,2026-09-26T11:41:51.770000+00:00,38.399,44.178,25.078,,211.0,False,107.655,"[None, 2048, 2048, 2048, 2048, 2049, 2048, 2048]","[2048, 2048, 2048, 2048, 2048, 2048, 2048, 2048, 2048, 2048]","[2048, 2049, 2049, 2048, 2048, 2048, 2048, 2048, 2048]",330.0,Max VERSTAPPEN,VER,Red Bull Racing,4781D7,2026-09-26 11:41:51.770000+00:00,2026-09-26 11:43:39.425000+00:00,True,True,1,1.0,MEDIUM,21.0,False,PENDING_TIME_INTERVAL_REVIEW,,Finalize after checking temporal overlap with race-control periods
1295,11377,3,23,2026-09-26T11:43:39.511000+00:00,38.326,43.943,25.116,,208.0,False,107.385,"[None, 2048, 2048, 2048, 2048, 2048, 2048, 2048]","[2048, 2048, 2049, 2049, 2048, 2048, 2048, 2048, 2048, 2048]","[2048, 2048, 2048, 2048, 2048, 2048, 2048, 2048, 2048]",331.0,Max VERSTAPPEN,VER,Red Bull Racing,4781D7,2026-09-26 11:43:39.511000+00:00,2026-09-26 11:45:26.896000+00:00,True,True,1,1.0,MEDIUM,22.0,False,PENDING_TIME_INTERVAL_REVIEW,,Finalize after checking temporal overlap with race-control periods
1295,11377,3,24,2026-09-26T11:45:26.741000+00:00,38.292,44.071,25.134,198.0,211.0,False,107.497,"[None, 2048, 2048, 2048, 2048, 2048, 2048, 2048]","[2048, 2048, 2048, 2048, 2048, 2048, 2048, 2048, 2048, 2048]","[2048, 2048, 2048, 2048, 2048, 2048, 2048, 2048, 2048]",331.0,Max VERSTAPPEN,VER,Red Bull Racing,4781D7,2026-09-26 11:45:26.741000+00:00,2026-09-26 11:47:14.238000+00:00,True,True,1,1.0,MEDIUM,23.0,False,PENDING_TIME_INTERVAL_REVIEW,,Finalize after checking temporal overlap with race-control periods
1295,11377,3,25,2026-09-26T11:47:14.317000+00:00,38.08,44.14,24.987,196.0,212.0,False,107.207,"[None, 2048, 2048, 2048, 2048, 2049, 2049, 2048]","[2048, 2048, 2048, 2049, 2048, 2048, 2048, 2048, 2048, 2048]","[2048, 2048, 2051, 2048, 2048, 2048, 2048, 2048, 2048]",332.0,Max VERSTAPPEN,VER,Red Bull Racing,4781D7,2026-09-26 11:47:14.317000+00:00,2026-09-26 11:49:01.524000+00:00,True,True,1,1.0,MEDIUM,24.0,False,PENDING_TIME_INTERVAL_REVIEW,,Finalize after checking temporal overlap with race-control periods
1295,11377,3,26,2026-09-26T11:49:01.550000+00:00,38.427,44.242,25.131,197.0,204.0,False,107.8,"[None, 2048, 2048, 2048, 2049, 2048, 2048, 2048]","[2048, 2048, 2048, 2048, 2048, 2048, 2048, 2049, 2048, 2048]","[2048, 2048, 2048, 2048, 2048, 2048, 2048, 2048, 2048]",331.0,Max VERSTAPPEN,VER,Red Bull Racing,4781D7,2026-09-26 11:49:01.550000+00:00,2026-09-26 11:50:49.350000+00:00,True,True,1,1.0,MEDIUM,25.0,False,PENDING_TIME_INTERVAL_REVIEW,,Finalize after checking temporal overlap with race-control periods
1295,11377,3,27,2026-09-26T11:50:49.282000+00:00,38.251,44.147,25.082,196.0,205.0,False,107.48,"[None, 2048, 2048, 2048, 2048, 2048, 2048, 2048]","[2048, 2048, 2048, 2048, 2048, 2048, 2048, 2048, 2048, 2048]","[2048, 2048, 2048, 2049, 2048, 2048, 2048, 2048, 2048]",330.0,Max VERSTAPPEN,VER,Red Bull Racing,4781D7,2026-09-26 11:50:49.282000+00:00,2026-09-26 11:52:36.762000+00:00,True,True,1,1.0,MEDIUM,26.0,False,PENDING_TIME_INTERVAL_REVIEW,,Finalize after checking temporal overlap with race-control periods
1295,11377,3,28,2026-09-26T11:52:36.764000+00:00,38.113,44.007,25.25,,207.0,False,107.37,"[None, 2048, 2051, 2048, 2048, 2048, 2048, 2048]","[2048, 2048, 2048, 2048, 2048, 2048, 2048, 2048, 2048, 2048]","[2048, 2048, 2048, 2048, 2048, 2048, 2048, 2048, 2048]",330.0,Max VERSTAPPEN,VER,Red Bull Racing,4781D7,2026-09-26 11:52:36.764000+00:00,2026-09-26 11:54:24.134000+00:00,True,True,1,1.0,MEDIUM,27.0,False,PENDING_TIME_INTERVAL_REVIEW,,Finalize after checking temporal overlap with race-control periods
1295,11377,3,29,2026-09-26T11:54:24.184000+00:00,38.222,43.987,25.098,200.0,208.0,False,107.307,"[None, 2048, 2048, 2048, 2048, 2048, 2048, 2048]","[2048, 2048, 2048, 2048, 2048, 2048, 2048, 2048, 2049, 2048]","[2048, 2048, 2049, 2049, 2048, 2048, 2048, 2048, 2048]",330.0,Max VERSTAPPEN,VER,Red Bull Racing,4781D7,2026-09-26 11:54:24.184000+00:00,2026-09-26 11:56:11.491000+00:00,True,True,1,1.0,MEDIUM,28.0,False,PENDING_TIME_INTERVAL_REVIEW,,Finalize after checking temporal overlap with race-control periods
1295,11377,3,30,2026-09-26T11:56:11.355000+00:00,38.187,43.992,25.111,197.0,207.0,False,107.29,"[None, 2048, 2048, 2048, 2048, 2048, 2048, 2048]","[2048, 2048, 2048, 2049, 2048, 2048, 2048, 2048, 2048, 2048]","[2048, 2048, 2048, 2048, 2048, 2048, 2048, 2048, 2048]",331.0,Max VERSTAPPEN,VER,Red Bull Racing,4781D7,2026-09-26 11:56:11.355000+00:00,2026-09-26 11:57:58.645000+00:00,True,True,1,1.0,MEDIUM,29.0,False,PENDING_TIME_INTERVAL_REVIEW,,Finalize after checking temporal overlap with race-control periods
1295,11377,3,31,2026-09-26T11:57:58.755000+00:00,51.798,59.335,41.12,112.0,137.0,False,152.253,"[None, 2048, 2048, 2048, 2048, 2048, 2048, 2048]","[2048, 2048, 2048, 2048, 2048, 2048, 2048, 2048, 2048, 2048]","[2048, 2048, 2048, 2048, 2048, 2048, 2048, 2064, 2064]",196.0,Max VERSTAPPEN,VER,Red Bull Racing,4781D7,2026-09-26 11:57:58.755000+00:00,2026-09-26 12:00:31.008000+00:00,True,True,1,1.0,MEDIUM,30.0,True,PENDING_TIME_INTERVAL_REVIEW,,Finalize after checking temporal overlap with race-control periods
1295,11377,3,32,2026-09-26T12:00:30.897000+00:00,68.571,57.817,40.599,102.0,183.0,True,166.987,"[2064, 2064, 2048, 2048, 2048, 2048, 2048, 2048]","[2048, 2048, 2048, 2048, 2048, 2048, 2048, 2048, 2048, 2048]","[2048, 2048, 2048, 2048, 2048, 2048, 2048, 2048, 2048]",198.0,Max VERSTAPPEN,VER,Red Bull Racing,4781D7,2026-09-26 12:00:30.897000+00:00,2026-09-26 12:03:17.884000+00:00,True,True,1,2.0,SOFT,0.0,False,PENDING_TIME_INTERVAL_REVIEW,,Finalize after checking temporal overlap with race-control periods
1295,11377,3,33,2026-09-26T12:03:17.938000+00:00,60.588,67.57,38.058,80.0,189.0,False,166.216,"[2048, 2048, 2048, 2048, 2048, 2048, 2048, 2048]","[2048, 2048, 2048, 2048, 2048, 2048, 2048, 2048, 2048, 2048]","[2048, 2048, 2048, 2048, 2048, 2048, 2048, 2048, 2048]",213.0,Max VERSTAPPEN,VER,Red Bull Racing,4781D7,2026-09-26 12:03:17.938000+00:00,2026-09-26 12:06:04.154000+00:00,True,True,1,2.0,SOFT,1.0,False,PENDING_TIME_INTERVAL_REVIEW,,Finalize after checking temporal overlap with race-control periods
1295,11377,3,34,2026-09-26T12:06:04.215000+00:00,65.179,61.54,38.047,162.0,185.0,False,164.766,"[None, 2048, 2048, 2048, 2048, 2048, 2048, 2048]","[2048, 2048, 2048, 2048, 2048, 2048, 2048, 2048, 2048, 2048]","[2048, 2048, 2048, 2048, 2048, 2048, 2048, 2048, 2048]",227.0,Max VERSTAPPEN,VER,Red Bull Racing,4781D7,2026-09-26 12:06:04.215000+00:00,2026-09-26 12:08:48.981000+00:00,True,True,1,2.0,SOFT,2.0,False,PENDING_TIME_INTERVAL_REVIEW,,Finalize after checking temporal overlap with race-control periods
1295,11377,3,35,2026-09-26T12:08:48.876000+00:00,53.67,62.727,41.118,140.0,162.0,False,157.515,"[None, 2048, 2048, 2048, 2048, 2048, 2048, 2048]","[2048, 2048, 2048, 2048, 2048, 2048, 2048, 2048, 2048, 2048]","[2048, 2048, 2048, 2048, 2048, 2048, 2048, 2048, 2048]",182.0,Max VERSTAPPEN,VER,Red Bull Racing,4781D7,2026-09-26 12:08:48.876000+00:00,2026-09-26 12:11:26.391000+00:00,True,True,1,2.0,SOFT,3.0,False,PENDING_TIME_INTERVAL_REVIEW,,Finalize after checking temporal overlap with race-control periods
1295,11377,3,36,2026-09-26T12:11:26.567000+00:00,38.488,49.854,41.596,194.0,149.0,False,129.938,"[None, 2048, 2048, 2051, 2048, 2048, 2048, 2049]","[2048, 2048, 2048, 2048, 2049, 2049, 2051, 2048, 2048, 2048]","[2048, 2048, 2048, 2048, 2048, 2048, 2048, 2064, 2064]",116.0,Max VERSTAPPEN,VER,Red Bull Racing,4781D7,2026-09-26 12:11:26.567000+00:00,2026-09-26 12:13:36.505000+00:00,True,True,1,2.0,SOFT,4.0,True,PENDING_TIME_INTERVAL_REVIEW,,Finalize after checking temporal overlap with race-control periods
1295,11377,3,37,2026-09-26T12:13:36.281000+00:00,62.542,62.059,39.891,96.0,159.0,True,164.492,"[2064, 2064, 2048, 2048, 2048, 2048, 2048, 2048]","[2048, 2048, 2048, 2048, 2048, 2048, 2048, 2048, 2048, 2048]","[2048, 2048, 2048, 2048, 2048, 2048, 2048, 2048, 2048]",238.0,Max VERSTAPPEN,VER,Red Bull Racing,4781D7,2026-09-26 12:13:36.281000+00:00,2026-09-26 12:16:20.773000+00:00,True,True,1,3.0,SOFT,5.0,False,PENDING_TIME_INTERVAL_REVIEW,,Finalize after checking temporal overlap with race-control periods
1295,11377,3,38,2026-09-26T12:16:20.822000+00:00,58.524,62.469,39.894,130.0,166.0,False,160.887,"[2048, 2048, 2048, 2048, 2048, 2048, 2048, 2048]","[2048, 2048, 2048, 2048, 2048, 2048, 2048, 2048, 2048, 2048]","[2048, 2048, 2048, 2048, 2048, 2048, 2048, 2048, 2048]",191.0,Max VERSTAPPEN,VER,Red Bull Racing,4781D7,2026-09-26 12:16:20.822000+00:00,2026-09-26 12:19:01.709000+00:00,True,True,1,3.0,SOFT,6.0,False,PENDING_TIME_INTERVAL_REVIEW,,Finalize after checking temporal overlap with race-control periods
1295,11377,3,39,2026-09-26T12:19:01.814000+00:00,38.087,43.509,24.826,193.0,213.0,False,106.422,"[None, 2048, 2048, 2049, 2049, 2048, 2048, 2049]","[2048, 2049, 2049, 2048, 2049, 2049, 2048, 2048, 2048, 2049]","[2049, 2049, 2049, 2048, 2048, 2048, 2048, 2048, 2048]",334.0,Max VERSTAPPEN,VER,Red Bull Racing,4781D7,2026-09-26 12:19:01.814000+00:00,2026-09-26 12:20:48.236000+00:00,True,True,1,3.0,SOFT,7.0,False,PENDING_TIME_INTERVAL_REVIEW,,Finalize after checking temporal overlap with race-control periods
1295,11377,3,40,2026-09-26T12:20:48.144000+00:00,38.238,43.107,24.851,199.0,216.0,False,106.196,"[None, 2048, 2048, 2048, 2048, 2048, 2049, 2048]","[2049, 2048, 2049, 2049, 2049, 2049, 2048, 2048, 2049, 2049]","[2049, 2051, 2049, 2048, 2048, 2048, 2048, 2048, 2048]",333.0,Max VERSTAPPEN,VER,Red Bull Racing,4781D7,2026-09-26 12:20:48.144000+00:00,2026-09-26 12:22:34.340000+00:00,True,True,1,3.0,SOFT,8.0,False,PENDING_TIME_INTERVAL_REVIEW,,Finalize after checking temporal overlap with race-control periods
1295,11377,3,41,2026-09-26T12:22:34.338000+00:00,37.724,43.123,24.937,201.0,215.0,False,105.784,"[None, 2049, 2048, 2048, 2048, 2049, 2049, 2048]","[2048, 2048, 2048, 2048, 2049, 2048, 2048, 2048, 2051, 2048]","[2048, 2048, 2048, 2048, 2048, 2048, 2048, 2048, 2048]",332.0,Max VERSTAPPEN,VER,Red Bull Racing,4781D7,2026-09-26 12:22:34.338000+00:00,2026-09-26 12:24:20.122000+00:00,True,True,1,3.0,SOFT,9.0,False,PENDING_TIME_INTERVAL_REVIEW,,Finalize after checking temporal overlap with race-control periods
1295,11377,3,42,2026-09-26T12:24:20.133000+00:00,37.6,43.014,24.775,,216.0,False,105.389,"[None, 2049, 2048, 2048, 2048, 2048, 2049, 2048]","[2048, 2048, 2049, 2049, 2048, 2048, 2048, 2048, 2048, 2048]","[2049, 2049, 2049, 2049, 2048, 2048, 2048, 2048]",332.0,Max VERSTAPPEN,VER,Red Bull Racing,4781D7,2026-09-26 12:24:20.133000+00:00,2026-09-26 12:26:05.522000+00:00,True,True,1,3.0,SOFT,10.0,False,PENDING_TIME_INTERVAL_REVIEW,,Finalize after checking temporal overlap with race-control periods
1295,11377,3,43,2026-09-26T12:26:05.461000+00:00,37.62,43.109,24.845,200.0,214.0,False,105.574,"[None, 2048, 2049, 2048, 2048, 2048, 2048, 2048]","[2049, 2048, 2048, 2048, 2048, 2049, 2048, 2048, 2048, 2048]","[2048, 2048, 2048, 2048, 2048, 2048, 2048, 2048, 2048]",335.0,Max VERSTAPPEN,VER,Red Bull Racing,4781D7,2026-09-26 12:26:05.461000+00:00,2026-09-26 12:27:51.035000+00:00,True,True,1,3.0,SOFT,11.0,False,PENDING_TIME_INTERVAL_REVIEW,,Finalize after checking temporal overlap with race-control periods
1295,11377,3,44,2026-09-26T12:27:51.134000+00:00,37.449,42.998,24.688,207.0,209.0,False,105.135,"[None, 2048, 2049, 2048, 2049, 2049, 2048, 2048]","[2048, 2048, 2048, 2048, 2048, 2051, 2048, 2048, 2048, 2048]","[2049, 2048, 2049, 2048, 2048, 2048, 2048, 2048, 2048]",336.0,Max VERSTAPPEN,VER,Red Bull Racing,4781D7,2026-09-26 12:27:51.134000+00:00,2026-09-26 12:29:36.269000+00:00,True,True,1,3.0,SOFT,12.0,False,PENDING_TIME_INTERVAL_REVIEW,,Finalize after checking temporal overlap with race-control periods
1295,11377,3,45,2026-09-26T12:29:36.197000+00:00,37.532,42.851,24.687,203.0,214.0,False,105.07,"[None, 2048, 2048, 2048, 2048, 2048, 2048, 2048]","[2048, 2048, 2049, 2049, 2048, 2051, 2048, 2048, 2051, 2048]","[2049, 2048, 2049, 2049, 2048, 2048, 2048, 2048, 2048]",333.0,Max VERSTAPPEN,VER,Red Bull Racing,4781D7,2026-09-26 12:29:36.197000+00:00,2026-09-26 12:31:21.267000+00:00,True,True,1,3.0,SOFT,13.0,False,PENDING_TIME_INTERVAL_REVIEW,,Finalize after checking temporal overlap with race-control periods
1295,11377,3,46,2026-09-26T12:31:21.314000+00:00,37.411,43.154,24.706,202.0,213.0,False,105.271,"[None, 2048, 2048, 2048, 2048, 2048, 2048, 2049]","[2048, 2048, 2049, 2048, 2049, 2048, 2048, 2048, 2048, 2048]","[2048, 2048, 2048, 2048, 2048, 2048, 2048, 2048, 2048]",334.0,Max VERSTAPPEN,VER,Red Bull Racing,4781D7,2026-09-26 12:31:21.314000+00:00,2026-09-26 12:33:06.585000+00:00,True,True,1,3.0,SOFT,14.0,False,PENDING_TIME_INTERVAL_REVIEW,,Finalize after checking temporal overlap with race-control periods
1295,11377,3,47,2026-09-26T12:33:06.583000+00:00,37.376,43.098,24.662,200.0,217.0,False,105.136,"[None, 2048, 2049, 2048, 2048, 2049, 2048, 2048]","[2048, 2048, 2048, 2049, 2048, 2048, 2048, 2048, 2048, 2048]","[2051, 2049, 2048, 2048, 2048, 2048, 2048, 2048, 2048]",333.0,Max VERSTAPPEN,VER,Red Bull Racing,4781D7,2026-09-26 12:33:06.583000+00:00,2026-09-26 12:34:51.719000+00:00,True,True,1,3.0,SOFT,15.0,False,PENDING_TIME_INTERVAL_REVIEW,,Finalize after checking temporal overlap with race-control periods
1295,11377,3,48,2026-09-26T12:34:51.839000+00:00,37.222,42.999,24.772,201.0,213.0,False,104.993,"[2049, 2049, 2049, 2048, 2048, 2048, 2049, 2048]","[2048, 2048, 2048, 2048, 2049, 2048, 2048, 2048, 2048, 2048]","[2048, 2048, 2048, 2048, 2048, 2048, 2048, 2048, 2048]",332.0,Max VERSTAPPEN,VER,Red Bull Racing,4781D7,2026-09-26 12:34:51.839000+00:00,2026-09-26 12:36:36.832000+00:00,True,True,1,3.0,SOFT,16.0,False,PENDING_TIME_INTERVAL_REVIEW,,Finalize after checking temporal overlap with race-control periods
1295,11377,3,49,2026-09-26T12:36:36.907000+00:00,37.169,43.101,24.75,205.0,217.0,False,105.02,"[2048, 2048, 2049, 2048, 2048, 2049, 2051, 2049]","[2048, 2048, 2049, 2049, 2048, 2048, 2048, 2048, 2048, 2048]","[2048, 2048, 2048, 2048, 2048, 2048, 2048, 2048, 2048]",332.0,Max VERSTAPPEN,VER,Red Bull Racing,4781D7,2026-09-26 12:36:36.907000+00:00,2026-09-26 12:38:21.927000+00:00,True,True,1,3.0,SOFT,17.0,False,PENDING_TIME_INTERVAL_REVIEW,,Finalize after checking temporal overlap with race-control periods
1295,11377,3,50,2026-09-26T12:38:21.739000+00:00,37.122,43.387,24.679,,213.0,False,105.188,"[2049, 2048, 2048, 2048, 2048, 2049, 2048, 2048]","[2048, 2048, 2048, 2048, 2048, 2048, 2048, 2048, 2048, 2048]","[2051, 2051, 2049, 2048, 2048, 2048, 2048, 2048, 2048]",332.0,Max VERSTAPPEN,VER,Red Bull Racing,4781D7,2026-09-26 12:38:21.739000+00:00,2026-09-26 12:40:06.927000+00:00,True,True,1,3.0,SOFT,18.0,False,PENDING_TIME_INTERVAL_REVIEW,,Finalize after checking temporal overlap with race-control periods
1295,11377,3,51,2026-09-26T12:40:06.943000+00:00,37.171,44.237,25.112,208.0,205.0,False,106.52,"[2048, 2048, 2049, 2048, 2048, 2049, 2048, 2049]","[2048, 2048, 2048, 2048, 2048, 2048, 2048, 2048, 2048, 2049]","[2048, 2048, 2048, 2048, 2048, 2048, 2048, 2048, 2048]",330.0,Max VERSTAPPEN,VER,Red Bull Racing,4781D7,2026-09-26 12:40:06.943000+00:00,2026-09-26 12:41:53.463000+00:00,True,True,1,3.0,SOFT,19.0,False,PENDING_TIME_INTERVAL_REVIEW,,Finalize after checking temporal overlap with race-control periods
1295,11377,63,1,2026-09-26T11:03:50.711000+00:00,42.132,44.47,25.661,187.0,201.0,False,112.263,"[None, 2051, 2051, 2051, 2051, 2051, 2049, 2051]","[2049, 2049, 2051, 2051, 2049, 2049, 2049, 2051, 2049, 2049]","[2051, 2049, 2049, 2049, 2049, 2049, 2049, 2051, 2051]",322.0,George RUSSELL,RUS,Mercedes,00D7B6,2026-09-26 11:03:50.711000+00:00,2026-09-26 11:05:42.974000+00:00,True,True,1,1.0,MEDIUM,2.0,False,PENDING_TIME_INTERVAL_REVIEW,,Finalize after checking temporal overlap with race-control periods
1295,11377,63,2,2026-09-26T11:05:42.974000+00:00,39.418,44.492,25.625,188.0,208.0,False,109.535,"[2049, 2051, 2051, 2048, 2048, 2048, 2051, 2048]","[2049, 2048, 2048, 2048, 2051, 2048, 2048, 2048, 2049, 2048]","[2049, 2048, 2048, 2049, 2049, 2049, 2049, 2049, 2049]",322.0,George RUSSELL,RUS,Mercedes,00D7B6,2026-09-26 11:05:42.974000+00:00,2026-09-26 11:07:32.509000+00:00,True,True,1,1.0,MEDIUM,3.0,False,PENDING_TIME_INTERVAL_REVIEW,,Finalize after checking temporal overlap with race-control periods
1295,11377,63,3,2026-09-26T11:07:32.654000+00:00,38.852,44.227,25.779,192.0,206.0,False,108.858,"[None, 2051, 2051, 2048, 2048, 2049, 2049, 2048]","[2051, 2048, 2048, 2048, 2051, 2048, 2048, 2051, 2048, 2048]","[2048, 2048, 2048, 2049, 2049, 2049, 2048, 2049, 2049]",322.0,George RUSSELL,RUS,Mercedes,00D7B6,2026-09-26 11:07:32.654000+00:00,2026-09-26 11:09:21.512000+00:00,True,True,1,1.0,MEDIUM,4.0,False,PENDING_TIME_INTERVAL_REVIEW,,Finalize after checking temporal overlap with race-control periods
1295,11377,63,4,2026-09-26T11:09:21.455000+00:00,38.904,44.135,25.58,191.0,203.0,False,108.619,"[2048, 2048, 2048, 2048, 2048, 2049, 2048, 2048]","[2048, 2048, 2048, 2048, 2051, 2048, 2048, 2048, 2051, 2049]","[2049, 2049, 2049, 2049, 2049, 2048, 2048, 2048, 2049]",321.0,George RUSSELL,RUS,Mercedes,00D7B6,2026-09-26 11:09:21.455000+00:00,2026-09-26 11:11:10.074000+00:00,True,True,1,1.0,MEDIUM,5.0,False,PENDING_TIME_INTERVAL_REVIEW,,Finalize after checking temporal overlap with race-control periods
1295,11377,63,5,2026-09-26T11:11:09.968000+00:00,38.55,44.074,25.545,199.0,202.0,False,108.169,"[None, 2051, 2049, 2048, 2048, 2049, 2051, 2048]","[2048, 2048, 2051, 2049, 2048, 2049, 2048, 2049, 2051, 2049]","[2049, 2048, 2048, 2048, 2048, 2048, 2049, 2049, 2049]",322.0,George RUSSELL,RUS,Mercedes,00D7B6,2026-09-26 11:11:09.968000+00:00,2026-09-26 11:12:58.137000+00:00,True,True,1,1.0,MEDIUM,6.0,False,PENDING_TIME_INTERVAL_REVIEW,,Finalize after checking temporal overlap with race-control periods
1295,11377,63,6,2026-09-26T11:12:58.169000+00:00,38.614,43.892,25.426,196.0,204.0,False,107.932,"[2049, 2048, 2048, 2048, 2048, 2049, 2048, 2048]","[2048, 2048, 2051, 2048, 2051, 2049, 2049, 2048, 2048, 2048]","[2049, 2048, 2049, 2049, 2049, 2049, 2049, 2049, 2049]",326.0,George RUSSELL,RUS,Mercedes,00D7B6,2026-09-26 11:12:58.169000+00:00,2026-09-26 11:14:46.101000+00:00,True,True,1,1.0,MEDIUM,7.0,False,PENDING_TIME_INTERVAL_REVIEW,,Finalize after checking temporal overlap with race-control periods
1295,11377,63,7,2026-09-26T11:14:46.130000+00:00,38.434,43.907,25.471,,207.0,False,107.812,"[None, 2048, 2049, 2048, 2048, 2049, 2048, 2051]","[2049, 2048, 2051, 2049, 2048, 2048, 2048, 2048, 2048, 2049]","[2049, 2048, 2048, 2048, 2048, 2048, 2048, 2048, 2048]",324.0,George RUSSELL,RUS,Mercedes,00D7B6,2026-09-26 11:14:46.130000+00:00,2026-09-26 11:16:33.942000+00:00,True,True,1,1.0,MEDIUM,8.0,False,PENDING_TIME_INTERVAL_REVIEW,,Finalize after checking temporal overlap with race-control periods
1295,11377,63,8,2026-09-26T11:16:33.993000+00:00,38.33,43.835,25.522,197.0,202.0,False,107.687,"[2048, 2051, 2049, 2048, 2048, 2048, 2048, 2048]","[2048, 2048, 2048, 2048, 2051, 2048, 2048, 2049, 2051, 2048]","[2048, 2048, 2049, 2048, 2048, 2048, 2048, 2048, 2048]",323.0,George RUSSELL,RUS,Mercedes,00D7B6,2026-09-26 11:16:33.993000+00:00,2026-09-26 11:18:21.680000+00:00,True,True,1,1.0,MEDIUM,9.0,False,PENDING_TIME_INTERVAL_REVIEW,,Finalize after checking temporal overlap with race-control periods
1295,11377,63,9,2026-09-26T11:18:21.670000+00:00,38.235,44.178,25.603,,199.0,False,108.016,"[None, 2051, 2051, 2048, 2048, 2049, 2048, 2048]","[2049, 2048, 2048, 2051, 2048, 2048, 2048, 2048, 2048, 2048]","[2048, 2048, 2048, 2048, 2048, 2048, 2048, 2048, 2048]",323.0,George RUSSELL,RUS,Mercedes,00D7B6,2026-09-26 11:18:21.670000+00:00,2026-09-26 11:20:09.686000+00:00,True,True,1,1.0,MEDIUM,10.0,False,PENDING_TIME_INTERVAL_REVIEW,,Finalize after checking temporal overlap with race-control periods
1295,11377,63,10,2026-09-26T11:20:09.713000+00:00,38.468,43.927,25.496,192.0,205.0,False,107.891,"[None, 2048, 2048, 2048, 2048, 2048, 2048, 2048]","[2048, 2048, 2048, 2048, 2048, 2048, 2048, 2048, 2048, 2048]","[2048, 2049, 2049, 2048, 2048, 2048, 2048, 2048, 2048]",322.0,George RUSSELL,RUS,Mercedes,00D7B6,2026-09-26 11:20:09.713000+00:00,2026-09-26 11:21:57.604000+00:00,True,True,1,1.0,MEDIUM,11.0,False,PENDING_TIME_INTERVAL_REVIEW,,Finalize after checking temporal overlap with race-control periods
1295,11377,63,11,2026-09-26T11:21:57.565000+00:00,38.395,43.958,25.516,197.0,206.0,False,107.869,"[None, 2048, 2048, 2048, 2048, 2048, 2048, 2048]","[2048, 2048, 2051, 2051, 2048, 2048, 2048, 2048, 2048, 2048]","[2049, 2048, 2048, 2048, 2048, 2048, 2048, 2048, 2048]",322.0,George RUSSELL,RUS,Mercedes,00D7B6,2026-09-26 11:21:57.565000+00:00,2026-09-26 11:23:45.434000+00:00,True,True,1,1.0,MEDIUM,12.0,False,PENDING_TIME_INTERVAL_REVIEW,,Finalize after checking temporal overlap with race-control periods
1295,11377,63,12,2026-09-26T11:23:45.415000+00:00,38.178,43.901,25.418,195.0,206.0,False,107.497,"[None, 2048, 2051, 2048, 2048, 2049, 2048, 2048]","[2048, 2048, 2048, 2048, 2048, 2048, 2048, 2048, 2048, 2048]","[2051, 2049, 2049, 2048, 2048, 2048, 2048, 2048, 2048]",323.0,George RUSSELL,RUS,Mercedes,00D7B6,2026-09-26 11:23:45.415000+00:00,2026-09-26 11:25:32.912000+00:00,True,True,1,1.0,MEDIUM,13.0,False,PENDING_TIME_INTERVAL_REVIEW,,Finalize after checking temporal overlap with race-control periods
1295,11377,63,13,2026-09-26T11:25:33.101000+00:00,38.265,43.885,25.457,194.0,206.0,False,107.607,"[None, 2048, 2048, 2048, 2048, 2048, 2049, 2048]","[2048, 2048, 2048, 2048, 2048, 2048, 2048, 2048, 2048, 2048]","[2048, 2048, 2048, 2048, 2048, 2048, 2048, 2048, 2048]",322.0,George RUSSELL,RUS,Mercedes,00D7B6,2026-09-26 11:25:33.101000+00:00,2026-09-26 11:27:20.708000+00:00,True,True,1,1.0,MEDIUM,14.0,False,PENDING_TIME_INTERVAL_REVIEW,,Finalize after checking temporal overlap with race-control periods
1295,11377,63,14,2026-09-26T11:27:20.554000+00:00,38.35,43.749,25.467,200.0,208.0,False,107.566,"[None, 2048, 2048, 2048, 2048, 2048, 2048, 2049]","[2048, 2048, 2049, 2049, 2048, 2048, 2048, 2049, 2048, 2048]","[2048, 2048, 2048, 2048, 2049, 2048, 2048, 2048, 2048]",325.0,George RUSSELL,RUS,Mercedes,00D7B6,2026-09-26 11:27:20.554000+00:00,2026-09-26 11:29:08.120000+00:00,True,True,1,1.0,MEDIUM,15.0,False,PENDING_TIME_INTERVAL_REVIEW,,Finalize after checking temporal overlap with race-control periods
1295,11377,63,15,2026-09-26T11:29:08.124000+00:00,38.617,44.042,25.352,195.0,205.0,False,108.011,"[None, 2048, 2048, 2048, 2048, 2048, 2048, 2048]","[2048, 2048, 2048, 2048, 2048, 2048, 2048, 2048, 2048, 2048]","[2048, 2049, 2049, 2049, 2049, 2049, 2048, 2048, 2048]",325.0,George RUSSELL,RUS,Mercedes,00D7B6,2026-09-26 11:29:08.124000+00:00,2026-09-26 11:30:56.135000+00:00,True,True,1,1.0,MEDIUM,16.0,False,PENDING_TIME_INTERVAL_REVIEW,,Finalize after checking temporal overlap with race-control periods
1295,11377,63,16,2026-09-26T11:30:55.981000+00:00,38.311,43.817,25.375,197.0,205.0,False,107.503,"[None, 2048, 2048, 2048, 2048, 2048, 2048, 2048]","[2048, 2048, 2048, 2048, 2048, 2049, 2048, 2048, 2048, 2048]","[2048, 2049, 2049, 2048, 2048, 2048, 2048, 2048, 2048]",324.0,George RUSSELL,RUS,Mercedes,00D7B6,2026-09-26 11:30:55.981000+00:00,2026-09-26 11:32:43.484000+00:00,True,True,1,1.0,MEDIUM,17.0,False,PENDING_TIME_INTERVAL_REVIEW,,Finalize after checking temporal overlap with race-control periods
1295,11377,63,17,2026-09-26T11:32:43.588000+00:00,38.444,44.061,25.42,191.0,207.0,False,107.925,"[None, 2048, 2048, 2048, 2048, 2048, 2048, 2048]","[2048, 2048, 2048, 2048, 2048, 2048, 2048, 2048, 2048, 2048]","[2048, 2048, 2048, 2048, 2048, 2048, 2048, 2048, 2048]",325.0,George RUSSELL,RUS,Mercedes,00D7B6,2026-09-26 11:32:43.588000+00:00,2026-09-26 11:34:31.513000+00:00,True,True,1,1.0,MEDIUM,18.0,False,PENDING_TIME_INTERVAL_REVIEW,,Finalize after checking temporal overlap with race-control periods
1295,11377,63,18,2026-09-26T11:34:31.649000+00:00,38.457,43.953,25.46,197.0,207.0,False,107.87,"[None, 2048, 2048, 2048, 2048, 2048, 2048, 2048]","[2048, 2048, 2048, 2048, 2048, 2048, 2048, 2048, 2048, 2049]","[2048, 2048, 2048, 2048, 2048, 2048, 2048, 2048, 2048]",323.0,George RUSSELL,RUS,Mercedes,00D7B6,2026-09-26 11:34:31.649000+00:00,2026-09-26 11:36:19.519000+00:00,True,True,1,1.0,MEDIUM,19.0,False,PENDING_TIME_INTERVAL_REVIEW,,Finalize after checking temporal overlap with race-control periods
1295,11377,63,19,2026-09-26T11:36:19.422000+00:00,38.193,43.935,25.452,199.0,207.0,False,107.58,"[None, 2048, 2048, 2048, 2048, 2048, 2049, 2051]","[2048, 2048, 2048, 2048, 2048, 2048, 2048, 2049, 2048, 2048]","[2048, 2048, 2048, 2048, 2048, 2048, 2048, 2048, 2048]",324.0,George RUSSELL,RUS,Mercedes,00D7B6,2026-09-26 11:36:19.422000+00:00,2026-09-26 11:38:07.002000+00:00,True,True,1,1.0,MEDIUM,20.0,False,PENDING_TIME_INTERVAL_REVIEW,,Finalize after checking temporal overlap with race-control periods
1295,11377,63,20,2026-09-26T11:38:06.960000+00:00,38.229,43.933,25.41,200.0,207.0,False,107.572,"[None, 2048, 2049, 2048, 2048, 2048, 2048, 2048]","[2048, 2048, 2049, 2048, 2048, 2048, 2048, 2049, 2048, 2048]","[2048, 2048, 2048, 2048, 2048, 2048, 2048, 2048, 2048]",324.0,George RUSSELL,RUS,Mercedes,00D7B6,2026-09-26 11:38:06.960000+00:00,2026-09-26 11:39:54.532000+00:00,True,True,1,1.0,MEDIUM,21.0,False,PENDING_TIME_INTERVAL_REVIEW,,Finalize after checking temporal overlap with race-control periods
1295,11377,63,21,2026-09-26T11:39:54.524000+00:00,38.183,43.967,25.315,201.0,212.0,False,107.465,"[None, 2048, 2048, 2048, 2048, 2048, 2048, 2051]","[2048, 2048, 2048, 2048, 2048, 2048, 2048, 2048, 2048, 2048]","[2051, 2051, 2049, 2048, 2048, 2048, 2048, 2048, 2048]",323.0,George RUSSELL,RUS,Mercedes,00D7B6,2026-09-26 11:39:54.524000+00:00,2026-09-26 11:41:41.989000+00:00,True,True,1,1.0,MEDIUM,22.0,False,PENDING_TIME_INTERVAL_REVIEW,,Finalize after checking temporal overlap with race-control periods
1295,11377,63,22,2026-09-26T11:41:42.033000+00:00,38.171,43.704,25.316,,209.0,False,107.191,"[None, 2048, 2048, 2048, 2048, 2048, 2048, 2051]","[2048, 2048, 2048, 2048, 2048, 2048, 2048, 2048, 2048, 2049]","[2048, 2048, 2048, 2048, 2048, 2048, 2048, 2048, 2049]",325.0,George RUSSELL,RUS,Mercedes,00D7B6,2026-09-26 11:41:42.033000+00:00,2026-09-26 11:43:29.224000+00:00,True,True,1,1.0,MEDIUM,23.0,False,PENDING_TIME_INTERVAL_REVIEW,,Finalize after checking temporal overlap with race-control periods
1295,11377,63,23,2026-09-26T11:43:29.227000+00:00,38.069,43.65,25.39,200.0,209.0,False,107.109,"[None, 2048, 2048, 2048, 2048, 2048, 2048, 2049]","[2048, 2048, 2048, 2048, 2048, 2048, 2048, 2049, 2048, 2049]","[2048, 2048, 2048, 2048, 2049, 2049, 2049, 2049, 2049]",326.0,George RUSSELL,RUS,Mercedes,00D7B6,2026-09-26 11:43:29.227000+00:00,2026-09-26 11:45:16.336000+00:00,True,True,1,1.0,MEDIUM,24.0,False,PENDING_TIME_INTERVAL_REVIEW,,Finalize after checking temporal overlap with race-control periods
1295,11377,63,24,2026-09-26T11:45:16.408000+00:00,38.228,43.768,25.367,197.0,204.0,False,107.363,"[None, 2048, 2048, 2048, 2048, 2048, 2048, 2048]","[2048, 2048, 2048, 2048, 2048, 2048, 2048, 2048, 2048, 2048]","[2048, 2048, 2048, 2048, 2048, 2048, 2049, 2049, 2049]",325.0,George RUSSELL,RUS,Mercedes,00D7B6,2026-09-26 11:45:16.408000+00:00,2026-09-26 11:47:03.771000+00:00,True,True,1,1.0,MEDIUM,25.0,False,PENDING_TIME_INTERVAL_REVIEW,,Finalize after checking temporal overlap with race-control periods
1295,11377,63,25,2026-09-26T11:47:03.668000+00:00,38.166,43.777,25.421,,210.0,False,107.364,"[None, 2048, 2048, 2049, 2048, 2048, 2048, 2048]","[2048, 2048, 2051, 2048, 2048, 2048, 2048, 2048, 2048, 2048]","[2048, 2048, 2048, 2048, 2048, 2048, 2048, 2048, 2048]",324.0,George RUSSELL,RUS,Mercedes,00D7B6,2026-09-26 11:47:03.668000+00:00,2026-09-26 11:48:51.032000+00:00,True,True,1,1.0,MEDIUM,26.0,False,PENDING_TIME_INTERVAL_REVIEW,,Finalize after checking temporal overlap with race-control periods
1295,11377,63,26,2026-09-26T11:48:51.018000+00:00,38.04,43.74,25.396,200.0,208.0,False,107.176,"[None, 2048, 2048, 2048, 2048, 2048, 2048, 2048]","[2048, 2048, 2048, 2048, 2048, 2049, 2048, 2048, 2048, 2048]","[2048, 2048, 2048, 2048, 2048, 2048, 2048, 2048, 2048]",325.0,George RUSSELL,RUS,Mercedes,00D7B6,2026-09-26 11:48:51.018000+00:00,2026-09-26 11:50:38.194000+00:00,True,True,1,1.0,MEDIUM,27.0,False,PENDING_TIME_INTERVAL_REVIEW,,Finalize after checking temporal overlap with race-control periods
1295,11377,63,27,2026-09-26T11:50:38.210000+00:00,37.957,43.731,25.37,203.0,208.0,False,107.058,"[None, 2051, 2048, 2048, 2048, 2048, 2048, 2051]","[2048, 2048, 2048, 2048, 2048, 2048, 2048, 2048, 2048, 2048]","[2048, 2048, 2048, 2048, 2048, 2048, 2048, 2048, 2048]",324.0,George RUSSELL,RUS,Mercedes,00D7B6,2026-09-26 11:50:38.210000+00:00,2026-09-26 11:52:25.268000+00:00,True,True,1,1.0,MEDIUM,28.0,False,PENDING_TIME_INTERVAL_REVIEW,,Finalize after checking temporal overlap with race-control periods
1295,11377,63,28,2026-09-26T11:52:25.352000+00:00,37.837,43.786,25.382,196.0,212.0,False,107.005,"[None, 2051, 2049, 2049, 2048, 2048, 2048, 2048]","[2048, 2048, 2048, 2049, 2048, 2048, 2048, 2048, 2048, 2048]","[2048, 2048, 2048, 2048, 2048, 2048, 2048, 2048, 2048]",324.0,George RUSSELL,RUS,Mercedes,00D7B6,2026-09-26 11:52:25.352000+00:00,2026-09-26 11:54:12.357000+00:00,True,True,1,1.0,MEDIUM,29.0,False,PENDING_TIME_INTERVAL_REVIEW,,Finalize after checking temporal overlap with race-control periods
1295,11377,63,29,2026-09-26T11:54:12.326000+00:00,37.986,43.656,25.349,200.0,212.0,False,106.991,"[None, 2048, 2048, 2048, 2048, 2048, 2048, 2048]","[2048, 2048, 2048, 2048, 2048, 2048, 2048, 2048, 2048, 2048]","[2048, 2048, 2048, 2049, 2049, 2048, 2048, 2048, 2048]",326.0,George RUSSELL,RUS,Mercedes,00D7B6,2026-09-26 11:54:12.326000+00:00,2026-09-26 11:55:59.317000+00:00,True,True,1,1.0,MEDIUM,30.0,False,PENDING_TIME_INTERVAL_REVIEW,,Finalize after checking temporal overlap with race-control periods
1295,11377,63,30,2026-09-26T11:55:59.255000+00:00,37.927,43.65,25.36,197.0,208.0,False,106.937,"[None, 2048, 2048, 2048, 2048, 2048, 2048, 2048]","[2048, 2048, 2048, 2049, 2048, 2048, 2048, 2048, 2051, 2048]","[2048, 2048, 2048, 2048, 2049, 2048, 2048, 2048, 2048]",325.0,George RUSSELL,RUS,Mercedes,00D7B6,2026-09-26 11:55:59.255000+00:00,2026-09-26 11:57:46.192000+00:00,True,True,1,1.0,MEDIUM,31.0,False,PENDING_TIME_INTERVAL_REVIEW,,Finalize after checking temporal overlap with race-control periods
1295,11377,63,31,2026-09-26T11:57:46.205000+00:00,46.717,59.279,42.252,106.0,162.0,False,148.248,"[None, 2048, 2048, 2048, 2048, 2048, 2048, 2048]","[2048, 2048, 2048, 2048, 2048, 2048, 2048, 2048, 2048, 2048]","[2048, 2048, 2048, 2048, 2048, 2048, 2048, 2064, 2064]",187.0,George RUSSELL,RUS,Mercedes,00D7B6,2026-09-26 11:57:46.205000+00:00,2026-09-26 12:00:14.453000+00:00,True,True,1,1.0,MEDIUM,32.0,True,PENDING_TIME_INTERVAL_REVIEW,,Finalize after checking temporal overlap with race-control periods
1295,11377,63,32,2026-09-26T12:00:14.410000+00:00,69.98,68.433,42.633,75.0,130.0,True,181.046,"[2064, 2064, 2048, 2048, 2048, 2048, 2048, 2048]","[2048, 2048, 2048, 2048, 2048, 2048, 2048, 2048, 2048, 2048]","[2048, 2048, 2048, 2048, 2048, 2048, 2048, 2048, 2048]",181.0,George RUSSELL,RUS,Mercedes,00D7B6,2026-09-26 12:00:14.410000+00:00,2026-09-26 12:03:15.456000+00:00,True,True,1,2.0,SOFT,0.0,False,PENDING_TIME_INTERVAL_REVIEW,,Finalize after checking temporal overlap with race-control periods
1295,11377,63,33,2026-09-26T12:03:15.514000+00:00,60.133,67.147,40.039,70.0,149.0,False,167.319,"[2048, 2048, 2048, 2048, 2048, 2048, 2048, 2048]","[2048, 2048, 2048, 2048, 2048, 2048, 2048, 2048, 2048, 2048]","[2048, 2048, 2048, 2048, 2048, 2048, 2048, 2048, 2048]",213.0,George RUSSELL,RUS,Mercedes,00D7B6,2026-09-26 12:03:15.514000+00:00,2026-09-26 12:06:02.833000+00:00,True,True,1,2.0,SOFT,1.0,False,PENDING_TIME_INTERVAL_REVIEW,,Finalize after checking temporal overlap with race-control periods
1295,11377,63,34,2026-09-26T12:06:02.868000+00:00,64.481,61.047,39.106,154.0,137.0,False,164.634,"[None, 2048, 2048, 2048, 2048, 2048, 2048, 2048]","[2048, 2048, 2048, 2048, 2048, 2048, 2048, 2048, 2048, 2048]","[2048, 2048, 2048, 2048, 2048, 2048, 2048, 2048, 2048]",221.0,George RUSSELL,RUS,Mercedes,00D7B6,2026-09-26 12:06:02.868000+00:00,2026-09-26 12:08:47.502000+00:00,True,True,1,2.0,SOFT,2.0,False,PENDING_TIME_INTERVAL_REVIEW,,Finalize after checking temporal overlap with race-control periods
1295,11377,63,35,2026-09-26T12:08:47.322000+00:00,53.49,62.156,42.972,137.0,118.0,False,158.618,"[None, 2048, 2048, 2048, 2048, 2048, 2048, 2048]","[2048, 2048, 2048, 2048, 2048, 2048, 2048, 2048, 2048, 2048]","[2048, 2048, 2048, 2048, 2048, 2048, 2048, 2048, 2048]",183.0,George RUSSELL,RUS,Mercedes,00D7B6,2026-09-26 12:08:47.322000+00:00,2026-09-26 12:11:25.940000+00:00,True,True,1,2.0,SOFT,3.0,False,PENDING_TIME_INTERVAL_REVIEW,,Finalize after checking temporal overlap with race-control periods
1295,11377,63,36,2026-09-26T12:11:26.116000+00:00,37.957,49.594,41.448,193.0,131.0,False,128.999,"[None, 2048, 2048, 2049, 2049, 2048, 2048, 2051]","[2048, 2049, 2049, 2048, 2048, 2049, 2048, 2048, 2048, 2048]","[2048, 2048, 2048, 2048, 2048, 2048, 2048, 2064, 2064]",119.0,George RUSSELL,RUS,Mercedes,00D7B6,2026-09-26 12:11:26.116000+00:00,2026-09-26 12:13:35.115000+00:00,True,True,1,2.0,SOFT,4.0,True,PENDING_TIME_INTERVAL_REVIEW,,Finalize after checking temporal overlap with race-control periods
1295,11377,63,37,2026-09-26T12:13:35.180000+00:00,63.316,61.528,39.93,99.0,142.0,True,164.774,"[2064, 2064, 2048, 2048, 2048, 2048, 2048, 2048]","[2048, 2048, 2048, 2048, 2048, 2048, 2048, 2048, 2048, 2048]","[2048, 2048, 2048, 2048, 2048, 2048, 2048, 2048, 2048]",215.0,George RUSSELL,RUS,Mercedes,00D7B6,2026-09-26 12:13:35.180000+00:00,2026-09-26 12:16:19.954000+00:00,True,True,1,3.0,SOFT,0.0,False,PENDING_TIME_INTERVAL_REVIEW,,Finalize after checking temporal overlap with race-control periods
1295,11377,63,38,2026-09-26T12:16:19.922000+00:00,59.141,62.459,39.969,120.0,141.0,False,161.569,"[2048, 2048, 2048, 2048, 2048, 2048, 2048, 2048]","[2048, 2048, 2048, 2048, 2048, 2048, 2048, 2048, 2048, 2048]","[2048, 2048, 2048, 2048, 2048, 2048, 2048, 2049, 2049]",186.0,George RUSSELL,RUS,Mercedes,00D7B6,2026-09-26 12:16:19.922000+00:00,2026-09-26 12:19:01.491000+00:00,True,True,1,3.0,SOFT,1.0,False,PENDING_TIME_INTERVAL_REVIEW,,Finalize after checking temporal overlap with race-control periods
1295,11377,63,39,2026-09-26T12:19:01.502000+00:00,37.835,43.243,25.254,200.0,207.0,False,106.332,"[None, 2048, 2048, 2048, 2049, 2048, 2048, 2048]","[2049, 2048, 2051, 2048, 2051, 2049, 2049, 2049, 2048, 2048]","[2048, 2048, 2049, 2049, 2048, 2049, 2048, 2048, 2048]",327.0,George RUSSELL,RUS,Mercedes,00D7B6,2026-09-26 12:19:01.502000+00:00,2026-09-26 12:20:47.834000+00:00,True,True,1,3.0,SOFT,2.0,False,PENDING_TIME_INTERVAL_REVIEW,,Finalize after checking temporal overlap with race-control periods
1295,11377,63,40,2026-09-26T12:20:47.806000+00:00,37.949,42.852,25.238,205.0,209.0,False,106.039,"[None, 2048, 2048, 2048, 2048, 2048, 2051, 2051]","[2051, 2048, 2051, 2051, 2051, 2051, 2048, 2048, 2051, 2048]","[2048, 2049, 2049, 2048, 2048, 2048, 2048, 2048, 2048]",325.0,George RUSSELL,RUS,Mercedes,00D7B6,2026-09-26 12:20:47.806000+00:00,2026-09-26 12:22:33.845000+00:00,True,True,1,3.0,SOFT,3.0,False,PENDING_TIME_INTERVAL_REVIEW,,Finalize after checking temporal overlap with race-control periods
1295,11377,63,41,2026-09-26T12:22:33.723000+00:00,37.545,42.867,25.208,206.0,211.0,False,105.62,"[None, 2048, 2051, 2048, 2048, 2049, 2051, 2051]","[2048, 2048, 2048, 2051, 2048, 2048, 2048, 2049, 2049, 2048]","[2051, 2048, 2048, 2048, 2049, 2048, 2048, 2048, 2048]",326.0,George RUSSELL,RUS,Mercedes,00D7B6,2026-09-26 12:22:33.723000+00:00,2026-09-26 12:24:19.343000+00:00,True,True,1,3.0,SOFT,4.0,False,PENDING_TIME_INTERVAL_REVIEW,,Finalize after checking temporal overlap with race-control periods
1295,11377,63,42,2026-09-26T12:24:19.432000+00:00,37.418,42.903,25.159,203.0,212.0,False,105.48,"[None, 2051, 2048, 2048, 2048, 2048, 2051, 2051]","[2048, 2049, 2051, 2051, 2051, 2048, 2048, 2048, 2051, 2048]","[2051, 2049, 2049, 2049, 2048, 2048, 2048, 2048, 2048]",325.0,George RUSSELL,RUS,Mercedes,00D7B6,2026-09-26 12:24:19.432000+00:00,2026-09-26 12:26:04.912000+00:00,True,True,1,3.0,SOFT,5.0,False,PENDING_TIME_INTERVAL_REVIEW,,Finalize after checking temporal overlap with race-control periods
1295,11377,63,43,2026-09-26T12:26:04.897000+00:00,37.408,43.067,25.246,205.0,212.0,False,105.721,"[2049, 2048, 2051, 2048, 2048, 2049, 2048, 2051]","[2051, 2048, 2048, 2048, 2048, 2048, 2048, 2049, 2048, 2048]","[2048, 2048, 2048, 2048, 2048, 2048, 2048, 2048, 2048]",324.0,George RUSSELL,RUS,Mercedes,00D7B6,2026-09-26 12:26:04.897000+00:00,2026-09-26 12:27:50.618000+00:00,True,True,1,3.0,SOFT,6.0,False,PENDING_TIME_INTERVAL_REVIEW,,Finalize after checking temporal overlap with race-control periods
1295,11377,63,44,2026-09-26T12:27:50.619000+00:00,37.13,42.863,25.171,203.0,217.0,False,105.164,"[2048, 2048, 2051, 2048, 2048, 2051, 2051, 2051]","[2048, 2048, 2048, 2048, 2048, 2048, 2048, 2048, 2048, 2048]","[2048, 2048, 2048, 2048, 2049, 2048, 2048, 2048]",325.0,George RUSSELL,RUS,Mercedes,00D7B6,2026-09-26 12:27:50.619000+00:00,2026-09-26 12:29:35.783000+00:00,True,True,1,3.0,SOFT,7.0,False,PENDING_TIME_INTERVAL_REVIEW,,Finalize after checking temporal overlap with race-control periods
1295,11377,63,45,2026-09-26T12:29:35.661000+00:00,37.244,42.646,25.165,208.0,217.0,False,105.055,"[None, 2048, 2051, 2048, 2048, 2048, 2048, 2051]","[2048, 2048, 2051, 2051, 2048, 2048, 2048, 2051, 2048, 2049]","[2051, 2048, 2048, 2049, 2048, 2048, 2048, 2048, 2048]",324.0,George RUSSELL,RUS,Mercedes,00D7B6,2026-09-26 12:29:35.661000+00:00,2026-09-26 12:31:20.716000+00:00,True,True,1,3.0,SOFT,8.0,False,PENDING_TIME_INTERVAL_REVIEW,,Finalize after checking temporal overlap with race-control periods
1295,11377,63,46,2026-09-26T12:31:20.934000+00:00,37.253,42.802,25.204,209.0,217.0,False,105.259,"[None, 2048, 2048, 2048, 2048, 2048, 2051, 2048]","[2048, 2048, 2048, 2048, 2051, 2048, 2048, 2048, 2048, 2049]","[2048, 2048, 2048, 2048, 2048, 2048, 2048, 2048, 2048]",324.0,George RUSSELL,RUS,Mercedes,00D7B6,2026-09-26 12:31:20.934000+00:00,2026-09-26 12:33:06.193000+00:00,True,True,1,3.0,SOFT,9.0,False,PENDING_TIME_INTERVAL_REVIEW,,Finalize after checking temporal overlap with race-control periods
1295,11377,63,47,2026-09-26T12:33:06.107000+00:00,37.095,42.663,25.279,,214.0,False,105.037,"[2049, 2048, 2051, 2048, 2048, 2048, 2048, 2051]","[2048, 2049, 2048, 2048, 2048, 2048, 2048, 2048, 2049, 2048]","[2048, 2049, 2048, 2048, 2048, 2048, 2048, 2048, 2048]",321.0,George RUSSELL,RUS,Mercedes,00D7B6,2026-09-26 12:33:06.107000+00:00,2026-09-26 12:34:51.144000+00:00,True,True,1,3.0,SOFT,10.0,False,PENDING_TIME_INTERVAL_REVIEW,,Finalize after checking temporal overlap with race-control periods
1295,11377,63,48,2026-09-26T12:34:51.284000+00:00,37.083,42.693,25.22,205.0,217.0,False,104.996,"[2048, 2051, 2048, 2048, 2048, 2048, 2048, 2048]","[2048, 2048, 2048, 2048, 2048, 2048, 2048, 2051, 2051, 2048]","[2049, 2048, 2048, 2048, 2048, 2048, 2048, 2048, 2048]",322.0,George RUSSELL,RUS,Mercedes,00D7B6,2026-09-26 12:34:51.284000+00:00,2026-09-26 12:36:36.280000+00:00,True,True,1,3.0,SOFT,11.0,False,PENDING_TIME_INTERVAL_REVIEW,,Finalize after checking temporal overlap with race-control periods
1295,11377,63,49,2026-09-26T12:36:36.222000+00:00,37.056,42.656,25.204,207.0,217.0,False,104.916,"[None, 2051, 2048, 2048, 2049, 2048, 2049, 2048]","[2051, 2048, 2048, 2048, 2048, 2048, 2048, 2048, 2048, 2049]","[2048, 2048, 2048, 2048, 2048, 2048, 2048, 2048, 2048]",323.0,George RUSSELL,RUS,Mercedes,00D7B6,2026-09-26 12:36:36.222000+00:00,2026-09-26 12:38:21.138000+00:00,True,True,1,3.0,SOFT,12.0,False,PENDING_TIME_INTERVAL_REVIEW,,Finalize after checking temporal overlap with race-control periods
1295,11377,63,50,2026-09-26T12:38:21.179000+00:00,37.143,42.615,25.247,208.0,215.0,False,105.005,"[None, 2048, 2048, 2048, 2048, 2048, 2051, 2051]","[2048, 2051, 2048, 2051, 2048, 2048, 2048, 2048, 2048, 2048]","[2048, 2049, 2049, 2048, 2048, 2048, 2048, 2048, 2048]",322.0,George RUSSELL,RUS,Mercedes,00D7B6,2026-09-26 12:38:21.179000+00:00,2026-09-26 12:40:06.184000+00:00,True,True,1,3.0,SOFT,13.0,False,PENDING_TIME_INTERVAL_REVIEW,,Finalize after checking temporal overlap with race-control periods
1295,11377,63,51,2026-09-26T12:40:06.236000+00:00,37.324,44.674,25.232,204.0,209.0,False,107.23,"[None, 2048, 2048, 2048, 2048, 2048, 2048, 2048]","[2048, 2048, 2048, 2048, 2048, 2048, 2048, 2048, 2048, 2048]","[2048, 2048, 2049, 2049, 2049, 2048, 2048, 2048, 2048]",317.0,George RUSSELL,RUS,Mercedes,00D7B6,2026-09-26 12:40:06.236000+00:00,2026-09-26 12:41:53.466000+00:00,True,True,1,3.0,SOFT,14.0,False,PENDING_TIME_INTERVAL_REVIEW,,Finalize after checking temporal overlap with race-control periods
