position,driver_number,number_of_laps,points,dnf,dns,dsq,duration,gap_to_leader,meeting_key,session_key,full_name,name_acronym,team_name,team_colour
1.0,63,51,25.0,False,False,False,5882.143,0.0,1295,11377,George RUSSELL,RUS,Mercedes,00D7B6
2.0,3,51,18.0,False,False,False,5882.339,0.196,1295,11377,Max VERSTAPPEN,VER,Red Bull Racing,4781D7
3.0,6,51,15.0,False,False,False,5892.847,10.704,1295,11377,Isack HADJAR,HAD,Red Bull Racing,4781D7
4.0,16,51,12.0,False,False,False,5896.279,14.136,1295,11377,Charles LECLERC,LEC,Ferrari,ED1131
5.0,12,51,10.0,False,False,False,5896.655,14.512,1295,11377,Kimi ANTONELLI,ANT,Mercedes,00D7B6
6.0,44,51,8.0,False,False,False,5904.525,22.382,1295,11377,Lewis HAMILTON,HAM,Ferrari,ED1131
7.0,41,51,6.0,False,False,False,5913.302,31.159,1295,11377,Arvid LINDBLAD,LIN,Racing Bulls,6C98FF
8.0,31,51,4.0,False,False,False,5913.332,31.189,1295,11377,Esteban OCON,OCO,Haas F1 Team,9C9FA2
9.0,87,51,2.0,False,False,False,5914.072,31.929,1295,11377,Oliver BEARMAN,BEA,Haas F1 Team,9C9FA2
10.0,55,51,1.0,False,False,False,5914.559,32.416,1295,11377,Carlos SAINZ,SAI,Williams,1868DB
