league,season,player_id,player,situation,shots,npxg,goals,shot_share_pct,xg_per_shot
EPL,2025,8995,Hugo Ekitike,FromCorner,7,0.8641914594918487,2,10.76923076923077,0.12345592278454982
EPL,2025,8995,Hugo Ekitike,OpenPlay,57,11.047428376041351,9,87.6923076923077,0.19381453291300615
EPL,2025,8995,Hugo Ekitike,SetPiece,1,0.0205681826919317,0,1.5384615384615385,0.0205681826919317
La_liga,2025,1235,Ante Budimir,FromCorner,15,2.5576418731361623,2,15.789473684210526,0.17050945820907748
La_liga,2025,1235,Ante Budimir,OpenPlay,75,9.815865450538691,8,78.94736842105263,0.13087820600718256
La_liga,2025,1235,Ante Budimir,SetPiece,5,0.8720367848873135,1,5.263157894736842,0.1744073569774627
Serie_A,2025,11055,Rasmus Højlund,FromCorner,2,0.6811691485345363,0,3.389830508474576,0.3405845742672681
Serie_A,2025,11055,Rasmus Højlund,OpenPlay,57,11.869877336546777,12,96.61016949152543,0.2082434620446803
Serie_A,2025,13446,Mateo Pellegrino,FromCorner,11,1.2663679821416731,2,15.277777777777779,0.11512436201287937
Serie_A,2025,13446,Mateo Pellegrino,OpenPlay,54,7.119118752889333,6,75.0,0.1318355324609136
Serie_A,2025,13446,Mateo Pellegrino,SetPiece,7,0.7630230803042649,0,9.722222222222223,0.10900329718632355
