league,season,player_id,player_name,team,source_position_group,minutes,appearances,goals,non_penalty_goals,source_duplicate_appearance_rows,unique_appearance_count,unique_appearance_minutes,shots,own_goal_event_count,penalty_attempts,non_penalty_shots,xg,npxg,shot_sum_xg,shot_sum_npxg,npshots_per90,npxg_per_shot,npxg_per90,primary_known_position,cf_assigned_minutes,known_position_minutes,sub_position_minutes,known_position_share,cf_share_known_position,role_classification,eligible_900_minutes,no_source_duplicate_appearances,appearances_match,minutes_match,shots_match,xg_match,npxg_match,goals_match,npg_match,position_minutes_match,qc_pass,source_url,conversion_pct,expected_conversion_pct,goals_minus_npxg,conversion_gap_pp,profile_group,npshots_per90_league_percentile,npxg_per_shot_league_percentile,npxg_per90_league_percentile,conversion_pct_league_percentile
Bundesliga,2025,10113,Fisnik Asllani,Hoffenheim,F M S,2429,33,10,10,0,33,2429,73,0,0,73,9.504826286807656,9.504826286807656,9.504826133139431,9.504826133139431,2.704816797035817,0.1302030977142388,0.3521755257235689,FW,1510,2388,41,0.9831206257719226,0.6323283082077052,central_forward_candidate,True,True,True,True,True,True,True,True,True,True,True,https://understat.com/player/10113,13.698630136986301,13.02030977142388,0.4951738668605685,0.6783203655624206,high_volume_low_quality,63.33333333333333,10.0,33.33333333333333,50.0
Bundesliga,2025,13925,Ransford Königsdörffer,Hamburger SV,F M S,2425,33,5,5,0,33,2425,65,0,1,64,8.097989899106324,7.340213228948414,8.097989920526743,7.340213242918253,2.375257731958763,0.1146908319205977,0.2724202853041826,FW,1517,2311,114,0.9529896907216496,0.656425789701428,central_forward_candidate,True,True,True,True,True,True,True,True,True,True,True,https://understat.com/player/13925,7.8125,11.46908319205977,-2.340213242918253,-3.6565831920597702,low_volume_low_quality,33.33333333333333,6.666666666666667,16.666666666666664,10.0
Bundesliga,2025,13013,Haris Tabakovic,Borussia M.Gladbach,F S,2424,32,13,13,0,32,2424,67,0,2,65,14.339333239942787,12.823779825121164,14.339333212934434,12.823779857717454,2.4133663366336635,0.1972889208879608,0.4761304402617867,FW,2319,2319,105,0.9566831683168316,1.0,central_forward_candidate,True,True,True,True,True,True,True,True,True,True,True,https://understat.com/player/13013,20.0,19.72889208879608,0.17622014228254557,0.2711079112039201,low_volume_high_quality,43.333333333333336,66.66666666666666,60.0,76.66666666666667
Bundesliga,2025,647,Harry Kane,Bayern Munich,F M S,2385,31,36,26,0,31,2385,119,0,11,108,29.57998568098992,21.244441921822727,29.579985429532822,21.244441975839436,4.0754716981132075,0.1967077960725873,0.8016770556920542,FW,1917,2187,198,0.9169811320754716,0.8765432098765432,central_forward_candidate,True,True,True,True,True,True,True,True,True,True,True,https://understat.com/player/647,24.074074074074073,19.67077960725873,4.755558024160564,4.403294466815343,high_volume_high_quality,96.66666666666667,63.33333333333333,100.0,93.33333333333333
Bundesliga,2025,3738,Serhou Guirassy,Borussia Dortmund,F S,2366,33,17,16,0,33,2366,84,0,3,81,19.91118175908923,17.63785172626376,19.911181818693876,17.637851785868406,3.081149619611158,0.2177512566156593,0.6709242014911905,FW,2246,2246,120,0.9492814877430262,1.0,central_forward_candidate,True,True,True,True,True,True,True,True,True,True,True,https://understat.com/player/3738,19.753086419753085,21.77512566156593,-1.6378517858684063,-2.022039241812845,high_volume_high_quality,83.33333333333334,86.66666666666667,83.33333333333334,70.0
Bundesliga,2025,10804,Deniz Undav,VfB Stuttgart,F M S,2261,29,19,19,0,29,2261,124,0,1,123,19.05754723213613,18.299770614132285,19.057547382079065,18.299770704470575,4.896063688633348,0.1487786236135819,0.7284296167193064,FW,1673,2130,131,0.942061034940292,0.7854460093896714,central_forward_candidate,True,True,True,True,True,True,True,True,True,True,True,https://understat.com/player/10804,15.447154471544716,14.87786236135819,0.7002292955294251,0.5692921101865256,high_volume_low_quality,100.0,23.333333333333332,93.33333333333333,56.666666666666664
Bundesliga,2025,13852,Rômulo,RasenBallsport Leipzig,F M S,2246,30,9,9,0,30,2246,63,1,1,62,15.93664027750492,15.178863540291786,15.936640121042728,15.178863443434238,2.4844167408726627,0.244820378119907,0.6082358459078724,FW,2090,2168,78,0.9652715939447908,0.9640221402214022,central_forward_candidate,True,True,True,True,True,True,True,True,True,True,True,https://understat.com/player/13852,14.516129032258066,24.4820378119907,-6.178863443434238,-9.965908779732635,high_volume_high_quality,50.0,96.66666666666667,80.0,53.333333333333336
Bundesliga,2025,12421,Andrej Ilic,Union Berlin,F M S,2238,32,5,5,0,32,2238,71,0,1,70,11.113924760371448,10.356148082762957,11.113924708217382,10.356148030608892,2.815013404825738,0.1479449718658413,0.4164670789789099,FW,1956,2046,192,0.9142091152815014,0.9560117302052786,central_forward_candidate,True,True,True,True,True,True,True,True,True,True,True,https://understat.com/player/12421,7.142857142857142,14.79449718658413,-5.356148030608892,-7.651640043726987,high_volume_low_quality,73.33333333333333,20.0,40.0,6.666666666666667
Bundesliga,2025,6475,Lucas Höler,Freiburg,F M S,2070,33,3,3,0,33,2070,33,0,0,33,5.246343094855547,5.246343094855547,5.246343092061579,5.246343092061579,1.434782608695652,0.1589800936988357,0.2281018735678947,FW,1146,1998,72,0.9652173913043478,0.5735735735735735,central_forward_candidate,True,True,True,True,True,True,True,True,True,True,True,https://understat.com/player/6475,9.090909090909092,15.898009369883571,-2.2463430920615792,-6.807100278974479,low_volume_high_quality,3.3333333333333335,33.33333333333333,10.0,15.0
Bundesliga,2025,8407,Tim Lemperle,Hoffenheim,F M S,2008,29,8,7,0,29,2008,53,0,1,52,9.412074415013194,8.654297707602382,9.412074482999742,8.654297805391252,2.3306772908366535,0.1664288039498317,0.3878918339069784,FW,1618,1924,84,0.9581673306772908,0.840956340956341,central_forward_candidate,True,True,True,True,True,True,True,True,True,True,True,https://understat.com/player/8407,13.461538461538462,16.64288039498317,-1.654297805391252,-3.181341933444708,low_volume_high_quality,30.0,53.333333333333336,36.666666666666664,45.0
Bundesliga,2025,1236,Patrik Schick,Bayer Leverkusen,F M S,2005,28,16,12,0,28,2005,72,0,5,67,19.421328123658895,15.632444690912962,19.421327896416187,15.632444508373736,3.0074812967581046,0.2333200672891602,0.7017057385304919,FW,1792,1882,123,0.9386533665835411,0.9521785334750266,central_forward_candidate,True,True,True,True,True,True,True,True,True,True,True,https://understat.com/player/1236,17.91044776119403,23.332006728916017,-3.6324445083737356,-5.421558967721989,high_volume_high_quality,80.0,93.33333333333333,90.0,66.66666666666666
Bundesliga,2025,13062,Mohammed Amoura,Wolfsburg,F M S,1949,30,8,7,0,30,1949,60,0,1,59,9.9565003933385,9.198723715730011,9.956500315107403,9.198723637498915,2.724474089276552,0.1559105701271002,0.4247743085556195,FW,1035,1847,102,0.947665469471524,0.5603681645912291,central_forward_candidate,True,True,True,True,True,True,True,True,True,True,True,https://understat.com/player/13062,11.864406779661017,15.591057012710019,-2.198723637498915,-3.7266502330490017,high_volume_low_quality,70.0,30.0,43.333333333333336,30.0
Bundesliga,2025,11845,Phillip Tietz,"Augsburg,Mainz 05",F S,1811,29,6,6,0,29,1811,51,0,1,50,11.598579058423638,10.840802321210504,11.598578992765397,10.840802315156909,2.484815019326339,0.2168160463031381,0.5387477682849926,FW,1652,1652,159,0.9122032026504694,1.0,central_forward_candidate,True,True,True,True,True,True,True,True,True,True,True,https://understat.com/player/11845,12.0,21.68160463031381,-4.840802315156909,-9.68160463031381,high_volume_high_quality,53.333333333333336,83.33333333333334,70.0,38.333333333333336
Bundesliga,2025,8869,Ragnar Ache,FC Cologne,F S,1739,29,7,7,0,29,1739,52,0,0,52,11.002535559237003,11.002535559237003,11.002535585314035,11.002535585314035,2.6912018401380102,0.2115872227945006,0.5694239233342514,FW,1459,1459,280,0.8389879240943071,1.0,central_forward_candidate,True,True,True,True,True,True,True,True,True,True,True,https://understat.com/player/8869,13.461538461538462,21.15872227945006,-4.002535585314035,-7.697183817911599,high_volume_high_quality,60.0,80.0,73.33333333333333,45.0
Bundesliga,2025,11856,Marvin Pieringer,FC Heidenheim,F M S,1689,27,4,3,0,27,1689,32,0,1,31,5.809882741421461,5.0521060936152935,5.809882822446525,5.052106144838035,1.6518650088809947,0.1629711659625172,0.2692063665100196,FW,1340,1560,129,0.9236234458259324,0.8589743589743589,central_forward_candidate,True,True,True,True,True,True,True,True,True,True,True,https://understat.com/player/11856,9.67741935483871,16.29711659625172,-2.052106144838035,-6.619697241413009,low_volume_high_quality,13.333333333333334,43.333333333333336,13.333333333333334,20.0
Bundesliga,2025,7879,Marius Bülter,FC Cologne,F M S,1578,32,5,5,0,32,1578,42,0,0,42,3.979684112593531,3.979684112593531,3.979684085585177,3.979684085585177,2.3954372623574143,0.0947543829901232,0.2269781797862268,FW,912,1369,209,0.867553865652725,0.6661796932067202,central_forward_candidate,True,True,True,True,True,True,True,True,True,True,True,https://understat.com/player/7879,11.904761904761903,9.475438299012321,1.020315914414823,2.429323605749582,low_volume_low_quality,40.0,3.3333333333333335,6.666666666666667,33.33333333333333
Bundesliga,2025,12953,Igor Matanovic,Freiburg,F S,1536,31,11,10,0,31,1536,51,0,2,49,9.582080019637942,8.066526612266898,9.582079960033298,8.066526604816318,2.87109375,0.1646229919350268,0.4726480432509561,FW,1199,1199,337,0.7805989583333334,1.0,central_forward_candidate,True,True,True,True,True,True,True,True,True,True,True,https://understat.com/player/12953,20.408163265306122,16.46229919350268,1.9334733951836824,3.9458640718034417,high_volume_high_quality,76.66666666666667,46.666666666666664,56.666666666666664,83.33333333333334
Bundesliga,2025,6496,Ermedin Demirovic,VfB Stuttgart,F S,1507,25,12,11,0,25,1507,41,0,1,40,8.664393775165081,7.906617097556591,8.664393737912178,7.906617060303688,2.38885202388852,0.1976654265075922,0.4721934541654491,FW,1400,1400,107,0.92899800928998,1.0,central_forward_candidate,True,True,True,True,True,True,True,True,True,True,True,https://understat.com/player/6496,27.500000000000004,19.76654265075922,3.093382939696312,7.733457349240783,low_volume_high_quality,36.666666666666664,70.0,53.333333333333336,100.0
Bundesliga,2025,11227,Dzenan Pejcinovic,Wolfsburg,F S,1445,30,8,8,0,30,1445,51,0,0,51,8.291429496370256,8.291429496370256,8.291429513134062,8.291429513134062,3.176470588235294,0.1625770492771384,0.5164212153509105,FW,1293,1293,152,0.8948096885813149,1.0,central_forward_candidate,True,True,True,True,True,True,True,True,True,True,True,https://understat.com/player/11227,15.686274509803921,16.25770492771384,-0.2914295131340623,-0.5714304179099177,high_volume_high_quality,86.66666666666667,36.666666666666664,63.33333333333333,60.0
Bundesliga,2025,8056,Arnaud Kalimuendo Muinga,Eintracht Frankfurt,F M S,1431,19,6,6,0,19,1431,30,0,0,30,4.879936292767525,4.879936292767525,4.879936311393976,4.879936311393976,1.8867924528301887,0.1626645437131325,0.3069142334210047,FW,752,1379,52,0.9636617749825296,0.5453226976069616,central_forward_candidate,True,True,True,True,True,True,True,True,True,True,True,https://understat.com/player/8056,20.0,16.266454371313248,1.1200636886060238,3.733545628686752,low_volume_high_quality,16.666666666666664,40.0,23.333333333333332,76.66666666666667
Bundesliga,2025,7108,Jonathan Burkardt,Eintracht Frankfurt,F S,1351,22,13,9,0,22,1351,41,0,4,37,13.116983085870745,10.085876282304524,13.116982962936165,10.085876252502205,2.464840858623242,0.2725912500676271,0.6718940508698729,FW,1234,1234,117,0.9133974833456698,1.0,central_forward_candidate,True,True,True,True,True,True,True,True,True,True,True,https://understat.com/player/7108,24.324324324324326,27.25912500676271,-1.0858762525022048,-2.9348006824383823,high_volume_high_quality,46.666666666666664,100.0,86.66666666666667,96.66666666666667
Bundesliga,2025,13966,Martijn Kaars,St. Pauli,F S,1331,29,3,2,0,29,1331,23,0,1,22,3.80478292517364,3.047006232663989,3.8047828879207377,3.0470062103122473,1.487603305785124,0.1385002822869203,0.2060334777821955,FW,1021,1021,310,0.7670924117205109,1.0,central_forward_candidate,True,True,True,True,True,True,True,True,True,True,True,https://understat.com/player/13966,9.090909090909092,13.850028228692029,-1.0470062103122473,-4.759119137782937,low_volume_low_quality,6.666666666666667,16.666666666666664,3.3333333333333335,15.0
Bundesliga,2025,13856,Christian Kofane,Bayer Leverkusen,F M S,1231,29,5,5,0,29,1231,46,0,0,46,8.046371582895517,8.046371582895517,8.046371635049582,8.046371635049582,3.363119415109667,0.1749211225010778,0.5882806231961514,FW,880,959,272,0.7790414297319253,0.9176225234619396,central_forward_candidate,True,True,True,True,True,True,True,True,True,True,True,https://understat.com/player/13856,10.869565217391305,17.49211225010778,-3.0463716350495815,-6.622547032716476,high_volume_high_quality,90.0,56.666666666666664,76.66666666666667,26.666666666666668
Bundesliga,2025,13323,Budu Zivzivadze,FC Heidenheim,F S,1148,20,6,6,0,20,1148,28,0,0,28,5.819976218044758,5.819976218044758,5.819976212456822,5.819976212456822,2.1951219512195124,0.2078562933020293,0.4562699121264059,FW,911,1001,147,0.8719512195121951,0.91008991008991,central_forward_candidate,True,True,True,True,True,True,True,True,True,True,True,https://understat.com/player/13323,21.428571428571427,20.78562933020293,0.1800237875431776,0.642942098368497,low_volume_high_quality,26.666666666666668,73.33333333333333,50.0,90.0
Bundesliga,2025,13885,Andréas Hountondji,St. Pauli,F M S,1092,21,4,4,0,21,1092,21,0,1,20,4.958361548837274,4.200584930833429,4.958361576776952,4.200584899168462,1.6483516483516485,0.210029244958423,0.3462020521292688,FW,880,942,150,0.8626373626373627,0.9341825902335456,central_forward_candidate,True,True,True,True,True,True,True,True,True,True,True,https://understat.com/player/13885,20.0,21.0029244958423,-0.20058489916846156,-1.0029244958423007,low_volume_high_quality,10.0,76.66666666666667,30.0,76.66666666666667
Bundesliga,2025,12934,Shuto Machino,Borussia M.Gladbach,F M S,1046,32,3,3,0,32,1046,25,0,0,25,3.816984537988901,3.816984537988901,3.816984544508159,3.816984544508159,2.1510516252390057,0.1526793817803263,0.3284212323190577,FW,497,742,304,0.7093690248565966,0.6698113207547169,central_forward_candidate,True,True,True,True,True,True,True,True,True,True,True,https://understat.com/player/12934,12.0,15.267938178032631,-0.8169845445081592,-3.2679381780326313,low_volume_low_quality,20.0,26.666666666666668,26.666666666666668,38.333333333333336
Bundesliga,2025,10048,Nicolas Jackson,Bayern Munich,F M S,991,23,8,8,0,23,991,38,0,0,38,8.492001624777913,8.492001624777913,8.492001589387655,8.492001589387655,3.4510595358224014,0.2234737260365172,0.7712211332440857,FW,813,876,115,0.8839556004036327,0.928082191780822,central_forward_candidate,True,True,True,True,True,True,True,True,True,True,True,https://understat.com/player/10048,21.052631578947366,22.34737260365172,-0.49200158938765526,-1.2947410247043543,high_volume_high_quality,93.33333333333333,90.0,96.66666666666667,86.66666666666667
Bundesliga,2025,7882,Sheraldo Becker,Mainz 05,F S,975,14,3,3,0,14,975,29,0,0,29,4.820014007389545,4.820014007389545,4.820014004595578,4.820014004595578,2.6769230769230767,0.166207379468813,0.4449243696549764,FW,884,884,91,0.9066666666666666,1.0,central_forward_candidate,True,True,True,True,True,True,True,True,True,True,True,https://understat.com/player/7882,10.344827586206897,16.6207379468813,-1.8200140045955777,-6.275910360674402,high_volume_high_quality,56.666666666666664,50.0,46.666666666666664,23.333333333333332
Bundesliga,2025,171,Michael Gregoritsch,Augsburg,F S,926,17,6,5,0,17,926,29,0,1,28,6.215451763942838,5.457675086334348,6.215451842173934,5.457675164565444,2.7213822894168467,0.1949169701630515,0.5304435905085205,FW,836,836,90,0.9028077753779696,1.0,central_forward_candidate,True,True,True,True,True,True,True,True,True,True,True,https://understat.com/player/171,17.857142857142858,19.49169701630515,-0.457675164565444,-1.6345541591622919,high_volume_high_quality,66.66666666666666,60.0,66.66666666666666,63.33333333333333
Bundesliga,2025,11981,Benedict Hollerbach,Mainz 05,F M S,903,14,1,1,0,14,903,22,0,0,22,2.9790893960744143,2.9790893960744143,2.9790894147008657,2.9790894147008657,2.1926910299003324,0.1354131552136757,0.2969192107675281,FW,584,892,11,0.9878183831672204,0.6547085201793722,central_forward_candidate,True,True,True,True,True,True,True,True,True,True,True,https://understat.com/player/11981,4.545454545454546,13.541315521367569,-1.9790894147008657,-8.995860975913022,low_volume_low_quality,23.333333333333332,13.333333333333334,20.0,3.3333333333333335
EPL,2025,13222,Thiago,Brentford,F S,3292,38,22,14,0,38,3292,84,0,9,75,24.68977300822735,17.83925338834524,24.68977288622409,17.83925334829837,2.050425273390037,0.2378567113106449,0.4877074123167841,FW,3265,3265,27,0.99179829890644,1.0,central_forward_candidate,True,True,True,True,True,True,True,True,True,True,True,https://understat.com/player/13222,18.666666666666668,23.78567113106449,-3.839253348298371,-5.119004464397822,low_volume_high_quality,30.303030303030305,90.9090909090909,69.6969696969697,72.72727272727273
EPL,2025,8260,Erling Haaland,Manchester City,F S,2979,35,27,24,0,35,2979,125,0,4,121,28.795336209237576,25.7506607696414,28.795336107723415,25.75066075753421,3.6555891238670695,0.2128153781614397,0.7779655817986165,FW,2966,2966,13,0.995636119503189,1.0,central_forward_candidate,True,True,True,True,True,True,True,True,True,True,True,https://understat.com/player/8260,19.834710743801654,21.28153781614397,-1.7506607575342095,-1.446827072342316,high_volume_high_quality,100.0,66.66666666666666,100.0,81.81818181818183
EPL,2025,8865,Ollie Watkins,Aston Villa,F S,2908,37,16,16,0,37,2908,83,0,0,83,18.82772558834404,18.82772558834404,18.827725536189973,18.827725536189973,2.568775790921596,0.226840066701084,0.5827012717527846,FW,2792,2792,116,0.9601100412654744,1.0,central_forward_candidate,True,True,True,True,True,True,True,True,True,True,True,https://understat.com/player/8865,19.27710843373494,22.6840066701084,-2.8277255361899734,-3.4068982363734577,high_volume_high_quality,63.63636363636363,84.84848484848484,87.87878787878788,75.75757575757575
EPL,2025,12963,Evanilson,Bournemouth,F S,2810,36,6,6,0,36,2810,72,0,0,72,11.830083925276996,11.830083925276996,11.830083885230124,11.830083885230124,2.306049822064057,0.1643067206281961,0.3788994838685804,FW,2681,2681,129,0.9540925266903916,1.0,central_forward_candidate,True,True,True,True,True,True,True,True,True,True,True,https://understat.com/player/12963,8.333333333333332,16.43067206281961,-5.830083885230124,-8.097338729486278,low_volume_high_quality,48.484848484848484,42.42424242424242,33.33333333333333,27.27272727272727
EPL,2025,5555,Dominic Calvert-Lewin,Leeds,F S,2732,35,14,10,0,35,2732,73,0,5,68,18.671318570151925,14.865511130541565,18.67131857201457,14.865511160343884,2.240117130307467,0.2186104582403512,0.489713032368576,FW,2632,2632,100,0.9633967789165446,1.0,central_forward_candidate,True,True,True,True,True,True,True,True,True,True,True,https://understat.com/player/5555,14.705882352941178,21.86104582403512,-4.865511160343884,-7.1551634710939425,low_volume_high_quality,39.39393939393939,75.75757575757575,72.72727272727273,42.42424242424242
EPL,2025,8272,João Pedro,Chelsea,F M S,2698,35,15,15,0,35,2698,73,0,0,73,15.723741941154003,15.723741941154003,15.723741779103875,15.723741779103875,2.435137138621201,0.2153937230014229,0.5245132543066526,FW,2081,2604,94,0.9651593773165308,0.7991551459293394,central_forward_candidate,True,True,True,True,True,True,True,True,True,True,True,https://understat.com/player/8272,20.54794520547945,21.53937230014229,-0.7237417791038752,-0.9914270946628392,low_volume_high_quality,54.54545454545454,69.6969696969697,81.81818181818183,84.84848484848484
EPL,2025,13778,Igor Jesus,Nottingham Forest,F M S,2379,37,6,5,0,37,2379,70,0,1,69,7.199080093763769,6.437911256216466,7.199080071412027,6.437911233864725,2.610340479192938,0.0933030613603583,0.2435527579015658,FW,2102,2187,192,0.9192938209331653,0.9611339734796523,central_forward_candidate,True,True,True,True,True,True,True,True,True,True,True,https://understat.com/player/13778,7.246376811594203,9.33030613603583,-1.4379112338647246,-2.083929324441627,high_volume_low_quality,66.66666666666666,3.0303030303030303,15.151515151515152,22.727272727272727
EPL,2025,11070,Jørgen Strand Larsen,"Crystal Palace,Wolverhampton Wanderers",F S,2353,36,4,3,0,36,2353,44,0,2,42,6.514206910505891,4.991869203746319,6.514206846244633,4.991869171150029,1.6064598385040374,0.1188540278845245,0.1909342224409276,FW,2090,2090,263,0.8882277943051424,1.0,central_forward_candidate,True,True,True,True,True,True,True,True,True,True,True,https://understat.com/player/11070,7.142857142857142,11.88540278845245,-1.9918691711500287,-4.742545645595307,low_volume_low_quality,15.151515151515152,9.090909090909092,9.090909090909092,18.181818181818183
EPL,2025,501,Danny Welbeck,Brighton,F S,2286,37,13,12,0,37,2286,56,0,3,53,12.718900069594383,10.435393424704673,12.718899921514094,10.435393408872187,2.0866141732283463,0.1968942152617394,0.4108422601918184,FW,2135,2135,151,0.9339457567804024,1.0,central_forward_candidate,True,True,True,True,True,True,True,True,True,True,True,https://understat.com/player/501,22.641509433962266,19.689421526173938,1.5646065911278129,2.9520879077883286,low_volume_high_quality,36.36363636363637,54.54545454545454,42.42424242424242,100.0
EPL,2025,7254,Viktor Gyokeres,Arsenal,F S,2255,36,14,11,0,36,2255,55,0,3,52,13.871430788189173,11.58792421594262,13.871430609375238,11.587924096733332,2.075388026607538,0.2228446941679487,0.4624892100691795,FW,2035,2035,220,0.902439024390244,1.0,central_forward_candidate,True,True,True,True,True,True,True,True,True,True,True,https://understat.com/player/7254,21.153846153846153,22.28446941679487,-0.5879240967333317,-1.130623262948717,low_volume_high_quality,33.33333333333333,81.81818181818183,63.63636363636363,93.93939393939394
EPL,2025,5735,Jean-Philippe Mateta,Crystal Palace,F S,2225,32,12,8,0,32,2225,63,0,4,59,15.977427493780851,12.93275199458003,15.97742752917111,12.9327521789819,2.386516853932584,0.2191991894742695,0.523122560048706,FW,2072,2072,153,0.9312359550561796,1.0,central_forward_candidate,True,True,True,True,True,True,True,True,True,True,True,https://understat.com/player/5735,13.559322033898304,21.91991894742695,-4.9327521789819,-8.360596913528646,low_volume_high_quality,51.515151515151516,78.78787878787878,78.78787878787878,36.36363636363637
EPL,2025,4105,Raúl Jiménez,Fulham,F S,2215,36,9,5,0,36,2215,73,0,4,69,12.016586696729064,8.971911305561662,12.016586764715612,8.971911414526403,2.803611738148984,0.1300277016598029,0.3645471906579577,FW,2100,2100,115,0.948081264108352,1.0,central_forward_candidate,True,True,True,True,True,True,True,True,True,True,True,https://understat.com/player/4105,7.246376811594203,13.00277016598029,-3.971911414526403,-5.756393354386088,high_volume_low_quality,72.72727272727273,15.151515151515152,30.303030303030305,22.727272727272727
EPL,2025,8117,Nick Woltemade,Newcastle United,F M S,1953,33,8,7,0,33,1953,32,1,1,31,8.262036986649036,7.500868149101734,8.262036997824907,7.500868160277605,1.4285714285714286,0.241963489041213,0.3456621272017329,FW,1512,1848,105,0.946236559139785,0.8181818181818182,central_forward_candidate,True,True,True,True,True,True,True,True,True,True,True,https://understat.com/player/8117,22.58064516129032,24.1963489041213,-0.5008681602776051,-1.6157037428309806,low_volume_high_quality,12.121212121212121,96.96969696969697,27.27272727272727,96.96969696969697
EPL,2025,9789,Brian Brobbey,Sunderland,F S,1943,31,7,7,0,31,1943,36,0,0,36,7.1118853986263275,7.1118853986263275,7.111885453574359,7.111885453574359,1.667524446731858,0.1975523737103988,0.3294234126719981,FW,1789,1789,154,0.9207411219763252,1.0,central_forward_candidate,True,True,True,True,True,True,True,True,True,True,True,https://understat.com/player/9789,19.444444444444446,19.75523737103988,-0.11188545357435942,-0.31079292659543256,low_volume_high_quality,18.181818181818183,57.57575757575758,21.21212121212121,78.78787878787878
EPL,2025,6026,Richarlison,Tottenham,F M S,1926,32,11,11,0,32,1926,61,0,0,61,9.866276641376317,9.866276641376317,9.866276629269125,9.866276629269125,2.850467289719626,0.1617422398240839,0.4610409639845385,FW,1539,1695,231,0.8800623052959502,0.9079646017699116,central_forward_candidate,True,True,True,True,True,True,True,True,True,True,True,https://understat.com/player/6026,18.0327868852459,16.17422398240839,1.1337233707308751,1.8585629028375124,high_volume_high_quality,75.75757575757575,39.39393939393939,60.60606060606061,62.121212121212125
EPL,2025,12916,Thierno Barry,Everton,F S,1921,38,8,8,0,38,1921,38,0,0,38,9.149327086284757,9.149327086284757,9.14932699687779,9.14932699687779,1.780322748568454,0.2407717630757313,0.4286514470166585,FW,1659,1659,262,0.8636127017178553,1.0,central_forward_candidate,True,True,True,True,True,True,True,True,True,True,True,https://understat.com/player/12916,21.052631578947366,24.07717630757313,-1.1493269968777895,-3.024544728625763,low_volume_high_quality,21.21212121212121,93.93939393939394,48.484848484848484,90.9090909090909
EPL,2025,8995,Hugo Ekitike,Liverpool,F S,1835,28,11,11,0,28,1835,65,0,0,65,11.932188130915163,11.932188130915163,11.932188018225132,11.932188018225132,3.188010899182561,0.1835721233573097,0.5852299300491891,FW,1679,1679,156,0.9149863760217984,1.0,central_forward_candidate,True,True,True,True,True,True,True,True,True,True,True,https://understat.com/player/8995,16.923076923076923,18.35721233573097,-0.9321880182251316,-1.4341354126540473,high_volume_high_quality,90.9090909090909,51.515151515151516,90.9090909090909,54.54545454545454
EPL,2025,13729,Zian Flemming,Burnley,F S,1795,29,11,9,0,29,1795,52,0,2,50,9.554794699884951,8.032457021065056,9.554794793948531,8.032457118853927,2.5069637883008355,0.1606491423770785,0.4027415825609211,FW,1720,1720,75,0.958217270194986,1.0,central_forward_candidate,True,True,True,True,True,True,True,True,True,True,True,https://understat.com/player/13729,18.0,16.06491423770785,0.9675428811460733,1.9350857622921502,high_volume_high_quality,60.60606060606061,36.36363636363637,36.36363636363637,57.57575757575758
EPL,2025,11974,Benjamin Sesko,Manchester United,F S,1636,30,11,11,0,30,1636,61,0,0,61,12.504127995111048,12.504127995111048,12.504127939231694,12.504127939231694,3.3557457212713935,0.204985703921831,0.6878798988574892,FW,1383,1383,253,0.8453545232273839,1.0,central_forward_candidate,True,True,True,True,True,True,True,True,True,True,True,https://understat.com/player/11974,18.0327868852459,20.498570392183098,-1.5041279392316937,-2.4657835069371963,high_volume_high_quality,93.93939393939394,63.63636363636363,96.96969696969697,62.121212121212125
EPL,2025,9983,Beto,Everton,F S,1552,37,9,9,0,37,1552,43,0,0,43,10.947674445807934,10.947674445807934,10.947674577124417,10.947674577124417,2.493556701030928,0.2545970831889399,0.6348522628487098,FW,1272,1272,280,0.8195876288659794,1.0,central_forward_candidate,True,True,True,True,True,True,True,True,True,True,True,https://understat.com/player/9983,20.930232558139537,25.45970831889399,-1.9476745771244168,-4.529475760754455,high_volume_high_quality,57.57575757575758,100.0,93.93939393939394,87.87878787878788
EPL,2025,8845,Hee-Chan Hwang,Wolverhampton Wanderers,F M S,1469,26,2,1,0,26,1469,19,0,1,18,2.6617424860596657,1.9005736485123632,2.661742489784956,1.9005736522376535,1.1027910142954391,0.1055874251243141,0.116440863649686,FW,978,1370,99,0.9326072157930564,0.7138686131386861,central_forward_candidate,True,True,True,True,True,True,True,True,True,True,True,https://understat.com/player/8845,5.555555555555555,10.55874251243141,-0.9005736522376535,-5.0031869568758545,low_volume_low_quality,3.0303030303030303,6.0606060606060606,3.0303030303030303,9.090909090909092
EPL,2025,10948,Valentín Castellanos,West Ham,F S,1430,18,6,6,0,18,1430,50,0,0,50,7.11984671279788,7.11984671279788,7.119846772402525,7.119846772402525,3.1468531468531467,0.1423969354480505,0.4481022444169421,FW,1365,1365,65,0.9545454545454546,1.0,central_forward_candidate,True,True,True,True,True,True,True,True,True,True,True,https://understat.com/player/10948,12.0,14.239693544805048,-1.119846772402525,-2.239693544805048,high_volume_low_quality,87.87878787878788,27.27272727272727,57.57575757575758,30.303030303030305
EPL,2025,7498,Lyle Foster,Burnley,F M S,1375,26,3,3,0,26,1375,20,0,0,20,3.5921845473349094,3.5921845473349094,3.5921845845878124,3.5921845845878124,1.309090909090909,0.1796092292293906,0.2351248091730204,FW,833,1175,200,0.8545454545454545,0.708936170212766,central_forward_candidate,True,True,True,True,True,True,True,True,True,True,True,https://understat.com/player/7498,15.0,17.96092292293906,-0.5921845845878124,-2.9609229229390586,low_volume_high_quality,9.090909090909092,48.484848484848484,12.121212121212121,50.0
EPL,2025,8875,Tolu Arokodare,Wolverhampton Wanderers,F S,1357,33,3,3,0,33,1357,46,0,1,45,7.426559334620833,6.665390497073531,7.426559214480221,6.665390376932919,2.984524686809138,0.1481197861540648,0.4420671583816969,FW,1080,1080,277,0.7958732498157701,1.0,central_forward_candidate,True,True,True,True,True,True,True,True,True,True,True,https://understat.com/player/8875,6.666666666666667,14.81197861540648,-3.665390376932919,-8.145311948739813,high_volume_low_quality,81.81818181818183,33.33333333333333,51.515151515151516,15.151515151515152
EPL,2025,468,Callum Wilson,West Ham,F M S,1229,32,7,7,0,32,1229,38,0,0,38,7.60266119800508,7.60266119800508,7.602661184966564,7.602661184966564,2.7827502034174127,0.2000700311833306,0.5567449199731414,FW,737,798,431,0.6493083807973963,0.9235588972431078,central_forward_candidate,True,True,True,True,True,True,True,True,True,True,True,https://understat.com/player/468,18.421052631578945,20.00700311833306,-0.6026611849665642,-1.5859504867541148,high_volume_high_quality,69.6969696969697,60.60606060606061,84.84848484848484,69.6969696969697
EPL,2025,4419,Adam Armstrong,Wolverhampton Wanderers,F M,1170,14,2,1,0,14,1170,18,0,1,17,2.8085783179849386,2.0474094804376364,2.8085783049464226,2.0474094673991203,1.3076923076923077,0.1204358510234776,0.1574930359537784,FW,834,1170,0,1.0,0.7128205128205128,central_forward_candidate,True,True,True,True,True,True,True,True,True,True,True,https://understat.com/player/4419,5.88235294117647,12.04358510234776,-1.0474094673991203,-6.161232161171291,low_volume_low_quality,6.0606060606060606,12.121212121212121,6.0606060606060606,12.121212121212121
EPL,2025,7148,Wilson Isidor,Sunderland,F S,1142,32,6,6,0,32,1142,43,0,0,43,5.619414385408163,5.619414385408163,5.619414367713034,5.619414367713034,3.3887915936952715,0.1306840550630938,0.4428610272278223,FW,836,836,306,0.7320490367775832,1.0,central_forward_candidate,True,True,True,True,True,True,True,True,True,True,True,https://understat.com/player/7148,13.953488372093023,13.06840550630938,0.38058563228696585,0.8850828657836427,high_volume_low_quality,96.96969696969697,18.181818181818183,54.54545454545454,39.39393939393939
EPL,2025,6544,Lukas Nmecha,Leeds,F S,1076,31,6,4,0,31,1076,30,0,3,27,8.14029767177999,5.856791136786342,8.140297669917345,5.856791157275438,2.258364312267658,0.2169181910102014,0.489880301259098,FW,756,756,320,0.7026022304832714,1.0,central_forward_candidate,True,True,True,True,True,True,True,True,True,True,True,https://understat.com/player/6544,14.814814814814813,21.69181910102014,-1.8567911572754383,-6.877004286205327,low_volume_high_quality,42.42424242424242,72.72727272727273,75.75757575757575,45.45454545454545
EPL,2025,8868,Liam Delap,Chelsea,F S,1064,28,1,1,0,28,1064,36,0,0,36,5.030099527910352,5.030099527910352,5.030099473893642,5.030099473893642,3.045112781954887,0.1397249853859345,0.425478338957169,FW,836,836,228,0.7857142857142857,1.0,central_forward_candidate,True,True,True,True,True,True,True,True,True,True,True,https://understat.com/player/8868,2.7777777777777777,13.97249853859345,-4.030099473893642,-11.194720760815674,high_volume_low_quality,84.84848484848484,21.21212121212121,45.45454545454545,3.0303030303030303
EPL,2025,5304,Mikel Merino,Arsenal,F M S,1002,22,4,4,0,22,1002,22,0,0,22,5.217843644320965,5.217843644320965,5.217843666672707,5.217843666672707,1.9760479041916168,0.2371747121214866,0.4686685928149137,FW,407,785,217,0.783433133732535,0.5184713375796178,central_forward_candidate,True,True,True,True,True,True,True,True,True,True,True,https://understat.com/player/5304,18.181818181818183,23.71747121214866,-1.2178436666727066,-5.535653030330476,low_volume_high_quality,27.27272727272727,87.87878787878788,66.66666666666666,66.66666666666666
EPL,2025,10717,Rodrigo Muniz,Fulham,F S,1001,21,1,1,0,21,1001,32,1,0,32,4.545291785150766,4.545291785150766,4.545291792601347,4.545291792601347,2.877122877122877,0.1420403685187921,0.4086675937403808,FW,785,785,216,0.7842157842157842,1.0,central_forward_candidate,True,True,True,True,True,True,True,True,True,True,True,https://understat.com/player/10717,3.125,14.20403685187921,-3.545291792601347,-11.07903685187921,high_volume_low_quality,78.78787878787878,24.242424242424242,39.39393939393939,6.0606060606060606
EPL,2025,1679,Dominic Solanke,Tottenham,F S,989,15,3,3,0,15,989,20,0,0,20,3.586364097893238,3.586364097893238,3.586364099755883,3.586364099755883,1.820020222446916,0.1793182049877941,0.3263627593306668,FW,927,927,62,0.9373104145601616,1.0,central_forward_candidate,True,True,True,True,True,True,True,True,True,True,True,https://understat.com/player/1679,15.0,17.93182049877941,-0.5863640997558832,-2.931820498779409,low_volume_high_quality,24.242424242424242,45.45454545454545,18.181818181818183,50.0
EPL,2025,4456,Chris Wood,Nottingham Forest,F S,913,15,3,3,0,15,913,23,0,0,23,3.365151971578598,3.365151971578598,3.365151956677437,3.365151956677437,2.2672508214676887,0.1463109546381494,0.331723632093066,FW,851,851,62,0.932092004381161,1.0,central_forward_candidate,True,True,True,True,True,True,True,True,True,True,True,https://understat.com/player/4456,13.043478260869565,14.631095463814939,-0.36515195667743683,-1.5876172029453741,low_volume_low_quality,45.45454545454545,30.303030303030305,24.242424242424242,33.33333333333333
La_liga,2025,9002,Vedat Muriqi,Mallorca,F S,3150,37,23,18,0,37,3150,114,0,7,107,21.630785251036286,16.427841836586595,21.630784982815385,16.427841717377305,3.057142857142857,0.1535312310035262,0.4693669062107801,FW,3136,3136,14,0.9955555555555556,1.0,central_forward_candidate,True,True,True,True,True,True,True,True,True,True,True,https://understat.com/player/9002,16.822429906542055,15.35312310035262,1.572158282622695,1.4693068061894348,high_volume_low_quality,76.31578947368422,57.89473684210527,71.05263157894737,68.42105263157895
La_liga,2025,1235,Ante Budimir,Osasuna,F S,2995,37,17,11,0,37,2995,103,0,8,95,19.19176504760981,13.24554404988885,19.19176498334855,13.245544108562171,2.8547579298831387,0.1394267800901281,0.3980297061003657,FW,2956,2956,39,0.9869782971619364,1.0,central_forward_candidate,True,True,True,True,True,True,True,True,True,True,True,https://understat.com/player/1235,11.578947368421053,13.942678009012809,-2.2455441085621715,-2.363730640591756,high_volume_low_quality,63.1578947368421,36.84210526315789,52.63157894736842,31.57894736842105
La_liga,2025,6400,Antonio Martínez,Alaves,F S,2750,37,14,13,0,37,2750,93,0,1,92,12.836471602320673,12.09319394826889,12.836471626535058,12.09319401718676,3.0109090909090908,0.1314477610563778,0.395777258744294,FW,2628,2628,122,0.9556363636363636,1.0,central_forward_candidate,True,True,True,True,True,True,True,True,True,True,True,https://understat.com/player/6400,14.130434782608695,13.144776105637778,0.9068059828132409,0.9856586769709175,high_volume_low_quality,68.42105263157895,18.421052631578945,50.0,57.89473684210527
La_liga,2025,2234,Mikel Oyarzabal,Real Sociedad,F S,2727,34,15,8,0,34,2727,79,0,7,72,16.028234442695975,10.825419073924422,16.028234366327524,10.825419012457132,2.376237623762376,0.1503530418396824,0.357274554866572,FW,2632,2632,95,0.9651631829849652,1.0,central_forward_candidate,True,True,True,True,True,True,True,True,True,True,True,https://understat.com/player/2234,11.11111111111111,15.03530418396824,-2.8254190124571323,-3.924193072857129,low_volume_low_quality,42.10526315789473,52.63157894736842,44.73684210526316,23.684210526315788
La_liga,2025,3423,Kylian Mbappe-Lottin,Real Madrid,F S,2623,31,25,17,0,31,2623,146,0,9,137,25.796528611332175,19.107029650360342,25.79652824997902,19.107029765844345,4.7007243614182235,0.1394673705536083,0.6555976663842894,FW,2577,2577,46,0.9824628288219596,1.0,central_forward_candidate,True,True,True,True,True,True,True,True,True,True,True,https://understat.com/player/3423,12.408759124087592,13.946737055360831,-2.107029765844345,-1.5379779312732396,high_volume_low_quality,100.0,39.473684210526315,89.47368421052632,47.368421052631575
La_liga,2025,6954,Juan Camilo Hernández,Real Betis,F S,2623,32,11,10,0,32,2623,89,0,1,88,12.400350131094456,11.65707252174616,12.400350119918585,11.657072510570288,3.019443385436523,0.1324667330746623,0.3999758009726747,FW,2542,2542,81,0.969119329012581,1.0,central_forward_candidate,True,True,True,True,True,True,True,True,True,True,True,https://understat.com/player/6954,11.363636363636363,13.246673307466232,-1.6570725105702877,-1.8830369438298682,high_volume_low_quality,71.05263157894737,26.31578947368421,55.26315789473685,26.31578947368421
La_liga,2025,7020,Gorka Guruzeta,Athletic Club,F M S,2401,35,10,9,0,35,2401,84,0,1,83,11.726107958704231,10.982830349355936,11.726107995025814,10.982830385677516,3.1112036651395254,0.1323232576587652,0.4116846042111522,FW,2090,2221,180,0.9250312369845898,0.9410175596578118,central_forward_candidate,True,True,True,True,True,True,True,True,True,True,True,https://understat.com/player/7020,10.843373493975903,13.23232576587652,-1.9828303856775165,-2.3889522719006173,high_volume_low_quality,84.21052631578947,23.684210526315788,63.1578947368421,21.052631578947366
La_liga,2025,13350,Roberto Fernández,Espanyol,F S,2388,38,7,6,0,38,2388,59,0,1,58,9.296747288666666,8.553469679318368,9.29674724675715,8.553469637408853,2.185929648241206,0.1474736144380836,0.3223669461334995,FW,2049,2049,339,0.8580402010050251,1.0,central_forward_candidate,True,True,True,True,True,True,True,True,True,True,True,https://understat.com/player/13350,10.344827586206897,14.74736144380836,-2.5534696374088526,-4.402533857601464,low_volume_low_quality,28.947368421052634,47.368421052631575,28.947368421052634,15.789473684210526
La_liga,2025,9275,Iván Romero,Levante,F M S,2339,32,7,7,0,32,2339,59,0,1,58,9.59401980228722,8.850742192938924,9.594019766896963,8.850742157548666,2.231722958529286,0.1525990027163563,0.3405586978107652,FW,1393,2257,82,0.9649422830269346,0.6171909614532566,central_forward_candidate,True,True,True,True,True,True,True,True,True,True,True,https://understat.com/player/9275,12.068965517241379,15.25990027163563,-1.850742157548666,-3.1909347543942506,low_volume_low_quality,34.21052631578947,55.26315789473685,39.473684210526315,42.10526315789473
La_liga,2025,11186,Alvaro Rodríguez,Elche,F S,2199,34,7,7,0,34,2199,74,0,0,74,12.178225251846015,12.178225251846015,12.178225170820951,12.178225170820951,3.028649386084584,0.1645706104164993,0.4984266782054959,FW,2028,2028,171,0.922237380627558,1.0,central_forward_candidate,True,True,True,True,True,True,True,True,True,True,True,https://understat.com/player/11186,9.45945945945946,16.457061041649933,-5.1782251708209515,-6.997601582190473,high_volume_high_quality,73.68421052631578,63.1578947368421,76.31578947368422,10.526315789473683
La_liga,2025,11783,Akor Adams,Sevilla,F S,2048,32,10,7,0,32,2048,61,0,3,58,10.047341846860943,7.8175089890137315,10.047341755591331,7.8175089275464416,2.548828125,0.1347846366818352,0.3435428727925682,FW,1810,1810,238,0.8837890625,1.0,central_forward_candidate,True,True,True,True,True,True,True,True,True,True,True,https://understat.com/player/11783,12.068965517241379,13.47846366818352,-0.8175089275464416,-1.4094981509421416,high_volume_low_quality,50.0,34.21052631578947,42.10526315789473,42.10526315789473
La_liga,2025,6441,Ferrán Torres,Barcelona,F M S,2025,33,16,16,0,33,2025,69,0,0,69,16.183371974155307,16.183371974155307,16.183371901512146,16.183371901512146,3.066666666666667,0.2345416217610456,0.7192609734005398,FW,1478,1796,229,0.8869135802469136,0.8229398663697105,central_forward_candidate,True,True,True,True,True,True,True,True,True,True,True,https://understat.com/player/6441,23.18840579710145,23.45416217610456,-0.183371901512146,-0.2657563790031112,high_volume_high_quality,78.94736842105263,92.10526315789474,97.36842105263158,86.8421052631579
La_liga,2025,14041,Vladyslav Vanat,Girona,F,2003,27,9,6,0,27,2003,27,0,3,24,9.496832385659218,7.2669995576143265,9.496832413598897,7.266999585554004,1.0783824263604591,0.3027916493980835,0.3265251935595907,FW,2003,2003,0,1.0,1.0,central_forward_candidate,True,True,True,True,True,True,True,True,True,True,True,https://understat.com/player/14041,25.0,30.27916493980835,-1.2669995855540037,-5.27916493980835,low_volume_high_quality,2.631578947368421,100.0,31.57894736842105,92.10526315789474
La_liga,2025,6637,Hugo Duro,Valencia,F S,1979,36,10,9,0,36,1979,36,0,2,34,10.062427267432213,8.575872018933296,10.062427274882792,8.5758720561862,1.5462354724608387,0.2522315310642999,0.3900093406047286,FW,1691,1691,288,0.8544719555330975,1.0,central_forward_candidate,True,True,True,True,True,True,True,True,True,True,True,https://understat.com/player/6637,26.47058823529412,25.22315310642999,0.4241279438138008,1.2474351288641294,low_volume_high_quality,10.526315789473683,97.36842105263158,47.368421052631575,94.73684210526315
La_liga,2025,1189,Lucas Boyé,Alaves,F M S,1960,29,11,8,0,29,1960,63,0,3,60,11.103807976469398,8.873975029215217,11.103807876817882,8.87397504877299,2.7551020408163267,0.1478995841462165,0.4074784461171271,FW,1702,1792,168,0.9142857142857144,0.9497767857142856,central_forward_candidate,True,True,True,True,True,True,True,True,True,True,True,https://understat.com/player/1189,13.333333333333334,14.789958414621651,-0.8739750487729907,-1.4566250812883172,high_volume_low_quality,60.526315789473685,50.0,57.89473684210527,53.94736842105263
La_liga,2025,6531,Alexander Sørloth,Atletico Madrid,F S,1955,35,13,13,0,35,1955,68,0,0,68,13.927608631551266,13.927608631551266,13.927608635276556,13.927608635276556,3.130434782608696,0.2048177740481846,0.6411686839769258,FW,1559,1559,396,0.7974424552429668,1.0,central_forward_candidate,True,True,True,True,True,True,True,True,True,True,True,https://understat.com/player/6531,19.11764705882353,20.48177740481846,-0.927608635276556,-1.3641303459949299,high_volume_high_quality,86.8421052631579,81.57894736842105,86.8421052631579,76.31578947368422
La_liga,2025,10846,Julián Álvarez,Atletico Madrid,F S,1926,29,8,6,0,29,1926,54,0,3,51,8.894600672647357,6.664767829701304,8.894600693136454,6.664767865091562,2.383177570093458,0.1306817228449326,0.3114377507052132,FW,1684,1684,242,0.8743509865005192,1.0,central_forward_candidate,True,True,True,True,True,True,True,True,True,True,True,https://understat.com/player/10846,11.76470588235294,13.06817228449326,-0.6647678650915623,-1.3034664021403195,low_volume_low_quality,44.73684210526316,15.789473684210526,23.684210526315788,34.21052631578947
La_liga,2025,2543,Borja Iglesias,Celta Vigo,F S,1903,35,14,10,0,35,1903,46,0,4,42,11.60863982141018,8.635529387742281,11.608639903366566,8.635529465973377,1.9863373620599056,0.2056078444279375,0.4084065433198129,FW,1629,1629,274,0.8560168155543878,1.0,central_forward_candidate,True,True,True,True,True,True,True,True,True,True,True,https://understat.com/player/2543,23.809523809523807,20.56078444279375,1.3644705340266228,3.2487393667300566,low_volume_high_quality,21.052631578947366,84.21052631578947,60.526315789473685,89.47368421052632
La_liga,2025,6170,André Silva,Elche,F S,1858,31,10,7,0,31,1858,57,0,3,54,10.836609966121614,8.606777063570917,10.836610048078,8.60677722003311,2.6157158234660924,0.1593847633339464,0.4169052474720021,FW,1751,1751,107,0.942411194833154,1.0,central_forward_candidate,True,True,True,True,True,True,True,True,True,True,True,https://understat.com/player/6170,12.962962962962962,15.938476333394641,-1.6067772200331092,-2.9755133704316794,high_volume_high_quality,52.63157894736842,60.526315789473685,65.78947368421053,50.0
La_liga,2025,2589,Rafa Mir,Elche,F M S,1834,27,8,7,0,27,1834,69,0,2,67,8.264916526153684,6.778489189222455,8.264916446059942,6.778489138931036,3.287895310796074,0.1011714796855378,0.3326412336443802,FW,1327,1734,100,0.945474372955289,0.765282583621684,central_forward_candidate,True,True,True,True,True,True,True,True,True,True,True,https://understat.com/player/2589,10.44776119402985,10.11714796855378,0.221510861068964,0.3306132254760694,high_volume_low_quality,89.47368421052632,2.631578947368421,36.84210526315789,18.421052631578945
La_liga,2025,13789,Adrián Liso,Getafe,F M S,1725,28,3,3,0,28,1725,26,0,0,26,2.757198302075267,2.757198302075267,2.7571983225643635,2.7571983225643635,1.3565217391304347,0.1060460893293986,0.1438538255250972,FW,1055,1629,96,0.9443478260869566,0.6476365868631062,central_forward_candidate,True,True,True,True,True,True,True,True,True,True,True,https://understat.com/player/13789,11.538461538461538,10.60460893293986,0.24280167743563652,0.9338526055216789,low_volume_low_quality,7.894736842105263,5.263157894736842,2.631578947368421,28.947368421052634
La_liga,2025,5074,Kike García,Espanyol,F S,1694,37,8,7,0,37,1694,60,0,2,58,10.003981161862612,8.517553839832544,10.003981178626418,8.517553871497512,3.0814639905548997,0.1468543770947847,0.4525264748729493,FW,1317,1317,377,0.7774498229043684,1.0,central_forward_candidate,True,True,True,True,True,True,True,True,True,True,True,https://understat.com/player/5074,12.068965517241379,14.68543770947847,-1.5175538714975119,-2.61647219223709,high_volume_low_quality,81.57894736842105,44.73684210526316,68.42105263157895,42.10526315789473
La_liga,2025,10930,Etta Eyong,"Levante,Villarreal",F S,1657,33,7,7,0,33,1657,50,0,1,49,11.02054724190384,10.277269617654383,11.020547109656036,10.27726950030774,2.6614363307181654,0.2097401938838314,0.5582101720143008,FW,1479,1479,178,0.8925769462884732,1.0,central_forward_candidate,True,True,True,True,True,True,True,True,True,True,True,https://understat.com/player/10930,14.285714285714285,20.974019388383137,-3.2772695003077406,-6.688305102668853,high_volume_high_quality,57.89473684210527,86.8421052631579,84.21052631578947,60.526315789473685
La_liga,2025,227,Robert Lewandowski,Barcelona,F S,1630,31,14,13,0,31,1630,63,0,3,60,16.066804450005293,13.836971666663883,16.066804487258196,13.836971659213305,3.312883435582822,0.2306161943202217,0.764004570140612,FW,1388,1388,242,0.8515337423312883,1.0,central_forward_candidate,True,True,True,True,True,True,True,True,True,True,True,https://understat.com/player/227,21.666666666666668,23.06161943202217,-0.8369716592133045,-1.3949527653555016,high_volume_high_quality,92.10526315789474,89.47368421052632,100.0,84.21052631578947
La_liga,2025,9001,Martín Satriano,Getafe,F M,1609,18,6,6,0,18,1609,35,0,0,35,4.711501374840736,4.711501374840736,4.711501395329833,4.711501395329833,1.9577377252952144,0.1346143255808523,0.2635395435548073,FW,1159,1609,0,1.0,0.7203231821006837,central_forward_candidate,True,True,True,True,True,True,True,True,True,True,True,https://understat.com/player/9001,17.142857142857142,13.461432558085228,1.288498604670167,3.6814245847719143,low_volume_low_quality,15.789473684210526,31.57894736842105,13.157894736842104,71.05263157894737
La_liga,2025,12305,Isaac Romero,Sevilla,F M S,1506,29,4,4,0,29,1506,41,0,1,40,5.542458679527044,4.799181040376425,5.542458714917302,4.799181105569005,2.3904382470119523,0.1199795276392251,0.2868036517272314,FW,1164,1318,188,0.8751660026560425,0.8831562974203339,central_forward_candidate,True,True,True,True,True,True,True,True,True,True,True,https://understat.com/player/12305,10.0,11.99795276392251,-0.799181105569005,-1.9979527639225108,low_volume_low_quality,47.368421052631575,13.157894736842104,18.421052631578945,13.157894736842104
La_liga,2025,11154,Pablo Durán,Celta Vigo,F M S,1451,30,2,2,0,30,1451,37,0,0,37,4.305393448099494,4.305393448099494,4.305393420159817,4.305393420159817,2.2949689869055825,0.1163619843286437,0.2670471452890307,FW,662,1188,263,0.8187456926257753,0.5572390572390572,central_forward_candidate,True,True,True,True,True,True,True,True,True,True,True,https://understat.com/player/11154,5.405405405405405,11.63619843286437,-2.3053934201598167,-6.230793027458965,low_volume_low_quality,36.84210526315789,10.526315789473683,15.789473684210526,5.263157894736842
La_liga,2025,2270,Antoine Griezmann,Atletico Madrid,F S,1428,34,7,7,0,34,1428,47,0,0,47,8.293904645368457,8.293904645368457,8.293904719874263,8.293904719874263,2.96218487394958,0.1764660578696651,0.5227250873870334,FW,865,941,487,0.6589635854341737,0.9192348565356004,central_forward_candidate,True,True,True,True,True,True,True,True,True,True,True,https://understat.com/player/2270,14.893617021276595,17.64660578696651,-1.2939047198742628,-2.7529887656899152,high_volume_high_quality,65.78947368421053,71.05263157894737,81.57894736842105,63.1578947368421
La_liga,2025,11900,Lucas Beltrán,Valencia,F S,1377,27,1,1,0,27,1377,34,0,0,34,4.7564667742699385,4.7564667742699385,4.756466816179454,4.756466816179454,2.2222222222222223,0.1398960828288074,0.3108801840640166,FW,1155,1155,222,0.8387799564270153,1.0,central_forward_candidate,True,True,True,True,True,True,True,True,True,True,True,https://understat.com/player/11900,2.941176470588235,13.989608282880738,-3.7564668161794543,-11.048431812292502,low_volume_low_quality,31.57894736842105,42.10526315789473,21.052631578947366,2.631578947368421
La_liga,2025,2120,Gerard Moreno,Villarreal,F S,1368,22,10,7,0,22,1368,39,0,3,36,7.015236139297485,4.78540326654911,7.0152361411601305,4.785403313115239,2.3684210526315788,0.1329278698087566,0.3148291653365289,FW,1212,1212,156,0.8859649122807017,1.0,central_forward_candidate,True,True,True,True,True,True,True,True,True,True,True,https://understat.com/player/2120,19.444444444444446,13.29278698087566,2.214596686884761,6.151657463568787,low_volume_low_quality,39.473684210526315,28.947368421052634,26.31578947368421,81.57894736842105
La_liga,2025,13769,Carlos Espí,Levante,F S,1328,25,11,11,0,25,1328,57,0,0,57,9.884630508720877,9.884630508720877,9.88463063724339,9.88463063724339,3.862951807228915,0.1734145725832173,0.6698921365601695,FW,1118,1118,210,0.8418674698795181,1.0,central_forward_candidate,True,True,True,True,True,True,True,True,True,True,True,https://understat.com/player/13769,19.298245614035086,17.34145725832173,1.11536936275661,1.956788355713357,high_volume_high_quality,97.36842105263158,68.42105263157895,92.10526315789474,78.94736842105263
La_liga,2025,14388,Luis Vázquez,Getafe,F S,1232,17,3,3,0,17,1232,25,0,0,25,2.6704405779019,2.6704405779019,2.670440564863384,2.670440564863384,1.8262987012987013,0.1068176225945353,0.1950808854202147,FW,1132,1132,100,0.9188311688311688,1.0,central_forward_candidate,True,True,True,True,True,True,True,True,True,True,True,https://understat.com/player/14388,12.0,10.68176225945353,0.3295594351366158,1.3182377405464702,low_volume_low_quality,13.157894736842104,7.894736842105263,5.263157894736842,36.84210526315789
La_liga,2025,14059,Alemão,Rayo Vallecano,F S,1118,26,4,4,0,26,1118,25,0,0,25,4.114549320191145,4.114549320191145,4.114549377933145,4.114549377933145,2.012522361359571,0.1645819751173257,0.3312249052003426,FW,841,841,277,0.7522361359570662,1.0,central_forward_candidate,True,True,True,True,True,True,True,True,True,True,True,https://understat.com/player/14059,16.0,16.45819751173257,-0.11454937793314457,-0.45819751173257117,low_volume_high_quality,23.684210526315788,65.78947368421053,34.21052631578947,65.78947368421053
La_liga,2025,2252,Borja Mayoral,Getafe,F S,1072,16,4,4,0,16,1072,15,0,1,14,3.4905536491423845,2.747275995090604,3.49055358953774,2.747275980189442,1.1753731343283582,0.1962339985849601,0.2306481699785912,FW,1006,1006,66,0.9384328358208956,1.0,central_forward_candidate,True,True,True,True,True,True,True,True,True,True,True,https://understat.com/player/2252,28.57142857142857,19.62339985849601,1.2527240198105578,8.948028712932558,low_volume_high_quality,5.263157894736842,78.94736842105263,7.894736842105263,98.68421052631578
La_liga,2025,813,Salomón Rondón,Real Oviedo,F S,1054,16,2,2,0,16,1054,24,0,1,23,3.783308571204543,3.0400309544056654,3.7833085460588336,3.0400309367105365,1.9639468690702089,0.1321752581178494,0.259585184349097,FW,1011,1011,43,0.959203036053131,1.0,central_forward_candidate,True,True,True,True,True,True,True,True,True,True,True,https://understat.com/player/813,8.695652173913043,13.217525811784938,-1.0400309367105365,-4.521873637871895,low_volume_low_quality,18.421052631578945,21.052631578947366,10.526315789473683,7.894736842105263
La_liga,2025,1450,Umar Sadiq,"Real Sociedad,Valencia",F S,1028,25,4,4,0,25,1028,30,0,0,30,5.453680071979761,5.453680071979761,5.4536800710484385,5.4536800710484385,2.6264591439688716,0.1817893357016146,0.4774622630295325,FW,763,763,265,0.7422178988326849,1.0,central_forward_candidate,True,True,True,True,True,True,True,True,True,True,True,https://understat.com/player/1450,13.333333333333334,18.17893357016146,-1.4536800710484385,-4.845600236828124,high_volume_high_quality,55.26315789473685,76.31578947368422,73.68421052631578,53.94736842105263
La_liga,2025,8042,Raul García,Osasuna,F S,926,36,7,7,0,36,926,39,0,0,39,6.938203576952219,6.938203576952219,6.938203593716025,6.938203593716025,3.7904967602591793,0.1779026562491288,0.6743394421538254,FW,512,512,414,0.5529157667386609,1.0,central_forward_candidate,True,True,True,True,True,True,True,True,True,True,True,https://understat.com/player/8042,17.94871794871795,17.79026562491288,0.06179640628397465,0.15845232380506857,high_volume_high_quality,94.73684210526315,73.68421052631578,94.73684210526315,73.68421052631578
La_liga,2025,12035,Gonzalo García,Real Madrid,F S,923,30,6,6,0,30,923,21,0,0,21,5.269253443926573,5.269253443926573,5.269253266975284,5.269253266975284,2.047670639219935,0.2509168222369182,0.5137950097809052,FW,637,685,238,0.742145178764897,0.92992700729927,central_forward_candidate,True,True,True,True,True,True,True,True,True,True,True,https://understat.com/player/12035,28.57142857142857,25.09168222369182,0.7307467330247164,3.47974634773675,low_volume_high_quality,26.31578947368421,94.73684210526315,78.94736842105263,98.68421052631578
Ligue_1,2025,11792,Issa Soumaré,Le Havre,F M S,2942,34,8,7,0,34,2942,77,0,3,74,14.245313878171146,11.965028430335224,14.245313727296889,11.965028368867934,2.263766145479266,0.1616895725522693,0.3660273804208409,FW,1733,2903,39,0.986743711760707,0.5969686531174647,central_forward_candidate,True,True,True,True,True,True,True,True,True,True,True,https://understat.com/player/11792,9.45945945945946,16.16895725522693,-4.965028368867934,-6.709497795767469,low_volume_high_quality,46.666666666666664,60.0,53.333333333333336,23.333333333333332
Ligue_1,2025,6905,Ludovic Ajorque,Brest,F,2834,32,8,8,0,32,2834,55,0,0,55,9.856391444802284,9.856391444802284,9.85639150813222,9.85639150813222,1.746647847565279,0.1792071183296767,0.313011727498906,FW,2834,2834,0,1.0,1.0,central_forward_candidate,True,True,True,True,True,True,True,True,True,True,True,https://understat.com/player/6905,14.545454545454545,17.92071183296767,-1.8563915081322193,-3.375257287513124,low_volume_high_quality,16.666666666666664,70.0,30.0,56.666666666666664
Ligue_1,2025,10815,Lassine Sinayoko,Auxerre,F M,2811,32,12,9,0,32,2811,93,0,4,89,13.613020814955236,10.57264032587409,13.613020706921816,10.572640229016542,2.849519743863394,0.1187937104383881,0.3385050233409779,FW,1584,2811,0,1.0,0.5635005336179295,central_forward_candidate,True,True,True,True,True,True,True,True,True,True,True,https://understat.com/player/10815,10.112359550561797,11.87937104383881,-1.5726402290165424,-1.767011493277014,high_volume_low_quality,83.33333333333334,20.0,43.333333333333336,26.666666666666668
Ligue_1,2025,12850,Esteban Lepaul,"Angers,Rennes",F S,2761,34,21,18,0,34,2761,87,0,4,83,15.734724316745996,12.694475065916777,15.73472439777106,12.694475169293582,2.7055414704817093,0.1529454839673925,0.413800349596676,FW,2736,2736,25,0.9909453096704092,1.0,central_forward_candidate,True,True,True,True,True,True,True,True,True,True,True,https://understat.com/player/12850,21.686746987951807,15.294548396739248,5.305524830706418,6.3921985912125585,high_volume_low_quality,76.66666666666667,46.666666666666664,60.0,90.0
Ligue_1,2025,13051,Matias Fernandez-Pardo,Lille,F M S,2408,29,8,6,0,29,2408,68,0,2,66,11.11183587089181,9.591645512729883,11.111835712566972,9.591645473614337,2.4667774086378738,0.1453279617214293,0.3584917328178115,FW,1252,2339,69,0.971345514950166,0.5352714835399743,central_forward_candidate,True,True,True,True,True,True,True,True,True,True,True,https://understat.com/player/13051,9.090909090909092,14.53279617214293,-3.591645473614337,-5.441887081233839,high_volume_low_quality,56.666666666666664,40.0,50.0,16.666666666666664
Ligue_1,2025,9690,Folarin Balogun,Monaco,F S,2281,30,13,10,0,30,2281,77,0,3,74,14.09382818453014,11.813542751595378,14.093828151933849,11.813542793504894,2.919772029811486,0.1596424701824985,0.4661196192088735,FW,2135,2135,146,0.9359929855326612,1.0,central_forward_candidate,True,True,True,True,True,True,True,True,True,True,True,https://understat.com/player/9690,13.513513513513514,15.96424701824985,-1.8135427935048938,-2.450733504736336,high_volume_high_quality,90.0,56.666666666666664,80.0,43.333333333333336
Ligue_1,2025,12413,Joaquín Panichelli,Strasbourg,F M S,2202,27,16,11,0,27,2202,58,0,6,52,14.715991329401731,10.155420538038015,14.715991120785477,10.155420403927565,2.1253405994550407,0.1952965462293762,0.4150716786346416,FW,2018,2108,94,0.9573115349682108,0.9573055028462998,central_forward_candidate,True,True,True,True,True,True,True,True,True,True,True,https://understat.com/player/12413,21.153846153846153,19.52965462293762,0.8445795960724354,1.6241915309085329,low_volume_high_quality,36.666666666666664,83.33333333333334,63.33333333333333,83.33333333333334
Ligue_1,2025,318,Pierre-Emerick Aubameyang,Marseille,F M S,2074,30,10,10,0,30,2074,60,0,0,60,15.525875067338347,15.525875067338347,15.525875018909574,15.525875018909574,2.6036644165863065,0.2587645836484929,0.6737361387183518,FW,1813,1885,189,0.9088717454194792,0.9618037135278514,central_forward_candidate,True,True,True,True,True,True,True,True,True,True,True,https://understat.com/player/318,16.666666666666664,25.87645836484929,-5.5258750189095736,-9.209791698182627,high_volume_high_quality,70.0,96.66666666666667,100.0,63.33333333333333
Ligue_1,2025,5769,Habib Diallo,Metz,F S,1908,25,4,4,0,25,1908,38,0,1,37,5.928135938942432,5.168040789663792,5.928136001341045,5.1680408818647265,1.7452830188679245,0.1396767805909385,0.2437755132955059,FW,1818,1818,90,0.9528301886792452,1.0,central_forward_candidate,True,True,True,True,True,True,True,True,True,True,True,https://understat.com/player/5769,10.81081081081081,13.96767805909385,-1.1680408818647265,-3.1568672482830387,low_volume_low_quality,13.333333333333334,33.33333333333333,16.666666666666664,35.0
Ligue_1,2025,3697,Odsonne Edouard,Lens,F S,1879,29,12,11,0,29,1879,60,0,1,59,13.342069167643784,12.581974048167467,13.342069189995527,12.581974070519207,2.825971261309207,0.2132537978054103,0.602649103963134,FW,1808,1808,71,0.9622139435870144,1.0,central_forward_candidate,True,True,True,True,True,True,True,True,True,True,True,https://understat.com/player/3697,18.64406779661017,21.325379780541027,-1.5819740705192071,-2.6813119839308577,high_volume_high_quality,80.0,86.66666666666667,96.66666666666667,70.0
Ligue_1,2025,5356,Breel Embolo,Rennes,F S,1870,31,9,9,0,31,1870,41,0,0,41,9.035452591255307,9.035452591255307,9.035452604293823,9.035452604293823,1.9732620320855616,0.2203768927876542,0.4348613552868685,FW,1660,1660,210,0.8877005347593583,1.0,central_forward_candidate,True,True,True,True,True,True,True,True,True,True,True,https://understat.com/player/5356,21.951219512195124,22.03768927876542,-0.03545260429382324,-0.08646976657029626,low_volume_high_quality,20.0,90.0,70.0,96.66666666666667
Ligue_1,2025,502,Olivier Giroud,Lille,F S,1610,30,7,4,0,30,1610,41,0,4,37,8.869264025241137,5.828883409500122,8.869263906031847,5.828883428126574,2.068322981366459,0.1575373899493668,0.325838204056765,FW,1368,1368,242,0.8496894409937888,1.0,central_forward_candidate,True,True,True,True,True,True,True,True,True,True,True,https://understat.com/player/502,10.81081081081081,15.75373899493668,-1.8288834281265736,-4.94292818412587,low_volume_low_quality,23.333333333333332,50.0,33.33333333333333,35.0
Ligue_1,2025,14082,Emersonn,Toulouse,F S,1607,28,7,7,0,28,1607,51,0,0,51,7.415036683902144,7.415036683902144,7.415036539547145,7.415036539547145,2.8562538892345986,0.1453928733244538,0.4152789598999646,FW,1379,1379,228,0.8581207218419415,1.0,central_forward_candidate,True,True,True,True,True,True,True,True,True,True,True,https://understat.com/player/14082,13.725490196078432,14.53928733244538,-0.41503653954714537,-0.8137971363669472,high_volume_low_quality,86.66666666666667,43.333333333333336,66.66666666666666,46.666666666666664
Ligue_1,2025,13735,Pavel Sulc,Lyon,F M S,1562,27,10,10,0,27,1562,44,0,0,44,8.200931411236525,8.200931411236525,8.20093142427504,8.20093142427504,2.535211267605634,0.18638480509716,0.4725248579928,FW,782,1399,163,0.8956466069142125,0.5589706933523946,central_forward_candidate,True,True,True,True,True,True,True,True,True,True,True,https://understat.com/player/13735,22.727272727272727,18.638480509716,1.7990685757249594,4.088792217556726,high_volume_high_quality,60.0,76.66666666666667,83.33333333333334,100.0
Ligue_1,2025,8287,Mbwana Samatta,Le Havre,F S,1550,27,2,2,0,27,1550,42,0,0,42,5.862232429906726,5.862232429906726,5.862232382409275,5.862232382409275,2.438709677419354,0.1395769614859351,0.3403876867205385,FW,1299,1299,251,0.8380645161290322,1.0,central_forward_candidate,True,True,True,True,True,True,True,True,True,True,True,https://understat.com/player/8287,4.761904761904762,13.95769614859351,-3.8622323824092746,-9.195791386688747,low_volume_low_quality,53.333333333333336,30.0,46.666666666666664,6.666666666666667
Ligue_1,2025,6401,Amine Gouiri,Marseille,F M S,1318,22,8,8,0,22,1318,38,0,0,38,7.237069595605135,7.237069595605135,7.237069573253393,7.237069573253393,2.5948406676783,0.1904491992961419,0.4941853274603986,FW,850,1180,138,0.8952959028831563,0.7203389830508474,central_forward_candidate,True,True,True,True,True,True,True,True,True,True,True,https://understat.com/player/6401,21.052631578947366,19.04491992961419,0.7629304267466068,2.007711649333178,high_volume_high_quality,66.66666666666666,80.0,86.66666666666667,80.0
Ligue_1,2025,10193,Frank Magri,Toulouse,F M S,1297,17,5,5,0,17,1297,33,0,1,32,4.1963038221001625,3.436208687722683,4.196303814649582,3.4362086951732635,2.220508866615266,0.1073815217241644,0.238441621099147,FW,665,1272,25,0.9807247494217424,0.5227987421383647,central_forward_candidate,True,True,True,True,True,True,True,True,True,True,True,https://understat.com/player/10193,15.625,10.73815217241644,1.5637913048267365,4.88684782758356,low_volume_low_quality,43.333333333333336,16.666666666666664,13.333333333333334,60.0
Ligue_1,2025,11767,Gonçalo Ramos,Paris Saint Germain,F S,1293,30,6,5,0,30,1293,58,0,2,56,9.366714945062997,7.846524586901069,9.366714869625866,7.84652463067323,3.897911832946636,0.1401165112620219,0.546161807239436,FW,1032,1032,261,0.7981438515081206,1.0,central_forward_candidate,True,True,True,True,True,True,True,True,True,True,True,https://understat.com/player/11767,8.928571428571429,14.01165112620219,-2.8465246306732297,-5.083079697630762,high_volume_low_quality,100.0,36.666666666666664,90.0,10.0
Ligue_1,2025,13604,Prosper Peter,Angers,F S,1257,29,5,5,0,29,1257,23,0,0,23,6.074337815865874,6.074337815865874,6.074337761849165,6.074337761849165,1.6467780429594272,0.2641016418195289,0.4349167848579354,FW,1019,1019,238,0.8106603023070803,1.0,central_forward_candidate,True,True,True,True,True,True,True,True,True,True,True,https://understat.com/player/13604,21.73913043478261,26.41016418195289,-1.074337761849165,-4.671033747170281,low_volume_high_quality,10.0,100.0,73.33333333333333,93.33333333333333
Ligue_1,2025,9345,Ahmadou Bamba Dieng,Lorient,F S,1239,22,10,9,0,22,1239,45,0,2,43,9.474379494786264,7.954189226031303,9.474379617720842,7.954189378768206,3.123486682808717,0.1849811483434466,0.5777861534214193,FW,1130,1130,109,0.9120258272800644,1.0,central_forward_candidate,True,True,True,True,True,True,True,True,True,True,True,https://understat.com/player/9345,20.930232558139537,18.49811483434466,1.0458106212317944,2.432117723794878,high_volume_high_quality,93.33333333333333,73.33333333333333,93.33333333333333,76.66666666666667
Ligue_1,2025,8970,Sékou Mara,Auxerre,F S,1231,27,3,3,0,27,1231,33,0,0,33,3.05426874384284,3.05426874384284,3.054268727079034,3.054268727079034,2.412672623883022,0.0925535977902737,0.2233015316304736,FW,1041,1041,190,0.8456539398862714,1.0,central_forward_candidate,True,True,True,True,True,True,True,True,True,True,True,https://understat.com/player/8970,9.090909090909092,9.25535977902737,-0.05426872707903385,-0.16445068811827745,low_volume_low_quality,50.0,6.666666666666667,6.666666666666667,16.666666666666664
Ligue_1,2025,12847,Sidiki Chérif,Angers,F M S,1187,19,4,4,0,19,1187,28,0,0,28,2.8283863738179207,2.8283863738179207,2.828386414796114,2.828386414796114,2.1229991575400167,0.1010138005284326,0.2144522134217778,FW,819,1022,165,0.8609941027801179,0.8013698630136986,central_forward_candidate,True,True,True,True,True,True,True,True,True,True,True,https://understat.com/player/12847,14.285714285714285,10.101380052843261,1.171613585203886,4.184334232871024,low_volume_low_quality,33.33333333333333,10.0,3.3333333333333335,53.333333333333336
Ligue_1,2025,10831,Mostafa Mohamed,Nantes,F S,1152,24,4,4,0,24,1152,34,0,0,34,3.018826650455594,3.018826650455594,3.0188266783952713,3.0188266783952713,2.65625,0.0887890199528021,0.2358458342496305,FW,1008,1008,144,0.875,1.0,central_forward_candidate,True,True,True,True,True,True,True,True,True,True,True,https://understat.com/player/10831,11.76470588235294,8.87890199528021,0.9811733216047287,2.885803887072731,high_volume_low_quality,73.33333333333333,3.3333333333333335,10.0,40.0
Ligue_1,2025,8690,Jean-Phillipe Krasso,Paris FC,F S,1082,25,2,1,0,25,1082,27,0,1,26,4.3040565541014075,3.5439614383503795,4.304056596942246,3.5439614774659276,2.162661737523105,0.1363062106717664,0.2947842264065928,FW,874,874,208,0.8077634011090573,1.0,central_forward_candidate,True,True,True,True,True,True,True,True,True,True,True,https://understat.com/player/8690,3.8461538461538463,13.63062106717664,-2.5439614774659276,-9.784467221022794,low_volume_low_quality,40.0,26.666666666666668,26.666666666666668,3.3333333333333335
Ligue_1,2025,10349,Mika Biereth,Monaco,F M S,1051,32,2,2,0,32,1051,19,0,0,19,3.207695998251438,3.207695998251438,3.2076959870755672,3.2076959870755672,1.627021883920076,0.1688261045829246,0.2746837667333978,FW,777,861,190,0.8192197906755471,0.902439024390244,central_forward_candidate,True,True,True,True,True,True,True,True,True,True,True,https://understat.com/player/10349,10.526315789473683,16.88261045829246,-1.2076959870755672,-6.356294668818778,low_volume_high_quality,6.666666666666667,63.33333333333333,23.333333333333332,30.0
Ligue_1,2025,3226,Ousmane Dembélé,Paris Saint Germain,F S,1050,22,10,8,0,22,1050,45,0,3,42,6.604901619255543,4.324616186320782,6.604901483282447,4.324616124853492,3.6,0.1029670505917498,0.3706813821302993,FW,792,792,258,0.7542857142857143,1.0,central_forward_candidate,True,True,True,True,True,True,True,True,True,True,True,https://understat.com/player/3226,19.047619047619047,10.29670505917498,3.675383875146508,8.750913988444067,high_volume_low_quality,96.66666666666667,13.333333333333334,56.666666666666664,73.33333333333333
Ligue_1,2025,6332,Willem Geubbels,Paris FC,F S,1013,24,5,4,0,24,1013,30,0,1,29,5.863018184900284,5.102923050522804,5.86301826685667,5.102923147380352,2.576505429417572,0.1759628671510466,0.4533692825905545,FW,836,836,177,0.8252714708785784,1.0,central_forward_candidate,True,True,True,True,True,True,True,True,True,True,True,https://understat.com/player/6332,13.793103448275861,17.596286715104657,-1.102923147380352,-3.803183266828796,high_volume_high_quality,63.33333333333333,66.66666666666666,76.66666666666667,50.0
Ligue_1,2025,2082,Youssef El-Arabi,Nantes,F S,943,25,3,3,0,25,943,15,0,1,14,4.204976715147495,3.444881595671177,4.204976722598076,3.4448816031217575,1.3361611876988335,0.2460629716515541,0.3287797924506449,FW,808,808,135,0.8568398727465536,1.0,central_forward_candidate,True,True,True,True,True,True,True,True,True,True,True,https://understat.com/player/2082,21.428571428571427,24.60629716515541,-0.4448816031217575,-3.1777257365839837,low_volume_high_quality,3.3333333333333335,93.33333333333333,36.666666666666664,86.66666666666667
Ligue_1,2025,9182,Sepe Elye Wahi,Nice,F S,937,14,5,4,0,14,937,23,0,1,22,4.234686259180307,3.474591109901666,4.234686255455017,3.4745911359786987,2.113127001067236,0.1579359607263044,0.3337387430502485,FW,859,859,78,0.9167556029882604,1.0,central_forward_candidate,True,True,True,True,True,True,True,True,True,True,True,https://understat.com/player/9182,18.181818181818183,15.79359607263044,0.5254088640213013,2.388222109187744,low_volume_high_quality,26.666666666666668,53.333333333333336,40.0,66.66666666666666
Ligue_1,2025,6238,Ignatius Ganago,Nantes,F M S,934,14,3,2,0,14,934,23,0,1,22,3.503245037049055,2.7431498877704144,3.503244949504733,2.7431498300284147,2.119914346895075,0.1246886286376552,0.2643292127436374,FW,782,872,62,0.9336188436830836,0.8967889908256881,central_forward_candidate,True,True,True,True,True,True,True,True,True,True,True,https://understat.com/player/6238,9.090909090909092,12.468862863765521,-0.7431498300284147,-3.3779537728564293,low_volume_low_quality,30.0,23.333333333333332,20.0,16.666666666666664
Serie_A,2025,13446,Mateo Pellegrino,Parma Calcio 1913,F S,3012,37,9,8,0,37,3012,73,0,1,72,9.909808543510737,9.148509708233178,9.909808650612831,9.148509815335274,2.151394422310757,0.127062636324101,0.2733618470717711,FW,2904,2904,108,0.9641434262948207,1.0,central_forward_candidate,True,True,True,True,True,True,True,True,True,True,True,https://understat.com/player/13446,11.11111111111111,12.706263632410101,-1.1485098153352737,-1.5951525212989903,low_volume_low_quality,38.0,34.0,28.000000000000004,53.0
Serie_A,2025,11055,Rasmus Højlund,Napoli,F S,2784,33,13,12,0,33,2784,60,0,1,59,13.312345487996936,12.551046593114734,13.312345320358872,12.551046485081317,1.9073275862068968,0.2127296014420562,0.4057450372332322,FW,2757,2757,27,0.990301724137931,1.0,central_forward_candidate,True,True,True,True,True,True,True,True,True,True,True,https://understat.com/player/11055,20.33898305084746,21.27296014420562,-0.5510464850813168,-0.933977093358159,low_volume_high_quality,22.0,88.0,70.0,94.0
Serie_A,2025,7969,Sebastiano Esposito,Cagliari,F M S,2751,36,7,6,0,36,2751,57,0,1,56,5.744417134672403,4.983118314296007,5.744417142122984,4.983118306845427,1.83206106870229,0.0889842554793826,0.1630245901912353,FW,1908,2688,63,0.9770992366412212,0.7098214285714286,central_forward_candidate,True,True,True,True,True,True,True,True,True,True,True,https://understat.com/player/7969,10.714285714285714,8.89842554793826,1.0168816931545734,1.8158601663474538,low_volume_low_quality,20.0,10.0,6.0,50.0
Serie_A,2025,4895,Andrea Pinamonti,Sassuolo,F S,2610,36,9,9,0,36,2610,73,0,1,72,11.534677205607297,10.773378429934382,11.534677259624004,10.773378424346449,2.4827586206896552,0.1496302558937006,0.3714958077360843,FW,2552,2552,58,0.9777777777777776,1.0,central_forward_candidate,True,True,True,True,True,True,True,True,True,True,True,https://understat.com/player/4895,12.5,14.96302558937006,-1.7733784243464488,-2.4630255893700603,high_volume_low_quality,54.0,64.0,62.0,69.0
Serie_A,2025,2019,Federico Bonazzoli,Cremonese,F S,2571,35,10,7,0,35,2571,75,0,3,72,9.023360214661809,6.739463760983199,9.023360238876194,6.739463733043522,2.520420070011669,0.0936036629589378,0.2359205507483146,FW,2486,2486,85,0.9669389342668222,1.0,central_forward_candidate,True,True,True,True,True,True,True,True,True,True,True,https://understat.com/player/2019,9.722222222222223,9.36036629589378,0.26053626695647836,0.36185592632844354,high_volume_low_quality,60.0,12.0,16.0,42.0
Serie_A,2025,12528,Santiago Castro,Bologna,F S,2381,35,7,7,0,35,2381,63,0,0,63,8.299087951891124,8.299087951891124,8.299087804742157,8.299087804742157,2.381352372952541,0.1317315524562247,0.3136992450343528,FW,2123,2123,258,0.8916421671566569,1.0,central_forward_candidate,True,True,True,True,True,True,True,True,True,True,True,https://understat.com/player/12528,11.11111111111111,13.17315524562247,-1.2990878047421575,-2.0620441345113587,low_volume_low_quality,46.0,40.0,48.0,53.0
Serie_A,2025,8478,Lorenzo Colombo,Genoa,F S,2373,38,7,6,0,38,2373,66,0,2,64,9.395731360651553,7.873133630491793,9.3957312470302,7.873133576475084,2.427307206068268,0.1230177121324231,0.2986017791330626,FW,2222,2222,151,0.9363674673409188,1.0,central_forward_candidate,True,True,True,True,True,True,True,True,True,True,True,https://understat.com/player/8478,9.375,12.30177121324231,-1.8731335764750838,-2.9267712132423096,low_volume_low_quality,48.0,26.0,36.0,39.0
Serie_A,2025,13939,Stefano Moreo,Pisa,F M S,2336,37,7,5,0,37,2336,52,0,2,50,6.222204111516476,4.699606470763683,6.222204195335507,4.699606524780393,1.9263698630136987,0.0939921304956078,0.1810636075471897,FW,1377,2210,126,0.9460616438356164,0.6230769230769231,central_forward_candidate,True,True,True,True,True,True,True,True,True,True,True,https://understat.com/player/13939,10.0,9.39921304956078,0.30039347521960735,0.60078695043922,low_volume_low_quality,24.0,14.000000000000002,8.0,45.0
Serie_A,2025,6686,Nicolo Zaniolo,Udinese,F M S,2308,32,5,5,0,32,2308,72,0,0,72,6.143913544714451,6.143913544714451,6.143913645297289,6.143913645297289,2.8076256499133447,0.0853321339624623,0.2395806880748509,FW,1678,2226,82,0.9644714038128248,0.7538185085354897,central_forward_candidate,True,True,True,True,True,True,True,True,True,True,True,https://understat.com/player/6686,6.944444444444445,8.533213396246229,-1.143913645297289,-1.588768951801784,high_volume_low_quality,74.0,8.0,18.0,20.0
Serie_A,2025,12030,Tasos Douvikas,Como,F S,2279,38,14,13,0,38,2279,65,0,1,64,15.170707620680332,14.409408785402777,15.170707589015365,14.409408753737807,2.5274243089074155,0.2251470117771532,0.5690420306434413,FW,1937,1937,342,0.8499341816586222,1.0,central_forward_candidate,True,True,True,True,True,True,True,True,True,True,True,https://understat.com/player/12030,20.3125,22.51470117771532,-1.4094087537378073,-2.2022011777153203,high_volume_high_quality,62.0,92.0,88.0,92.0
Serie_A,2025,1102,Giovanni Simeone,Torino,F M S,2273,32,11,11,0,32,2273,78,0,0,78,11.181717524304986,11.181717524304986,11.181717403233051,11.181717403233051,3.0884293884733833,0.1433553513235006,0.4427428800224261,FW,2036,2126,147,0.9353277606687196,0.9576669802445908,central_forward_candidate,True,True,True,True,True,True,True,True,True,True,True,https://understat.com/player/1102,14.102564102564102,14.33553513235006,-0.1817174032330513,-0.23297102978595774,high_volume_low_quality,82.0,54.0,76.0,74.0
Serie_A,2025,11380,Vitinha,Genoa,F M S,2262,35,5,5,0,35,2262,65,0,0,65,6.909197731874883,6.909197731874883,6.909197706729174,6.909197706729174,2.586206896551724,0.1062953493342949,0.2749017655197284,FW,1182,2163,99,0.9562334217506632,0.5464632454923717,central_forward_candidate,True,True,True,True,True,True,True,True,True,True,True,https://understat.com/player/11380,7.6923076923076925,10.62953493342949,-1.9091977067291737,-2.9372272411217972,high_volume_low_quality,66.0,16.0,30.0,22.0
Serie_A,2025,7006,Lautaro Martínez,Inter,F S,2205,30,17,17,0,30,2205,92,0,0,92,17.13883000984788,17.13883000984788,17.138829866424203,17.138829866424203,3.7551020408163263,0.1862916289828717,0.6995440761805797,FW,2145,2145,60,0.9727891156462584,1.0,central_forward_candidate,True,True,True,True,True,True,True,True,True,True,True,https://understat.com/player/7006,18.478260869565215,18.62916289828717,-0.13882986642420292,-0.1509020287219549,high_volume_high_quality,90.0,80.0,96.0,90.0
Serie_A,2025,755,Jamie Vardy,Cremonese,F S,2120,29,7,7,0,29,2120,30,0,0,30,6.281962929293513,6.281962929293513,6.28196309087798,6.28196309087798,1.2735849056603774,0.2093987696959326,0.2666871123485935,FW,1987,1987,133,0.9372641509433962,1.0,central_forward_candidate,True,True,True,True,True,True,True,True,True,True,True,https://understat.com/player/755,23.333333333333332,20.93987696959326,0.71803690912202,2.3934563637400714,low_volume_high_quality,8.0,86.0,24.0,98.0
Serie_A,2025,1053,Keinan Davis,Udinese,F S,2106,30,10,6,0,30,2106,50,0,4,46,9.890136182308195,6.844940945506096,9.890136260539292,6.844940919429064,1.9658119658119655,0.1488030634658492,0.2925188427106437,FW,2056,2056,50,0.976258309591643,1.0,central_forward_candidate,True,True,True,True,True,True,True,True,True,True,True,https://understat.com/player/1053,13.043478260869565,14.88030634658492,-0.8449409194290638,-1.8368280857153554,low_volume_low_quality,28.000000000000004,62.0,34.0,72.0
Serie_A,2025,12367,Gift Orban,Verona,F S,2055,28,7,5,0,28,2055,85,0,2,83,12.242711776867507,10.720114121213555,12.24271192215383,10.720114251598716,3.6350364963503647,0.1291580030313098,0.4694940548145423,FW,1866,1866,189,0.908029197080292,1.0,central_forward_candidate,True,True,True,True,True,True,True,True,True,True,True,https://understat.com/player/12367,6.024096385542169,12.91580030313098,-5.720114251598716,-6.891703917588812,high_volume_low_quality,88.0,36.0,78.0,16.0
Serie_A,2025,1304,Moise Kean,Fiorentina,F S,2042,26,8,6,0,26,2042,98,0,2,96,15.379306508228185,13.856708897277713,15.379306498914955,13.856708828359842,4.2311459353574925,0.1443407169620817,0.6107266378806983,FW,1998,1998,44,0.9784524975514202,1.0,central_forward_candidate,True,True,True,True,True,True,True,True,True,True,True,https://understat.com/player/1304,6.25,14.43407169620817,-7.856708828359842,-8.18407169620817,high_volume_low_quality,96.0,56.00000000000001,92.0,18.0
Serie_A,2025,5992,Marcus Thuram,Inter,F S,1933,29,13,13,0,29,1933,74,0,0,74,11.89548808708787,11.89548808708787,11.895488063804804,11.895488063804804,3.445421624418003,0.1607498387000649,0.5538509703789097,FW,1838,1838,95,0.9508535954474908,1.0,central_forward_candidate,True,True,True,True,True,True,True,True,True,True,True,https://understat.com/player/5992,17.56756756756757,16.07498387000649,1.1045119361951965,1.4925836975610771,high_volume_high_quality,86.0,72.0,86.0,88.0
Serie_A,2025,7700,Che Adams,Torino,F M S,1899,33,6,6,0,33,1899,53,0,0,53,6.609602872282267,6.609602872282267,6.609602835029364,6.609602835029364,2.511848341232227,0.1247094874533842,0.3132513191957044,FW,1424,1492,407,0.785676671932596,0.9544235924932976,central_forward_candidate,True,True,True,True,True,True,True,True,True,True,True,https://understat.com/player/7700,11.320754716981133,12.47094874533842,-0.6096028350293636,-1.1501940283572871,high_volume_low_quality,57.99999999999999,32.0,46.0,56.00000000000001
Serie_A,2025,7193,Rafael Leão,AC Milan,F S,1874,29,9,7,0,29,1874,63,0,2,61,9.601861637085676,8.079263962805271,9.60186161659658,8.079263946041465,2.929562433297759,0.1324469499351059,0.3880116089347555,FW,1758,1758,116,0.9381003201707576,1.0,central_forward_candidate,True,True,True,True,True,True,True,True,True,True,True,https://understat.com/player/7193,11.475409836065573,13.244694993510588,-1.0792639460414648,-1.7692851574450152,high_volume_low_quality,78.0,42.0,68.0,60.0
Serie_A,2025,13961,Giovane,"Napoli,Verona",F M S,1873,33,3,3,0,33,1873,56,0,0,56,4.269323905929923,4.269323905929923,4.269323855638504,4.269323855638504,2.6908702616123867,0.0762379259935447,0.2051463678630354,FW,1342,1649,224,0.8804057661505605,0.813826561552456,central_forward_candidate,True,True,True,True,True,True,True,True,True,True,True,https://understat.com/player/13961,5.357142857142857,7.62379259935447,-1.269323855638504,-2.266649742211613,high_volume_low_quality,70.0,4.0,14.000000000000002,12.0
Serie_A,2025,8636,Jonathan Christian David,Juventus,F S,1784,35,6,6,0,35,1784,41,0,1,40,11.464318415150046,10.703019579872487,11.464318493381144,10.703019658103583,2.0179372197309418,0.2675754914525896,0.539950543289979,FW,1508,1508,276,0.8452914798206278,1.0,central_forward_candidate,True,True,True,True,True,True,True,True,True,True,True,https://understat.com/player/8636,15.0,26.757549145258956,-4.7030196581035835,-11.757549145258956,low_volume_high_quality,30.0,100.0,84.0,79.0
Serie_A,2025,12008,Nikola Krstovic,Atalanta,F S,1781,33,10,10,0,33,1781,99,0,0,99,15.67498453706503,15.67498453706503,15.674984603188932,15.674984603188932,5.002807411566535,0.1583331778099892,0.7921103954446962,FW,1427,1427,354,0.8012352610892757,1.0,central_forward_candidate,True,True,True,True,True,True,True,True,True,True,True,https://understat.com/player/12008,10.1010101010101,15.83331778099892,-5.674984603188932,-5.7323076799888195,high_volume_high_quality,100.0,68.0,100.0,48.0
Serie_A,2025,13969,Nikola Stulic,Lecce,F S,1713,34,4,3,0,34,1713,33,0,1,32,5.4713183916173875,4.71001955633983,5.471318437252194,4.710019601974636,1.681260945709282,0.1471881125617073,0.2474616253226604,FW,1444,1444,269,0.8429655575014594,1.0,central_forward_candidate,True,True,True,True,True,True,True,True,True,True,True,https://understat.com/player/13969,9.375,14.71881125617073,-1.7100196019746363,-5.34381125617073,low_volume_low_quality,16.0,60.0,20.0,39.0
Serie_A,2025,7375,Roberto Piccoli,Fiorentina,F S,1653,32,4,4,0,32,1653,47,0,0,47,6.827427292242646,6.827427292242646,6.827427286654711,6.827427286654711,2.558983666061706,0.1452644103543555,0.3717292533568808,FW,1357,1357,296,0.8209316394434362,1.0,central_forward_candidate,True,True,True,True,True,True,True,True,True,True,True,https://understat.com/player/7375,8.51063829787234,14.52644103543555,-2.8274272866547108,-6.0158027375632095,high_volume_low_quality,64.0,57.99999999999999,64.0,32.0
Serie_A,2025,2662,Christian Pulisic,AC Milan,F S,1612,30,8,8,0,30,1612,54,0,1,53,9.544671326875688,8.78337250649929,9.544671380892396,8.783372545614839,2.9590570719602978,0.1657240102946195,0.4903868046559153,FW,1322,1395,217,0.8653846153846154,0.9476702508960574,central_forward_candidate,True,True,True,True,True,True,True,True,True,True,True,https://understat.com/player/2662,15.09433962264151,16.57240102946195,-0.7833725456148386,-1.4780614068204407,high_volume_high_quality,80.0,74.0,80.0,82.0
Serie_A,2025,14003,Francesco Pio Esposito,Inter,F S,1535,35,7,7,0,35,1535,57,0,0,57,9.864515269175172,9.864515269175172,9.864515198394656,9.864515198394656,3.3420195439739415,0.1730616701472746,0.5783754839449635,FW,1128,1128,407,0.7348534201954398,1.0,central_forward_candidate,True,True,True,True,True,True,True,True,True,True,True,https://understat.com/player/14003,12.280701754385964,17.30616701472746,-2.864515198394656,-5.025465260341496,high_volume_high_quality,84.0,76.0,90.0,66.0
Serie_A,2025,9018,M&#039;Bala Nzola,"Pisa,Sassuolo",F S,1514,30,4,2,0,30,1514,39,0,3,36,7.317131128162146,5.033234681934118,7.317131165415049,5.0332346595823765,2.14002642007926,0.1398120738772882,0.2992015319434702,FW,1217,1217,297,0.8038309114927344,1.0,central_forward_candidate,True,True,True,True,True,True,True,True,True,True,True,https://understat.com/player/9018,5.555555555555555,13.98120738772882,-3.0332346595823765,-8.425651832173264,low_volume_low_quality,36.0,48.0,38.0,14.000000000000002
Serie_A,2025,9749,Donyell Malen,Roma,F,1499,18,14,11,0,18,1499,70,0,4,66,15.204708069562912,12.159512802958488,15.204708084464071,12.159512743353844,3.962641761174116,0.1842350415659673,0.7300574695809513,FW,1499,1499,0,1.0,1.0,central_forward_candidate,True,True,True,True,True,True,True,True,True,True,True,https://understat.com/player/9749,16.666666666666664,18.423504156596728,-1.1595127433538437,-1.7568374899300636,high_volume_high_quality,94.0,78.0,98.0,85.0
Serie_A,2025,12881,Henrik Meister,Pisa,F S,1494,28,2,2,0,28,1494,20,0,0,20,5.318537840619683,5.318537840619683,5.318537697196007,5.318537697196007,1.2048192771084338,0.2659268848598003,0.3203938371804823,FW,1148,1148,346,0.7684069611780455,1.0,central_forward_candidate,True,True,True,True,True,True,True,True,True,True,True,https://understat.com/player/12881,10.0,26.59268848598003,-3.3185376971960068,-16.59268848598003,low_volume_high_quality,6.0,98.0,50.0,45.0
Serie_A,2025,3300,Christopher Nkunku,AC Milan,F S,1343,32,7,2,0,32,1343,29,0,5,24,9.940500289201736,6.134006172418594,9.940500371158125,6.134006194770336,1.6083395383469845,0.255583591448764,0.4110651954797694,FW,1085,1085,258,0.8078927773641102,1.0,central_forward_candidate,True,True,True,True,True,True,True,True,True,True,True,https://understat.com/player/3300,8.333333333333332,25.558359144876402,-4.134006194770336,-17.22502581154307,low_volume_high_quality,12.0,96.0,74.0,27.0
Serie_A,2025,6253,Gianluca Scamacca,Atalanta,F S,1318,24,10,8,0,24,1318,57,0,2,55,8.868786808103323,7.346189212054014,8.868786951527,7.346189280971885,3.755690440060698,0.1335670778358524,0.5016365973349541,FW,1100,1100,218,0.834597875569044,1.0,central_forward_candidate,True,True,True,True,True,True,True,True,True,True,True,https://understat.com/player/6253,14.545454545454545,13.35670778358524,0.6538107190281153,1.1887467618693055,high_volume_low_quality,92.0,44.0,82.0,76.0
Serie_A,2025,11883,Gennaro Borrelli,Cagliari,F S,1263,27,5,5,0,27,1263,30,0,0,30,4.579960027709603,4.579960027709603,4.5799600020982325,4.5799600020982325,2.137767220902613,0.1526653334032744,0.3263629455176888,FW,976,976,287,0.7727632620744259,1.0,central_forward_candidate,True,True,True,True,True,True,True,True,True,True,True,https://understat.com/player/11883,16.666666666666664,15.26653334032744,0.4200399979017675,1.4001333263392244,low_volume_low_quality,34.0,66.0,54.0,85.0
Serie_A,2025,7224,Boulaye Dia,Lazio,F M S,1257,27,1,1,0,27,1257,12,0,0,12,2.6981686614453793,2.6981686614453793,2.6981686502695084,2.6981686502695084,0.8591885441527446,0.224847387522459,0.1931862995419695,FW,835,1007,250,0.8011137629276054,0.8291956305858987,central_forward_candidate,True,True,True,True,True,True,True,True,True,True,True,https://understat.com/player/7224,8.333333333333332,22.4847387522459,-1.6981686502695084,-14.151405418912567,low_volume_high_quality,2.0,90.0,12.0,27.0
Serie_A,2025,14417,Kieron Bowie,Verona,F,1211,14,4,4,0,14,1211,33,0,0,33,4.099301479756832,4.099301479756832,4.099301474634558,4.099301474634558,2.4525185796862097,0.1242212568071078,0.304654940311404,FW,1211,1211,0,1.0,1.0,central_forward_candidate,True,True,True,True,True,True,True,True,True,True,True,https://understat.com/player/14417,12.121212121212121,12.42212568071078,-0.09930147463455796,-0.3009135594986585,low_volume_low_quality,50.0,30.0,42.0,63.0
Serie_A,2025,11989,Walid Cheddira,"Lecce,Sassuolo",F S,1193,33,4,4,0,33,1193,33,0,0,33,4.555503275245428,4.555503275245428,4.555503195617348,4.555503195617348,2.489522212908634,0.1380455513823438,0.3436674665595652,FW,920,920,273,0.7711651299245599,1.0,central_forward_candidate,True,True,True,True,True,True,True,True,True,True,True,https://understat.com/player/11989,12.121212121212121,13.804555138234381,-0.555503195617348,-1.6833430170222599,high_volume_low_quality,56.00000000000001,46.0,56.00000000000001,63.0
Serie_A,2025,12378,Tijjani Noslin,Lazio,F S,1113,29,4,4,0,29,1113,35,0,0,35,4.319302462972701,4.319302462972701,4.319302415475249,4.319302415475249,2.830188679245283,0.1234086404421499,0.3492697371004244,FW,486,715,398,0.6424079065588499,0.6797202797202797,central_forward_candidate,True,True,True,True,True,True,True,True,True,True,True,https://understat.com/player/12378,11.428571428571429,12.34086404421499,-0.3193024154752493,-0.9122926156435618,high_volume_low_quality,76.0,28.000000000000004,57.99999999999999,57.99999999999999
Serie_A,2025,12784,Ange-Yoan Bonny,Inter,F S,1112,33,5,5,0,33,1112,22,0,0,22,4.581577172502875,4.581577172502875,4.581577192991972,4.581577192991972,1.7805755395683454,0.2082535087723623,0.3708111037493502,FW,695,695,417,0.625,1.0,central_forward_candidate,True,True,True,True,True,True,True,True,True,True,True,https://understat.com/player/12784,22.727272727272727,20.82535087723623,0.41842280700802803,1.9019218500364978,low_volume_high_quality,18.0,84.0,60.0,96.0
Serie_A,2025,1148,Duván Zapata,Torino,F S,1088,28,3,3,0,28,1088,34,0,1,33,4.402640111744404,3.641341291368008,4.402640143409371,3.641341308131814,2.729779411764706,0.1103436760039943,0.301213894974139,FW,753,753,335,0.6920955882352942,1.0,central_forward_candidate,True,True,True,True,True,True,True,True,True,True,True,https://understat.com/player/1148,9.090909090909092,11.034367600399431,-0.641341308131814,-1.9434585094903394,high_volume_low_quality,72.0,18.0,40.0,36.0
Serie_A,2025,11350,Amin Sarr,Verona,F M S,1046,34,0,0,0,34,1046,19,0,0,19,1.6173531264066696,1.6173531264066696,1.6173531580716372,1.6173531580716372,1.6347992351816445,0.085123850424823,0.1391604055702173,FW,556,623,423,0.595602294455067,0.8924558587479936,central_forward_candidate,True,True,True,True,True,True,True,True,True,True,True,https://understat.com/player/11350,0.0,8.5123850424823,-1.6173531580716372,-8.5123850424823,low_volume_low_quality,14.000000000000002,6.0,4.0,4.0
Serie_A,2025,7944,Gabriel Strefezza,Parma Calcio 1913,F S,1026,14,2,2,0,14,1026,24,0,0,24,1.0562517698854208,1.0562517698854208,1.0562517615035176,1.0562517615035176,2.1052631578947367,0.0440104900626465,0.0926536632897822,FW,905,995,31,0.969785575048733,0.9095477386934674,central_forward_candidate,True,True,True,True,True,True,True,True,True,True,True,https://understat.com/player/7944,8.333333333333332,4.40104900626465,0.9437482384964824,3.9322843270686825,low_volume_low_quality,32.0,2.0,2.0,27.0
Serie_A,2025,11306,Cyril Ngonge,Torino,F S,987,20,1,1,0,20,987,24,0,0,24,2.7625477351248264,2.7625477351248264,2.7625477258116007,2.7625477258116007,2.188449848024316,0.11510615524215,0.2519040479463466,FW,500,820,167,0.8308004052684904,0.6097560975609756,central_forward_candidate,True,True,True,True,True,True,True,True,True,True,True,https://understat.com/player/11306,4.166666666666666,11.510615524215,-1.7625477258116007,-7.343948857548334,low_volume_low_quality,42.0,20.0,22.0,10.0
Serie_A,2025,13930,Semih Kiliçsoy,Cagliari,F S,973,22,4,4,0,22,973,17,0,0,17,2.0539160827174783,2.0539160827174783,2.0539160957559943,2.0539160957559943,1.5724563206577595,0.1208185938679996,0.1899819615807189,FW,823,823,150,0.8458376156217883,1.0,central_forward_candidate,True,True,True,True,True,True,True,True,True,True,True,https://understat.com/player/13930,23.52941176470588,12.08185938679996,1.9460839042440057,11.44755237790592,low_volume_low_quality,10.0,22.0,10.0,100.0
Serie_A,2025,7084,Dusan Vlahovic,Juventus,F S,972,19,7,6,0,19,972,49,0,1,48,7.5376303642988205,6.776331529021263,7.537630238570273,6.7763314032927155,4.444444444444445,0.1411735709019315,0.6274380928974737,FW,821,821,151,0.8446502057613169,1.0,central_forward_candidate,True,True,True,True,True,True,True,True,True,True,True,https://understat.com/player/7084,12.5,14.117357090193149,-0.7763314032927155,-1.617357090193149,high_volume_low_quality,98.0,52.0,94.0,69.0
Serie_A,2025,8163,Daniel Maldini,"Atalanta,Lazio",F M S,944,21,2,2,0,21,944,23,0,0,23,2.8131038434803486,2.8131038434803486,2.813103813678026,2.813103813678026,2.1927966101694913,0.122308861464262,0.2681984568125237,FW,637,835,109,0.8845338983050848,0.7628742514970059,central_forward_candidate,True,True,True,True,True,True,True,True,True,True,True,https://understat.com/player/8163,8.695652173913043,12.230886146426199,-0.8131038136780262,-3.535233972513156,low_volume_low_quality,44.0,24.0,26.0,34.0
Serie_A,2025,12776,Jeff Ekhator,Genoa,F M S,930,30,3,3,0,30,930,20,0,0,20,3.187806397676468,3.187806397676468,3.1878064135089517,3.1878064135089517,1.935483870967742,0.1593903206754476,0.308497394855705,FW,445,588,342,0.632258064516129,0.7568027210884354,central_forward_candidate,True,True,True,True,True,True,True,True,True,True,True,https://understat.com/player/12776,15.0,15.939032067544758,-0.18780641350895166,-0.9390320675447583,low_volume_high_quality,26.0,70.0,44.0,79.0
Serie_A,2025,2217,Antonio Sanabria,Cremonese,F S,921,25,1,1,0,25,921,12,0,0,12,2.979946978390217,2.979946978390217,2.979946978390217,2.979946978390217,1.1726384364820848,0.2483289148658514,0.2912000304615847,FW,682,682,239,0.740499457111835,1.0,central_forward_candidate,True,True,True,True,True,True,True,True,True,True,True,https://understat.com/player/2217,8.333333333333332,24.83289148658514,-1.9799469783902168,-16.499558153251808,low_volume_high_quality,4.0,94.0,32.0,27.0
Serie_A,2025,1804,Álvaro Morata,Como,F S,917,26,0,0,0,26,917,23,0,1,22,4.910666534677148,4.149367729201913,4.910666566342115,4.149367731064558,2.1592148309705563,0.1886076241392981,0.4072443792756927,FW,649,649,268,0.707742639040349,1.0,central_forward_candidate,True,True,True,True,True,True,True,True,True,True,True,https://understat.com/player/1804,0.0,18.86076241392981,-4.149367731064558,-18.86076241392981,low_volume_high_quality,40.0,82.0,72.0,4.0
Serie_A,2025,4918,Patrick Cutrone,Parma Calcio 1913,F S,908,15,1,1,0,15,908,25,0,0,25,3.271421535871923,3.271421535871923,3.271421513520181,3.271421513520181,2.4779735682819384,0.1308568605408072,0.3242598416484761,FW,867,867,41,0.9548458149779736,1.0,central_forward_candidate,True,True,True,True,True,True,True,True,True,True,True,https://understat.com/player/4918,4.0,13.08568605408072,-2.271421513520181,-9.08568605408072,high_volume_low_quality,52.0,38.0,52.0,8.0
Serie_A,2025,13453,Santiago Giménez,AC Milan,F S,905,16,0,0,0,16,905,27,0,0,27,3.7894718274474144,3.7894718274474144,3.789471829310059,3.789471829310059,2.685082872928177,0.1403508084929651,0.3768535520860833,FW,780,780,125,0.861878453038674,1.0,central_forward_candidate,True,True,True,True,True,True,True,True,True,True,True,https://understat.com/player/13453,0.0,14.035080849296511,-3.789471829310059,-14.035080849296511,high_volume_low_quality,68.0,50.0,66.0,4.0
