rank,team,played,wins,draws,losses,points,goals_for,goals_against,goal_difference,ppg
1,Seoul,15,9,3,3,30,29,13,16,2.0
2,Jeju,15,7,7,1,28,22,13,9,1.8666666666666667
3,Daejeon,15,6,6,3,24,29,21,8,1.6
4,Ulsan,15,6,3,6,21,23,20,3,1.4
5,Gangwon,15,4,7,4,19,17,18,-1,1.2666666666666666
6,Gimcheon,15,3,10,2,19,15,15,0,1.2666666666666666
7,Anyang,15,5,3,7,18,19,31,-12,1.2
8,Jeonbuk,15,4,6,5,18,17,16,1,1.2
9,Pohang,15,5,3,7,18,16,22,-6,1.2
10,Incheon,15,4,6,5,18,15,16,-1,1.2
11,Bucheon,15,3,6,6,15,20,25,-5,1.0
12,Gwangju,15,0,8,7,8,14,26,-12,0.5333333333333333
