season,team,segment,seg_games,seg_off_roll3_mean,seg_def_roll3_mean,seg_net_roll3_mean,cluster_id,cluster_name
2019,ARI,G1-4,4,-0.028575563803315163,0.08206073097729434,-0.11063628954192002,2,Cluster_2
2019,ARI,G13+,4,-0.09226569067686796,0.005483476134637989,-0.09774916743238768,2,Cluster_2
2019,ARI,G5-8,4,-0.0024199122563004494,0.10447094930956762,-0.10689085721969604,2,Cluster_2
2019,ARI,G9-12,4,-0.0209442584309727,0.05552931812902291,-0.07647357446451981,2,Cluster_2
2019,ATL,G1-4,4,0.00029263397057851154,0.06312489757935207,-0.06283226360877354,2,Cluster_2
2019,ATL,G13+,4,-0.005109311081469059,-0.07413210285206635,0.06902279208103816,1,Cluster_1
2019,ATL,G5-8,4,0.03696067755421003,0.18628289985160035,-0.14932222105562687,2,Cluster_2
2019,ATL,G9-12,4,-0.012353173612306517,-0.03684273610512415,0.02448956357936064,1,Cluster_1
2019,BAL,G1-4,4,0.244146844993035,0.027220242967208225,0.2169266069928805,0,Cluster_0
2019,BAL,G13+,5,0.1223315457503001,-0.11063496681551137,0.23296650797128676,1,Cluster_1
2019,BAL,G5-8,4,0.04972289094196943,0.071000709819297,-0.021277819449702896,0,Cluster_0
2019,BAL,G9-12,4,0.22614202462136745,-0.15175586845725775,0.3778978871802489,1,Cluster_1
2019,BUF,G1-4,4,-0.021892088154951733,-0.12039464960495631,0.09850256393353145,1,Cluster_1
2019,BUF,G13+,5,-0.04011467782159646,-0.12483825733264287,0.08472357988357544,1,Cluster_1
2019,BUF,G5-8,4,-0.08051900379359722,-0.12869678406665722,0.04817778244614601,1,Cluster_1
2019,BUF,G9-12,4,0.04147956714344521,-0.044159219445039824,0.08563878977050385,1,Cluster_1
2019,CAR,G1-4,4,-0.022710782786210377,-0.05628425317505995,0.03357346604267756,1,Cluster_1
2019,CAR,G13+,4,-0.08575688178340594,0.10309830121695995,-0.18885518113772076,2,Cluster_2
2019,CAR,G5-8,4,-0.01081393224497636,-0.07031212494863817,0.059498190879821784,1,Cluster_1
2019,CAR,G9-12,4,-0.09505066523949304,0.03885416158785422,-0.13390482527514297,2,Cluster_2
2019,CHI,G1-4,4,-0.043670179322361946,-0.11159374192357063,0.06792356570561726,1,Cluster_1
2019,CHI,G13+,4,-0.050405128548542656,-0.06351292350639899,0.01310779588917891,1,Cluster_1
2019,CHI,G5-8,4,-0.025421662062096097,-0.07684295283009608,0.05142129212617874,1,Cluster_1
2019,CHI,G9-12,4,-0.14640186416606107,-0.11016654756773885,-0.03623531572520733,2,Cluster_2
2019,CIN,G1-4,4,-0.08782205730676651,0.04321546107530594,-0.13103751838207245,2,Cluster_2
2019,CIN,G13+,4,-0.083187134519297,-0.027024769534667335,-0.05616236229737599,2,Cluster_2
2019,CIN,G5-8,4,-0.08497636082271734,0.0667415855374808,-0.15171794407069683,2,Cluster_2
2019,CIN,G9-12,4,-0.12140691311409076,0.14956019283272326,-0.27096710602442425,2,Cluster_2
2019,CLE,G1-4,4,-0.1413053423166275,-0.04891237403595975,-0.09239296615123749,2,Cluster_2
2019,CLE,G13+,4,0.01747819106094539,0.012093931669369347,0.005384260788559914,0,Cluster_0
2019,CLE,G5-8,4,-0.07479945477098227,-7.796744709291214e-05,-0.0747214878598849,2,Cluster_2
2019,CLE,G9-12,4,-0.041361666459124535,-0.05925000451194744,0.01788833737373352,1,Cluster_1
2019,DAL,G1-4,4,0.1887779509027799,-0.035335066417853035,0.2241130123535792,0,Cluster_0
2019,DAL,G13+,4,-0.0068839360028505325,0.018096821137684554,-0.024980761110782627,0,Cluster_0
2019,DAL,G5-8,4,0.0013006627559661865,-0.03951357677578926,0.04081423828999202,1,Cluster_1
2019,DAL,G9-12,4,0.07544842020918925,-0.048357266311844185,0.12380568621059258,1,Cluster_1
2019,DEN,G1-4,4,0.0175340436398983,0.119862945129474,-0.1023289014895757,2,Cluster_2
2019,DEN,G13+,4,-0.018748755411555372,-0.0020356274520357447,-0.016713126096874475,0,Cluster_0
2019,DEN,G5-8,4,-0.08032315503805876,-0.07813017543715735,-0.002192980299393337,1,Cluster_1
2019,DEN,G9-12,4,-0.1034457084412376,-0.05079561210004613,-0.05265009589493275,2,Cluster_2
2019,DET,G1-4,4,-0.024380535857441526,-0.06321538301805656,0.03883484564721584,1,Cluster_1
2019,DET,G13+,4,-0.13079280902942023,0.006817137822508811,-0.1376099462310473,2,Cluster_2
2019,DET,G5-8,4,0.03534291542988891,0.043510671239346266,-0.00816775703181823,0,Cluster_0
2019,DET,G9-12,4,0.0033158563310280477,0.05087178759276867,-0.04755593091249466,0,Cluster_0
2019,GB,G1-4,4,-0.07115850721796353,-0.17000038425127664,0.09884187579154968,1,Cluster_1
2019,GB,G13+,6,-0.02023527171048853,-0.11136159507764709,0.09112632398804028,1,Cluster_1
2019,GB,G5-8,4,0.10361008470257123,0.0614195012797912,0.04219058280189832,0,Cluster_0
2019,GB,G9-12,4,0.09796330084403357,0.09722298135360082,0.0007403201113144603,0,Cluster_0
2019,HOU,G1-4,4,0.05955958366394043,0.025113881876071293,0.034445700546105705,0,Cluster_0
2019,HOU,G13+,6,-0.013813740263382593,0.04408061318099499,-0.057894351788693,2,Cluster_2
2019,HOU,G5-8,4,0.06825820899878939,-0.007934905743847292,0.07619311350087325,0,Cluster_0
2019,HOU,G9-12,4,0.015243764190624159,0.013132670428603888,0.0021111002812782918,0,Cluster_0
2019,IND,G1-4,4,0.12929903591672579,0.1267445906996727,0.0025544452170530954,0,Cluster_0
2019,IND,G13+,4,-0.07982329570222646,-0.013958351919427514,-0.06586494502456239,2,Cluster_2
2019,IND,G5-8,4,0.027052059459189575,0.018974170088768005,0.00807788937042157,0,Cluster_0
2019,IND,G9-12,4,-0.09651341599722703,-0.11965312622487545,0.02313970774412155,1,Cluster_1
2019,JAX,G1-4,4,0.004430002222458522,0.020655338962872822,-0.016225335498650868,0,Cluster_0
2019,JAX,G13+,4,-0.11470604532708724,0.1586717339232564,-0.27337776869535446,2,Cluster_2
2019,JAX,G5-8,4,-0.018096470118810735,-0.02549939788877964,0.007402928546071055,0,Cluster_0
2019,JAX,G9-12,4,-0.09534244278135398,0.0021605302269260135,-0.09750296920537949,2,Cluster_2
2019,KC,G1-4,4,0.21785202622413635,0.04177712152401606,0.17607490221659342,0,Cluster_0
2019,KC,G13+,7,0.14807355811908132,-0.09690513586004576,0.24497869326954796,1,Cluster_1
2019,KC,G5-8,4,0.027281798189505935,-0.0043925751621524504,0.031674375136693314,0,Cluster_0
2019,KC,G9-12,4,0.04471407722060879,0.005413430199647941,0.039300646322468914,0,Cluster_0
2019,LA,G1-4,4,0.009463488080655225,-0.14237147818009058,0.1518349622686704,1,Cluster_1
2019,LA,G13+,4,-0.002400269724603276,-0.0145665241094927,0.01216626052822297,0,Cluster_0
2019,LA,G5-8,4,-0.02487050930358237,0.004208051910003029,-0.029078563054402668,2,Cluster_2
2019,LA,G9-12,4,-0.07312358543276787,-0.12535513627032438,0.052231550216674805,1,Cluster_1
2019,LAC,G1-4,4,0.04614506786068281,0.07842503488063812,-0.03227996577819189,0,Cluster_0
2019,LAC,G13+,4,0.034756277998288475,0.01631111154953639,0.01844516210258007,0,Cluster_0
2019,LAC,G5-8,4,-0.03101612130800883,-0.04604277697702249,0.015026656910777092,1,Cluster_1
2019,LAC,G9-12,4,-0.02372162416577339,-0.03979930281639099,0.016077679271499314,1,Cluster_1
2019,LV,G1-4,4,-0.007888610164324442,0.14862975478172302,-0.1565183699131012,2,Cluster_2
2019,LV,G13+,4,-0.13403351542850336,0.1416141198327144,-0.27564763464033604,2,Cluster_2
2019,LV,G5-8,4,0.03374160391589005,0.10978441891105224,-0.07604281852642694,0,Cluster_0
2019,LV,G9-12,4,0.016627676784992218,0.04667243454605341,-0.030044757761061195,0,Cluster_0
2019,MIA,G1-4,4,-0.3228634099165599,0.23100619514783224,-0.5538696050643921,2,Cluster_2
2019,MIA,G13+,4,0.048092134917775795,0.11222204998678838,-0.06412991415709257,0,Cluster_0
2019,MIA,G5-8,4,-0.16560221991191307,0.0843308287827919,-0.2499330472201109,2,Cluster_2
2019,MIA,G9-12,4,-0.09540849815433225,-0.026899504320075113,-0.06850899383425713,2,Cluster_2
2019,MIN,G1-4,4,0.03781411051750183,-0.11882509291172028,0.15663920839627585,1,Cluster_1
2019,MIN,G13+,6,-0.08471484699596961,-0.1335638922949632,0.04884904188414415,1,Cluster_1
2019,MIN,G5-8,4,0.0736768829325835,-0.05315193813294172,0.1268288257221381,1,Cluster_1
2019,MIN,G9-12,4,0.09246983840906371,0.0013531662213305644,0.0911166740891834,0,Cluster_0
2019,NE,G1-4,4,0.08199539594352245,-0.37437062462170917,0.45636601249376935,1,Cluster_1
2019,NE,G13+,5,-0.02876723210016886,-0.06263986540337405,0.03387262870868048,1,Cluster_1
2019,NE,G5-8,4,-0.04402516533931096,-0.3763388867179553,0.33231371765335405,1,Cluster_1
2019,NE,G9-12,4,-0.04725725327928861,-0.17578504731257757,0.12852779030799866,1,Cluster_1
2019,NO,G1-4,4,0.026182860136032104,0.059437574818730354,-0.0332547128200531,0,Cluster_0
2019,NO,G13+,5,0.11324652632077534,-0.04751211816910654,0.16075864434242249,1,Cluster_1
2019,NO,G5-8,4,-0.020410108535240095,-0.08770134181637937,0.06729123368859291,1,Cluster_1
2019,NO,G9-12,4,-0.011801928902665773,-0.10707337440301974,0.09527144518991311,1,Cluster_1
2019,NYG,G1-4,4,0.01158310721317927,0.1391445224483808,-0.1275614177187284,2,Cluster_2
2019,NYG,G13+,4,-0.04044119563574592,0.041421399102546275,-0.08186259244879086,2,Cluster_2
2019,NYG,G5-8,4,-0.12746296916157007,-0.06901606731116772,-0.05844690029819806,2,Cluster_2
2019,NYG,G9-12,4,-0.15676058363169432,-0.014893045862360546,-0.1418675361201167,2,Cluster_2
2019,NYJ,G1-4,4,-0.25350572417179745,-0.02902943082153797,-0.2244762976964315,2,Cluster_2
2019,NYJ,G13+,4,-0.0606032110323819,-0.05552099060150795,-0.005082220770418644,2,Cluster_2
2019,NYJ,G5-8,4,-0.2590739006797473,0.00978249233836929,-0.26885638758540154,2,Cluster_2
2019,NYJ,G9-12,4,-0.061777314481635884,-0.059141655918210745,-0.002635657166441291,1,Cluster_1
2019,PHI,G1-4,4,0.0013516197601954143,0.018528455247481663,-0.017176834245522816,0,Cluster_0
2019,PHI,G13+,5,0.02476007314398885,-0.009677303334077202,0.03443737626075745,0,Cluster_0
2019,PHI,G5-8,4,-0.007409848893682163,-0.04851648956537247,0.041106635704636574,1,Cluster_1
2019,PHI,G9-12,4,-0.06629095589354013,-0.05804477073252201,-0.00824619208772977,2,Cluster_2
2019,PIT,G1-4,4,-0.1298668347299099,0.023366811995704968,-0.15323364237944284,2,Cluster_2
2019,PIT,G13+,4,-0.12504575517959893,-0.15057991507152715,0.025534159193436306,1,Cluster_1
2019,PIT,G5-8,4,-0.047946924731756255,-0.1332062204989294,0.08525929227471352,1,Cluster_1
2019,PIT,G9-12,4,-0.1635557982760171,-0.20346942978600663,0.03991363135476907,1,Cluster_1
2019,SEA,G1-4,4,-0.018458849440018337,0.01008047784368197,-0.028539327283700306,2,Cluster_2
2019,SEA,G13+,6,-0.030950251552793715,-0.0031105129876070566,-0.027839738875627518,2,Cluster_2
2019,SEA,G5-8,4,0.038317657851924494,-0.006979349690179031,0.04529700552423795,0,Cluster_0
2019,SEA,G9-12,4,-0.003464954284330208,-0.02301914275934299,0.01955418847501278,0,Cluster_0
2019,SF,G1-4,4,0.013974810640017191,-0.19695676366488138,0.2109315743048986,1,Cluster_1
2019,SF,G13+,7,0.11462950094469956,0.013610350799613768,0.10101914850418413,0,Cluster_0
2019,SF,G5-8,4,-0.015649478882551193,-0.3365313609441122,0.3208818833033244,1,Cluster_1
2019,SF,G9-12,4,0.01081301582356294,-0.14126975508406758,0.15208276733756065,1,Cluster_1
2019,TB,G1-4,4,-0.09964270889759064,-0.03927202274401983,-0.06037068615357081,2,Cluster_2
2019,TB,G13+,4,-0.027352958219125867,-0.1475040795824801,0.12015111701718222,1,Cluster_1
2019,TB,G5-8,4,0.05103950165600205,0.03796525998041034,0.01307424282034238,0,Cluster_0
2019,TB,G9-12,4,0.015642356437941395,0.06574024384220441,-0.05009788709382216,0,Cluster_0
2019,TEN,G1-4,4,-0.02651026596625646,-0.09764168908198674,0.07113142932454745,1,Cluster_1
2019,TEN,G13+,7,0.12098338191918587,-0.025889387265557336,0.14687276844467437,0,Cluster_0
2019,TEN,G5-8,4,-0.10936568987866242,-0.071821389409403,-0.037544298606614276,2,Cluster_2
2019,TEN,G9-12,4,0.00877478128919999,0.020156934391707182,-0.011382152636845905,0,Cluster_0
2019,WAS,G1-4,4,0.002330136795838674,0.1382901749263207,-0.1359600375096003,2,Cluster_2
2019,WAS,G13+,4,-0.018990705410639443,0.015069994144141674,-0.03406070110698541,2,Cluster_2
2019,WAS,G5-8,4,-0.2561317042758067,0.0038392016043265666,-0.25997090960542363,2,Cluster_2
2019,WAS,G9-12,4,-0.19107801715532938,-0.009346735780127347,-0.18173128490646678,2,Cluster_2
2020,ARI,G1-4,4,0.040391412563622,-0.021825361996889114,0.06221677487095197,0,Cluster_0
2020,ARI,G13+,4,-0.029131347740379475,-0.09253973389665285,0.06340839030841985,1,Cluster_1
2020,ARI,G5-8,4,0.10561728958661357,-0.007264077663421631,0.1128813698887825,0,Cluster_0
2020,ARI,G9-12,4,0.0705198785290122,0.05691931241502365,0.013600566113988558,0,Cluster_0
2020,ATL,G1-4,4,-0.01739943524201711,0.068907480686903,-0.08630691841244698,2,Cluster_2
2020,ATL,G13+,4,-0.028850476955994964,-0.06077509125073751,0.031924612509707614,1,Cluster_1
2020,ATL,G5-8,4,0.04226081880430381,0.08566457871347666,-0.04340376239269971,0,Cluster_0
2020,ATL,G9-12,4,0.050284206673192486,-0.03406838343168298,0.08435258766015372,0,Cluster_0
2020,BAL,G1-4,4,0.11872216872870922,-0.06096296509106954,0.17968514064947763,1,Cluster_1
2020,BAL,G13+,6,0.17069542366597387,-0.04474405675298638,0.2154394777284728,0,Cluster_0
2020,BAL,G5-8,4,0.05558066566785177,-0.08932786372800668,0.14490853622555733,1,Cluster_1
2020,BAL,G9-12,4,-0.013795629454155762,-0.0176016753539443,0.003806047762433689,0,Cluster_0
2020,BUF,G1-4,4,0.16955302779873213,0.07996795326471329,0.08958507577578227,0,Cluster_0
2020,BUF,G13+,7,0.16635961262952711,-0.06656670641331446,0.2329263197524207,1,Cluster_1
2020,BUF,G5-8,4,0.08091996253157654,0.12556934215050813,-0.04464937746524811,0,Cluster_0
2020,BUF,G9-12,4,0.08968701741347711,0.03270635101944208,0.05698066701491673,0,Cluster_0
2020,CAR,G1-4,4,-0.0032762959599494934,0.05840548872947693,-0.06168178468942642,2,Cluster_2
2020,CAR,G13+,4,-0.017425691864142813,-0.024962025384108227,0.007536331502099832,0,Cluster_0
2020,CAR,G5-8,4,0.06710652882854144,0.02263550941521923,0.044471019258101784,0,Cluster_0
2020,CAR,G9-12,4,0.06041284122814735,0.14495790059057376,-0.08454506037135918,0,Cluster_0
2020,CHI,G1-4,4,-0.025391864279905956,-0.08100192621350288,0.055610060691833496,1,Cluster_1
2020,CHI,G13+,5,0.10805513523519039,0.03779125139117241,0.07026388347148896,0,Cluster_0
2020,CHI,G5-8,4,-0.08370702480897307,-0.05121839764372756,-0.032488626427948475,2,Cluster_2
2020,CHI,G9-12,4,-0.1452173364814371,-0.045048746901253864,-0.10016858795036872,2,Cluster_2
2020,CIN,G1-4,4,-0.012961244831482569,0.04340500943362713,-0.05636625178158283,2,Cluster_2
2020,CIN,G13+,4,-0.14169104024767876,0.01569986475321154,-0.15739090740680695,2,Cluster_2
2020,CIN,G5-8,4,-0.004962820559740066,0.07389166827003162,-0.07885448914021254,2,Cluster_2
2020,CIN,G9-12,4,0.007064656044046089,0.1182103049941361,-0.11114564910531044,2,Cluster_2
2020,CLE,G1-4,4,0.025336896379788715,0.06500368565320969,-0.03966679175694784,0,Cluster_0
2020,CLE,G13+,6,0.10134538387258847,0.06382809662156634,0.03751728580229812,0,Cluster_0
2020,CLE,G5-8,4,0.07591713840762773,0.053271267252663776,0.02264586618791024,0,Cluster_0
2020,CLE,G9-12,4,-0.013188502130409082,0.016860672583182655,-0.030049174092710015,0,Cluster_0
2020,DAL,G1-4,4,0.010767548034588495,0.05076536536216736,-0.039997817327578865,0,Cluster_0
2020,DAL,G13+,4,0.014105272168914478,-0.0011343410975920634,0.015239618097742401,0,Cluster_0
2020,DAL,G5-8,4,0.00779296768208345,0.15725012434025604,-0.14945715541640917,2,Cluster_2
2020,DAL,G9-12,4,-0.1494540131340424,-0.0047634094953537,-0.14469060488045216,2,Cluster_2
2020,DEN,G1-4,4,-0.12983990833163261,-0.022644019530465204,-0.10719589268167813,2,Cluster_2
2020,DEN,G13+,4,-0.054492670887460314,0.09462028897056977,-0.14911296498030424,2,Cluster_2
2020,DEN,G5-8,4,-0.07559291180223227,-0.03560554701834917,-0.03998737192402283,2,Cluster_2
2020,DEN,G9-12,4,-0.10750906992082795,0.05831832562883695,-0.1658273966362079,2,Cluster_2
2020,DET,G1-4,4,0.008195195502291122,0.10391644171128671,-0.09572124853730202,2,Cluster_2
2020,DET,G13+,4,0.0032137371599674208,0.1855902336537838,-0.18237649897734326,2,Cluster_2
2020,DET,G5-8,4,0.06016032991465181,0.04653562496726711,0.013624705995122593,0,Cluster_0
2020,DET,G9-12,4,-0.08829035609960556,0.059041416427741446,-0.1473317698885997,2,Cluster_2
2020,GB,G1-4,4,0.25512387851874035,0.0945281065069139,0.16059577465057373,0,Cluster_0
2020,GB,G13+,6,0.20942351884312096,0.004760053577936358,0.20466346749001077,0,Cluster_0
2020,GB,G5-8,4,0.08814020827412605,0.05468737151628981,0.03345283990104993,0,Cluster_0
2020,GB,G9-12,4,0.06419555097818375,-0.007454699681450924,0.07165025422970453,0,Cluster_0
2020,HOU,G1-4,4,-0.02055034538110097,0.16103036204973856,-0.18158071239789328,2,Cluster_2
2020,HOU,G13+,4,-0.0016132298236091916,0.09768778178840876,-0.09930100788672765,2,Cluster_2
2020,HOU,G5-8,4,0.068008653819561,0.1024125007291635,-0.034403848151365914,0,Cluster_0
2020,HOU,G9-12,4,0.049852821355064705,0.051506967594226204,-0.0016541449973980563,0,Cluster_0
2020,IND,G1-4,4,0.04023845617969831,-0.14213213821252188,0.18237058818340302,1,Cluster_1
2020,IND,G13+,5,0.10905645061284304,0.02535584392026067,0.08370060374339422,0,Cluster_0
2020,IND,G5-8,4,0.05878664584209522,-0.09153380865852039,0.15032045139620703,1,Cluster_1
2020,IND,G9-12,4,0.0013795597478747368,-0.054805985651910305,0.05618554291625817,1,Cluster_1
2020,JAX,G1-4,4,0.07173112034797668,0.13797921066482863,-0.0662480890750885,0,Cluster_0
2020,JAX,G13+,4,-0.08872238422433536,0.11568376887589693,-0.20440615341067314,2,Cluster_2
2020,JAX,G5-8,4,-0.05193901744981607,0.14546782694136104,-0.19740684516727924,2,Cluster_2
2020,JAX,G9-12,4,-0.10743641884376605,0.023927217659850918,-0.13136363433053097,2,Cluster_2
2020,KC,G1-4,4,0.16936388611793518,0.03548173326998949,0.1338821512957414,0,Cluster_0
2020,KC,G13+,7,0.10370428727141448,0.0801462529315835,0.02355803460592315,0,Cluster_0
2020,KC,G5-8,4,0.13043790869414806,0.01967218774370849,0.1107657194758455,0,Cluster_0
2020,KC,G9-12,4,0.20792027935385704,0.0269663135210673,0.1809539720416069,0,Cluster_0
2020,LA,G1-4,4,0.1571447029709816,0.03794924751855433,0.11919545382261276,0,Cluster_0
2020,LA,G13+,6,-0.098855456440813,-0.1676890334735314,0.06883357423875068,1,Cluster_1
2020,LA,G5-8,4,0.05000935417289535,-0.08560304260269427,0.13561239776511985,1,Cluster_1
2020,LA,G9-12,4,-0.12195734299408893,-0.18212581612169743,0.06016847367088,1,Cluster_1
2020,LAC,G1-4,4,-0.07745199743658304,-0.04831033696730932,-0.029141660779714584,2,Cluster_2
2020,LAC,G13+,4,-0.11603731910387674,0.039518587912122406,-0.15555590732644,2,Cluster_2
2020,LAC,G5-8,4,-0.018145644028360643,-0.011663934992005428,-0.006481710045288006,0,Cluster_0
2020,LAC,G9-12,4,-0.019943106453865767,0.03336169974257549,-0.05330480448901653,2,Cluster_2
2020,LV,G1-4,4,0.10528792689243953,0.12381975104411443,-0.01853182166814804,0,Cluster_0
2020,LV,G13+,4,-0.03012342517225383,0.12800952877538901,-0.1581329523275296,2,Cluster_2
2020,LV,G5-8,4,0.0570767613244243,0.13172691812117895,-0.07465015662213166,0,Cluster_0
2020,LV,G9-12,4,0.0744939527163903,-0.0012791615057115755,0.07577310999234517,0,Cluster_0
2020,MIA,G1-4,4,0.093203941360116,0.08230173836151759,0.010902201135953268,0,Cluster_0
2020,MIA,G13+,4,0.0014350756537169227,-0.08935457370049942,0.09078964963555336,1,Cluster_1
2020,MIA,G5-8,4,0.07542953205605349,-0.07492695127924284,0.1503564827144146,1,Cluster_1
2020,MIA,G9-12,4,-0.04527883355816205,-0.12382182944566011,0.07854299433529377,1,Cluster_1
2020,MIN,G1-4,4,-0.002254523957769076,0.12365985537568729,-0.12591437747081122,2,Cluster_2
2020,MIN,G13+,4,-0.02349761809455231,0.06913537004341681,-0.09263298908869425,2,Cluster_2
2020,MIN,G5-8,4,0.0436960319057107,0.07860256203760703,-0.034906527027487755,0,Cluster_0
2020,MIN,G9-12,4,0.028085347769471504,-0.04037202801555395,0.06845737341791391,1,Cluster_1
2020,NE,G1-4,4,0.1207714503010114,0.014128989850481352,0.10664245982964833,0,Cluster_0
2020,NE,G13+,4,-0.09823545937736829,-0.11122770483295122,0.012992249801754951,1,Cluster_1
2020,NE,G5-8,4,-0.0825051808108886,0.05346907768398523,-0.13597425880531472,2,Cluster_2
2020,NE,G9-12,4,0.0898778202633063,0.14316420443356037,-0.05328638417025407,0,Cluster_0
2020,NO,G1-4,4,0.03197974587480227,0.06934164464473724,-0.03736189752817154,0,Cluster_0
2020,NO,G13+,6,0.0485031037694878,-0.11243833042681217,0.16094143854247198,1,Cluster_1
2020,NO,G5-8,4,0.08420255547389388,0.09279552847146988,-0.00859297237669428,0,Cluster_0
2020,NO,G9-12,4,0.07578181475400925,-0.20001359470188618,0.2757954144229492,1,Cluster_1
2020,NYG,G1-4,4,-0.1009015825887521,0.09244908640782039,-0.1933506727218628,2,Cluster_2
2020,NYG,G13+,4,-0.13696946917722622,-0.02824973369327684,-0.10871973633766174,2,Cluster_2
2020,NYG,G5-8,4,-0.06860674917697906,0.009322397410869597,-0.07792914907137553,2,Cluster_2
2020,NYG,G9-12,4,0.0354497393903633,0.01192493721221884,0.023524801402042307,0,Cluster_0
2020,NYJ,G1-4,4,-0.20635187129179636,0.07861466705799103,-0.28496653338273364,2,Cluster_2
2020,NYJ,G13+,4,-0.15328335606803498,0.027094445501764614,-0.18037780715773505,2,Cluster_2
2020,NYJ,G5-8,4,-0.19581969703237218,0.06265265323842566,-0.25847234576940536,2,Cluster_2
2020,NYJ,G9-12,4,-0.049551201363404594,0.10251430235803127,-0.15206550806760788,2,Cluster_2
2020,PHI,G1-4,4,-0.08070182404480875,0.061000666270653404,-0.14170248868564764,2,Cluster_2
2020,PHI,G13+,4,-0.0554141568330427,0.03690372182366748,-0.09231787982086341,2,Cluster_2
2020,PHI,G5-8,4,0.011938286537770182,0.05622517441709836,-0.044286889024078846,0,Cluster_0
2020,PHI,G9-12,4,-0.09021726157516241,-0.06004125960559274,-0.03017600253224373,2,Cluster_2
2020,PIT,G1-4,4,0.03919720649719238,-0.04376604283849398,0.08296324809392293,1,Cluster_1
2020,PIT,G13+,5,-0.10578902686635654,-0.07112950244918466,-0.034659524261951444,2,Cluster_2
2020,PIT,G5-8,4,0.07549700109908979,-0.0980379122775048,0.1735349167138338,1,Cluster_1
2020,PIT,G9-12,4,0.03853344385667394,-0.14547901045686254,0.18401245214045048,1,Cluster_1
2020,SEA,G1-4,4,0.1652163788676262,0.06014652798573176,0.1050698533654213,0,Cluster_0
2020,SEA,G13+,5,0.04176740804687142,-0.11417299328992765,0.1559404047826926,1,Cluster_1
2020,SEA,G5-8,4,0.13238219109674296,0.07865384221076965,0.05372834640244643,0,Cluster_0
2020,SEA,G9-12,4,0.06583085817207272,0.07434989092871547,-0.00851903421183427,0,Cluster_0
2020,SF,G1-4,4,0.11362892389297485,-0.09312460385262966,0.20675352960824966,1,Cluster_1
2020,SF,G13+,4,-0.10998759636034568,-0.05913617958625157,-0.05085141708453496,2,Cluster_2
2020,SF,G5-8,4,0.0314111119757096,0.00904435555761059,0.022366759677728026,0,Cluster_0
2020,SF,G9-12,4,0.0259363385848701,0.07043285567002992,-0.0444965170075496,0,Cluster_0
2020,TB,G1-4,4,-0.023907839010159176,-0.12970652182896933,0.10579868654410045,1,Cluster_1
2020,TB,G13+,8,0.14355721650645137,-0.03776356077287346,0.18132077902555466,0,Cluster_0
2020,TB,G5-8,4,0.07478920118107149,-0.09212456333140533,0.1669137654826045,1,Cluster_1
2020,TB,G9-12,4,0.01491075257460276,0.0070966881078978385,0.007814061517516766,0,Cluster_0
2020,TEN,G1-4,4,0.09386079742883642,0.045623382553458214,0.048237414409716926,0,Cluster_0
2020,TEN,G13+,5,0.19320794194936752,0.10904261618852615,0.08416532824436825,0,Cluster_0
2020,TEN,G5-8,4,0.15368045237846673,0.07539884528766075,0.07828160499533017,0,Cluster_0
2020,TEN,G9-12,4,0.03058297555738439,0.0689822587495049,-0.038399282221992806,0,Cluster_0
2020,WAS,G1-4,4,-0.10092790673176448,-0.017154452701409657,-0.08377345403035481,2,Cluster_2
2020,WAS,G13+,5,-0.06624715219562252,-0.12552849302689234,0.05928134024143219,1,Cluster_1
2020,WAS,G5-8,4,-0.09874506543080012,0.07355662373205026,-0.17230169319858155,2,Cluster_2
2020,WAS,G9-12,4,0.04783515430366,-0.027841089603801567,0.075676245149225,0,Cluster_0
2021,ARI,G1-4,4,0.06761770571271579,-0.13034655153751373,0.19796425849199295,1,Cluster_1
2021,ARI,G13+,6,-0.030670942324731082,0.01975188585412171,-0.05042282574706608,2,Cluster_2
2021,ARI,G5-8,4,0.08394302241504192,-0.13526707670340934,0.21921009880801043,1,Cluster_1
2021,ARI,G9-12,4,0.022511085495352745,-0.06238786410540342,0.08489894680678844,1,Cluster_1
2021,ATL,G1-4,4,-0.15689979555706182,0.03446225946148237,-0.1913620556394259,2,Cluster_2
2021,ATL,G13+,5,-0.04820284446080526,0.027196028828620912,-0.07539887328942617,2,Cluster_2
2021,ATL,G5-8,4,0.056218158143262066,0.09201934095472097,-0.035801184053222336,0,Cluster_0
2021,ATL,G9-12,4,-0.2212865431793034,0.013729870008925596,-0.23501640853161615,2,Cluster_2
2021,BAL,G1-4,4,0.038466114550828934,0.0424268674881508,-0.0039607516179482145,0,Cluster_0
2021,BAL,G13+,5,0.017713101704915364,0.04688297646741073,-0.02916987550755342,0,Cluster_0
2021,BAL,G5-8,4,0.08240906242281199,-0.0356953131655852,0.11810437776148319,0,Cluster_0
2021,BAL,G9-12,4,-0.049943453942735985,0.015479714920123414,-0.06542316886285941,2,Cluster_2
2021,BUF,G1-4,4,0.03891157855590185,-0.18793091550469398,0.2268424928188324,1,Cluster_1
2021,BUF,G13+,7,0.06723812062825475,-0.07244823518253507,0.1396863574073428,1,Cluster_1
2021,BUF,G5-8,4,0.12672114620606106,-0.22187130463620025,0.34859245518843335,1,Cluster_1
2021,BUF,G9-12,4,0.02908067715664705,-0.06620694076021513,0.09528762102127075,1,Cluster_1
2021,CAR,G1-4,4,0.014021128260840973,-0.20766212542851767,0.22168325384457907,1,Cluster_1
2021,CAR,G13+,5,-0.16289254625638325,0.02696493777136008,-0.18985748092333474,2,Cluster_2
2021,CAR,G5-8,4,-0.09480230933210501,-0.09119854184488455,-0.003603768224517509,1,Cluster_1
2021,CAR,G9-12,4,-0.15647234115749598,-0.12621239308888713,-0.03025994698206584,2,Cluster_2
2021,CHI,G1-4,4,-0.20692343761523566,-0.01682126211623351,-0.19010216991106668,2,Cluster_2
2021,CHI,G13+,5,-0.0835685243209203,-0.01538443254927794,-0.06818409264087677,2,Cluster_2
2021,CHI,G5-8,4,-0.06599702196156916,-0.024433723442295253,-0.04156329731146494,2,Cluster_2
2021,CHI,G9-12,4,-0.06218632139886419,0.09974246534208456,-0.16192878813793263,2,Cluster_2
2021,CIN,G1-4,4,-0.08114968550701936,-0.1173088550567627,0.03615917141238848,1,Cluster_1
2021,CIN,G13+,9,0.04841764334209816,-0.010058075120603598,0.05847572024773668,0,Cluster_0
2021,CIN,G5-8,4,0.054707771477599934,-0.03596261780088147,0.09067038881282011,0,Cluster_0
2021,CIN,G9-12,4,0.02684591780416667,-0.06129736453294754,0.08814328357887766,1,Cluster_1
2021,CLE,G1-4,4,0.12518607887128988,-0.011797888825337092,0.13698396583398184,0,Cluster_0
2021,CLE,G13+,5,-0.09672239124774933,-0.025269899765650434,-0.07145249048868815,2,Cluster_2
2021,CLE,G5-8,4,0.013635631340245405,-0.008521010478337601,0.02215664306034644,0,Cluster_0
2021,CLE,G9-12,4,-0.02267944005628427,0.02218079473823309,-0.04486023013790449,2,Cluster_2
2021,DAL,G1-4,4,0.06711072971423467,-0.053432896733284,0.1205436239639918,1,Cluster_1
2021,DAL,G13+,6,0.02603467145106859,-0.15859250434570843,0.18462718029816946,1,Cluster_1
2021,DAL,G5-8,4,0.10150473502775033,-0.08411132528757057,0.18561606171230474,1,Cluster_1
2021,DAL,G9-12,4,-0.032443380914628506,-0.11834607770045599,0.08590269461274147,1,Cluster_1
2021,DEN,G1-4,4,0.11918343013773362,-0.1561021755139033,0.2752856065829595,1,Cluster_1
2021,DEN,G13+,5,-0.02026838511228561,-0.015593225617582602,-0.004675165315469109,0,Cluster_0
2021,DEN,G5-8,4,-0.02658834975833694,0.0034506684169173206,-0.03003901895135641,2,Cluster_2
2021,DEN,G9-12,4,0.01834131001184384,-0.021558256819844246,0.03989956403772037,0,Cluster_0
2021,DET,G1-4,4,-0.031358125153928995,0.11868079130848248,-0.15003891785939535,2,Cluster_2
2021,DET,G13+,5,-0.035922945352892074,0.03458423390984535,-0.07050717597206434,2,Cluster_2
2021,DET,G5-8,4,-0.06680181178671774,0.06896133410433927,-0.13576314287881056,2,Cluster_2
2021,DET,G9-12,4,-0.1833061994984746,0.04015466943383217,-0.2234608605504036,2,Cluster_2
2021,GB,G1-4,4,0.057998672127723694,0.13666221390788755,-0.07866354286670685,0,Cluster_0
2021,GB,G13+,6,0.12701966737707457,0.011704335610071817,0.11531532928347588,0,Cluster_0
2021,GB,G5-8,4,0.10846033692359924,-0.029195656961140532,0.13765599268178144,0,Cluster_0
2021,GB,G9-12,4,0.060037254045406975,-0.0248534451238811,0.08489069901406765,0,Cluster_0
2021,HOU,G1-4,4,-0.007084092746178309,0.061709088583787285,-0.06879317760467529,2,Cluster_2
2021,HOU,G13+,5,-0.12479795267184576,0.020962085869784153,-0.14576004346211752,2,Cluster_2
2021,HOU,G5-8,4,-0.24762997215536112,0.1057183938100934,-0.3533483700205882,2,Cluster_2
2021,HOU,G9-12,4,-0.1722828472654025,-0.003577270234624539,-0.16870557703077793,2,Cluster_2
2021,IND,G1-4,4,-0.036839402901629605,0.08988869935274124,-0.12672810008128485,2,Cluster_2
2021,IND,G13+,5,0.02365123468140761,-0.15943432624141377,0.18308556377887725,1,Cluster_1
2021,IND,G5-8,4,0.12225062900688499,0.033770356948177024,0.08848027264078459,0,Cluster_0
2021,IND,G9-12,4,0.09969555780601998,-0.05268132655570905,0.1523768852154414,1,Cluster_1
2021,JAX,G1-4,4,-0.1149871548016866,0.08026464407642682,-0.19525180260340372,2,Cluster_2
2021,JAX,G13+,5,-0.15701243182023367,0.13044332712888718,-0.28745576043923693,2,Cluster_2
2021,JAX,G5-8,4,-0.024152075871825218,0.12097136583179235,-0.14512343859920898,2,Cluster_2
2021,JAX,G9-12,4,-0.11887718985478082,0.013348047155886887,-0.13222523545846343,2,Cluster_2
2021,KC,G1-4,4,0.1597010319431623,0.15578778833150864,0.0039132436116536455,0,Cluster_0
2021,KC,G13+,8,0.1647063804169496,-0.04372491749624411,0.20843129636098942,0,Cluster_0
2021,KC,G5-8,4,0.10403313549856345,0.12253714166581631,-0.018504004304607708,0,Cluster_0
2021,KC,G9-12,4,0.018648060659567516,-0.05641417298465967,0.07506223892172177,1,Cluster_1
2021,LA,G1-4,4,0.15348947793245316,-0.029712280879418056,0.1832017550865809,0,Cluster_0
2021,LA,G13+,9,0.028319876985969366,-0.10678135017278018,0.13510122646888098,1,Cluster_1
2021,LA,G5-8,4,0.09690488905956347,0.02557632412451009,0.07132856485744317,0,Cluster_0
2021,LA,G9-12,4,-0.012762521083156265,-0.024465245815614857,0.011702720696727432,0,Cluster_0
2021,LAC,G1-4,4,0.06809538727005322,0.026675755778948467,0.04141963024934133,0,Cluster_0
2021,LAC,G13+,5,0.04467293452471495,-0.004532301922639212,0.04920523911714554,0,Cluster_0
2021,LAC,G5-8,4,0.013551750841240093,0.02032754011452198,-0.006775789583722748,0,Cluster_0
2021,LAC,G9-12,4,-0.0034212861210107803,0.07927809500445923,-0.08269938081502914,2,Cluster_2
2021,LV,G1-4,4,0.04488131349595884,-0.006470004717508952,0.05135131937762102,0,Cluster_0
2021,LV,G13+,6,-0.032917148537105985,0.036846430972218513,-0.06976357454227076,2,Cluster_2
2021,LV,G5-8,4,-0.05164551051954428,-0.014172854629578069,-0.03747265785932541,2,Cluster_2
2021,LV,G9-12,4,-0.04466719925403595,0.09120307536795735,-0.13587027912338576,2,Cluster_2
2021,MIA,G1-4,4,-0.12955190241336823,0.03502690109113852,-0.16457879853745302,2,Cluster_2
2021,MIA,G13+,5,-0.04839623880883058,-0.2043988188107808,0.15600257962942124,1,Cluster_1
2021,MIA,G5-8,4,-0.01805123461720844,0.15018250979483128,-0.16823374573141336,2,Cluster_2
2021,MIA,G9-12,4,-0.07085566765939195,-0.0677067069336772,-0.003148959173510473,1,Cluster_1
2021,MIN,G1-4,4,0.10457966725031535,0.05803971861799558,0.0465399461487929,0,Cluster_0
2021,MIN,G13+,5,-0.03604542550941309,-0.028978788666427134,-0.00706663504242897,2,Cluster_2
2021,MIN,G5-8,4,-0.05062464841951926,-0.05946461918453375,0.008839969212810198,1,Cluster_1
2021,MIN,G9-12,4,0.0851554130204022,0.04271710105240345,0.042438310881455735,0,Cluster_0
2021,NE,G1-4,4,-0.07451852255811293,-0.10150960211952527,0.026991077388326328,1,Cluster_1
2021,NE,G13+,6,0.06385894243915875,-0.10061518744462067,0.1644741255376074,1,Cluster_1
2021,NE,G5-8,4,-0.013798314534748595,-0.02216920891078189,0.008370895559589066,0,Cluster_0
2021,NE,G9-12,4,0.08771401612708966,-0.21243558979282776,0.300149604678154,1,Cluster_1
2021,NO,G1-4,4,-0.02996814747651418,-0.1673837280832231,0.13741557796796164,1,Cluster_1
2021,NO,G13+,5,-0.20715613067150115,-0.157269907121857,-0.04988622168699901,2,Cluster_2
2021,NO,G5-8,4,-0.036235129460692406,-0.07420246058609337,0.037967329223950706,1,Cluster_1
2021,NO,G9-12,4,-0.07974576577544212,-0.03378545888699591,-0.045960308207819864,2,Cluster_2
2021,NYG,G1-4,4,0.05734038477142652,0.12426728444794814,-0.06692689905563991,0,Cluster_0
2021,NYG,G13+,5,-0.20017024030288058,-0.014892765507102012,-0.18527747442324954,2,Cluster_2
2021,NYG,G5-8,4,-0.040082124061882496,0.04667628494401773,-0.08675841242074966,2,Cluster_2
2021,NYG,G9-12,4,-0.09261573486340542,-0.07976915904631218,-0.012846573566397028,2,Cluster_2
2021,NYJ,G1-4,4,-0.27899956703186035,-0.020160524795452755,-0.25883904099464417,2,Cluster_2
2021,NYJ,G13+,5,-0.0437049242357413,0.0673522745569547,-0.11105720202128092,2,Cluster_2
2021,NYJ,G5-8,4,-0.07547737301016848,0.11367457760691953,-0.1891519542938719,2,Cluster_2
2021,NYJ,G9-12,4,-0.02641941731174787,0.18811370416854817,-0.21453312582646808,2,Cluster_2
2021,PHI,G1-4,4,-0.045983332209289074,-0.027401854594548542,-0.01858147730429967,2,Cluster_2
2021,PHI,G13+,6,0.035986759803361364,-0.07467758345107238,0.11066434408227603,1,Cluster_1
2021,PHI,G5-8,4,-0.04701290322312464,0.08235050924122334,-0.12936341079572836,2,Cluster_2
2021,PHI,G9-12,4,0.13066535792313516,-0.0344410203397274,0.16510637290775776,0,Cluster_0
2021,PIT,G1-4,4,-0.052467050651709236,0.018933555111289024,-0.07140060762564342,2,Cluster_2
2021,PIT,G13+,6,-0.11603882329331504,-0.021867369198136855,-0.09417145823438962,2,Cluster_2
2021,PIT,G5-8,4,-0.01448409010966619,0.02345297128582994,-0.03793706248203914,2,Cluster_2
2021,PIT,G9-12,4,-0.02242632396519184,-0.016930985885361828,-0.005495339942475162,0,Cluster_0
2021,SEA,G1-4,4,0.08813839157422383,0.0728464995821317,0.015291891992092133,0,Cluster_0
2021,SEA,G13+,5,0.009496553242206574,-0.026794431544840337,0.03629098584254583,0,Cluster_0
2021,SEA,G5-8,4,-0.004540520526158312,0.036736911783615746,-0.041277432814240456,0,Cluster_0
2021,SEA,G9-12,4,-0.07399572556217512,-0.04179520780841509,-0.03220051961640517,2,Cluster_2
2021,SF,G1-4,4,0.1138353943824768,0.06047308289756378,0.053362312416235604,0,Cluster_0
2021,SF,G13+,8,0.03306248625934435,-0.05547849019058049,0.08854097585814694,1,Cluster_1
2021,SF,G5-8,4,-0.0444991992165645,0.026014484581537545,-0.07051368554433186,2,Cluster_2
2021,SF,G9-12,4,0.10553210508078337,0.0030494613650565335,0.10248264670372009,0,Cluster_0
2021,TB,G1-4,4,0.04146746297677358,-0.0029205655058224997,0.04438803344964981,0,Cluster_0
2021,TB,G13+,7,0.08212516581018767,-0.07151806602875391,0.15364322988759901,1,Cluster_1
2021,TB,G5-8,4,0.1303953225724399,-0.026189237755412858,0.15658456583817798,0,Cluster_0
2021,TB,G9-12,4,0.0052564712241292,-0.08108835030967991,0.08634482386211555,1,Cluster_1
2021,TEN,G1-4,4,-0.0411429355541865,0.05043970452000698,-0.09158264100551605,2,Cluster_2
2021,TEN,G13+,6,-0.0631966190930042,-0.09558940777141188,0.032392791368895106,1,Cluster_1
2021,TEN,G5-8,4,0.1179833033141525,0.0006601239244143162,0.11732317398612699,0,Cluster_0
2021,TEN,G9-12,4,0.019958522636443373,-0.0860333489254117,0.10599187078575294,1,Cluster_1
2021,WAS,G1-4,4,-0.04473921159903208,0.09778796260555585,-0.14252717792987823,2,Cluster_2
2021,WAS,G13+,5,-0.08925393745303153,0.036301652590433754,-0.1255555955072244,2,Cluster_2
2021,WAS,G5-8,4,-0.018319173405567806,0.10307475614051025,-0.12139392892519633,2,Cluster_2
2021,WAS,G9-12,4,-0.01081009147067865,0.015215901968379816,-0.02602599374949932,0,Cluster_0
2022,ARI,G1-4,4,-0.009453901400168737,0.13619992944101492,-0.1456538289785385,2,Cluster_2
2022,ARI,G13+,5,-0.14882258214056493,-0.03173227639247973,-0.11709030717611313,2,Cluster_2
2022,ARI,G5-8,4,-0.05158603556143741,-0.0627882432503005,0.01120221180220445,1,Cluster_1
2022,ARI,G9-12,4,-0.05705030200382073,0.006302214693278073,-0.06335251902540524,2,Cluster_2
2022,ATL,G1-4,4,0.05316533055156469,0.03319399803876877,0.019971332202355068,0,Cluster_0
2022,ATL,G13+,5,-0.021364414164175588,0.032596000997970505,-0.05396041522423426,2,Cluster_2
2022,ATL,G5-8,4,0.05923684257625913,0.03148868676119794,0.0277481550971667,0,Cluster_0
2022,ATL,G9-12,4,-0.02943890740668091,0.029056804332261287,-0.05849571184565624,2,Cluster_2
2022,BAL,G1-4,4,0.1618998230745395,0.035158524910608925,0.12674130002657572,0,Cluster_0
2022,BAL,G13+,6,-0.06297275403307544,-0.0687198903825548,0.005747136970361073,1,Cluster_1
2022,BAL,G5-8,4,0.054879560290525355,0.029111108975484967,0.025768451625481248,0,Cluster_0
2022,BAL,G9-12,4,0.06122848864955207,-0.05748324515298009,0.11871173558756709,1,Cluster_1
2022,BUF,G1-4,4,0.12629606078068414,-0.1366058513522148,0.262901912132899,1,Cluster_1
2022,BUF,G13+,6,0.07070731081896357,-0.058554415280620255,0.1292617217534118,1,Cluster_1
2022,BUF,G5-8,4,0.10211482147375743,-0.07822740528111656,0.18034222659965354,1,Cluster_1
2022,BUF,G9-12,4,0.06238085161506509,0.022429564812531076,0.039951285968224205,0,Cluster_0
2022,CAR,G1-4,4,-0.04771152635415395,-0.055841329197088875,0.008129802842934927,1,Cluster_1
2022,CAR,G13+,5,0.0414138319902122,-0.006126233873267967,0.04754006663958232,0,Cluster_0
2022,CAR,G5-8,4,-0.1769066471606493,-0.029984647097686924,-0.14692200844486555,2,Cluster_2
2022,CAR,G9-12,4,-0.03063860993521909,-0.0028577979052594547,-0.027780813941111166,2,Cluster_2
2022,CHI,G1-4,4,-0.07160886066655318,-0.020109156767527264,-0.051499701415499054,2,Cluster_2
2022,CHI,G13+,5,-0.0870123620921125,0.08941059385736784,-0.17642295186718307,2,Cluster_2
2022,CHI,G5-8,4,0.0019723512232303615,0.02976102102547884,-0.02778866793960333,0,Cluster_0
2022,CHI,G9-12,4,0.0405422419620057,0.10987307053680222,-0.0693308305926621,0,Cluster_0
2022,CIN,G1-4,4,-0.04400117677869275,-0.11417612495521705,0.07017494676013787,1,Cluster_1
2022,CIN,G13+,7,0.030340843523542084,-0.07512962720578624,0.10547046931017012,1,Cluster_1
2022,CIN,G5-8,4,0.07648325301124714,-0.031122455606237054,0.10760570798690121,0,Cluster_0
2022,CIN,G9-12,4,0.10421049719055493,0.02906332972149054,0.07514716871082783,0,Cluster_0
2022,CLE,G1-4,4,0.11305148154497147,0.03779293845097224,0.07525854309399922,0,Cluster_0
2022,CLE,G13+,5,-0.08465035777383793,-0.13413540422916412,0.04948504666487376,1,Cluster_1
2022,CLE,G5-8,4,0.02734140434768051,0.08669355263312659,-0.059352145452673234,0,Cluster_0
2022,CLE,G9-12,4,0.006974667878239416,0.062128829459349305,-0.055154161993414164,0,Cluster_0
2022,DAL,G1-4,4,-0.058893860007325806,-0.014859066034356752,-0.04403479086856047,2,Cluster_2
2022,DAL,G13+,7,0.04853165575436184,-0.07463627255388669,0.123167924760353,1,Cluster_1
2022,DAL,G5-8,4,-0.04230373383810123,-0.15756960461537042,0.11526586875940363,1,Cluster_1
2022,DAL,G9-12,4,0.13939938135445118,-0.0662255339945356,0.20562491721163195,1,Cluster_1
2022,DEN,G1-4,4,-0.06248409921924273,-0.09700056910514832,0.034516469885905586,1,Cluster_1
2022,DEN,G13+,5,-0.09628590286398928,0.01157554065187772,-0.10786144634087882,2,Cluster_2
2022,DEN,G5-8,4,-0.1603565774857998,-0.11022383378197749,-0.05013274277249972,2,Cluster_2
2022,DEN,G9-12,4,-0.0695554301297913,-0.01863520173355937,-0.050920229094723865,2,Cluster_2
2022,DET,G1-4,4,0.0347378080089887,0.01897391490638256,0.015763893723487854,0,Cluster_0
2022,DET,G13+,5,0.12123418400684993,-0.005664326498905819,0.12689850876728695,0,Cluster_0
2022,DET,G5-8,4,-0.07247432631750902,0.11584493626529972,-0.1883192577709754,2,Cluster_2
2022,DET,G9-12,4,0.026285567010442417,0.010964552095780771,0.015321013207236923,0,Cluster_0
2022,GB,G1-4,4,-0.028733635942141216,-0.04117743670940399,0.012443800767262777,1,Cluster_1
2022,GB,G13+,5,0.0791120603059729,-0.0014374120626598596,0.08054946983853976,0,Cluster_0
2022,GB,G5-8,4,-0.028315616073086858,0.0064553168291846905,-0.03477093228138983,2,Cluster_2
2022,GB,G9-12,4,-0.056100693376113966,0.01989845186471939,-0.07599914446473122,2,Cluster_2
2022,HOU,G1-4,4,-0.06511878222227097,-0.025073846181233723,-0.04004493666191896,2,Cluster_2
2022,HOU,G13+,5,-0.18387343635161718,-0.06230708030052483,-0.12156635597348213,2,Cluster_2
2022,HOU,G5-8,4,-0.05988873708217095,0.012674677185714245,-0.07256341508279245,2,Cluster_2
2022,HOU,G9-12,4,-0.13312081775317589,0.04589086708923181,-0.1790116826693217,2,Cluster_2
2022,IND,G1-4,4,-0.12077341220962505,-0.0039056682338317237,-0.11686774094899495,2,Cluster_2
2022,IND,G13+,5,-0.1801350546379884,-0.00373012125492096,-0.17640492866436638,2,Cluster_2
2022,IND,G5-8,4,-0.08436944300774485,-0.021273801879336432,-0.06309563914934795,2,Cluster_2
2022,IND,G9-12,4,-0.17989830921093625,-0.09405314860244593,-0.0858451643337806,2,Cluster_2
2022,JAX,G1-4,4,0.10013817871610324,-0.1790327007571856,0.27917087202270824,1,Cluster_1
2022,JAX,G13+,7,0.02293308570404493,-0.05376293527938071,0.0766960254737309,1,Cluster_1
2022,JAX,G5-8,4,-0.012288539980848629,-0.04233414559469868,0.030045603091518085,1,Cluster_1
2022,JAX,G9-12,4,0.032936636048058666,0.07589960439751545,-0.04296296710769336,0,Cluster_0
2022,KC,G1-4,4,0.1314654132972161,0.01052138713809351,0.12094402809937795,0,Cluster_0
2022,KC,G13+,8,0.10636114965503414,-0.012422167375916617,0.11878331502278645,0,Cluster_0
2022,KC,G5-8,4,0.12991972112407285,0.07921017011782776,0.05070955430467923,0,Cluster_0
2022,KC,G9-12,4,0.12148016846428315,-0.0059621287509799,0.12744229721526307,0,Cluster_0
2022,LA,G1-4,4,-0.08451453844706218,-0.025531771282354992,-0.05898276964823405,2,Cluster_2
2022,LA,G13+,5,0.0005292562146981539,0.047988541424274445,-0.047459279745817186,0,Cluster_0
2022,LA,G5-8,4,-0.12770003018279869,-0.07885456488778195,-0.04884546498457591,2,Cluster_2
2022,LA,G9-12,4,-0.10618363584702215,0.014577945383886497,-0.1207615789026022,2,Cluster_2
2022,LAC,G1-4,4,-0.09491327839593093,0.05211150894562403,-0.14702478299538294,2,Cluster_2
2022,LAC,G13+,6,-0.022363681242697765,-0.12578278448846605,0.10341910231444569,1,Cluster_1
2022,LAC,G5-8,4,-0.0032603267269829895,0.031372133642435074,-0.03463245555758476,0,Cluster_0
2022,LAC,G9-12,4,-0.051251558043683566,0.017165778360019125,-0.06841733554999034,2,Cluster_2
2022,LV,G1-4,4,-0.003040976201494535,0.029475373526414234,-0.03251635034879049,0,Cluster_0
2022,LV,G13+,5,-0.028746064503987628,-0.05566266989335418,0.02691660597920418,1,Cluster_1
2022,LV,G5-8,4,0.07113834889605641,0.017831245670095086,0.053307101130485535,0,Cluster_0
2022,LV,G9-12,4,-0.01367578562349081,0.04911830155955007,-0.06279408714423577,2,Cluster_2
2022,MIA,G1-4,4,0.15601182666917643,0.05853101362784704,0.0974808136622111,0,Cluster_0
2022,MIA,G13+,6,-0.045173360448744565,-0.019922961041124333,-0.025250400106112163,2,Cluster_2
2022,MIA,G5-8,4,-0.0342060864592592,0.07257905602455139,-0.10678514217336972,2,Cluster_2
2022,MIA,G9-12,4,0.1265333859870831,0.0024760073671738284,0.12405738110343614,0,Cluster_0
2022,MIN,G1-4,4,-0.05652955671151479,-0.06364456564188004,0.007115006446838379,1,Cluster_1
2022,MIN,G13+,6,-0.04006600915454328,0.031739906097451843,-0.07180591553656591,2,Cluster_2
2022,MIN,G5-8,4,0.021753658385326467,0.012265775973598163,0.009487882256507874,0,Cluster_0
2022,MIN,G9-12,4,-0.034574053560694054,0.012547044238696497,-0.0471210985754927,2,Cluster_2
2022,NE,G1-4,4,-0.06674742372706532,0.05054453077415625,-0.117291954656442,2,Cluster_2
2022,NE,G13+,5,-0.10766669611136119,-0.08073375175396602,-0.02693294237057368,2,Cluster_2
2022,NE,G5-8,4,0.01571152254473418,-0.08467383643922706,0.1003853528915594,1,Cluster_1
2022,NE,G9-12,4,-0.1383136964092652,-0.23667354012529057,0.0983598471308748,1,Cluster_1
2022,NO,G1-4,4,-0.15758589655160904,-0.07015021486828725,-0.08743568137288094,2,Cluster_2
2022,NO,G13+,5,-0.07283261232078075,-0.06392708756029605,-0.008905524139602976,2,Cluster_2
2022,NO,G5-8,4,0.0015935547028978706,0.04647935492297014,-0.044885799909631416,0,Cluster_0
2022,NO,G9-12,4,-0.029675979167222977,-0.01655041519552469,-0.013125564903020859,2,Cluster_2
2022,NYG,G1-4,4,-0.014487966274221739,0.0029350612312555313,-0.017423028126358986,0,Cluster_0
2022,NYG,G13+,7,0.02125096924248196,0.030687480322307063,-0.009436512055496369,0,Cluster_0
2022,NYG,G5-8,4,0.08694307723393044,0.05010137815649311,0.03684169799089432,0,Cluster_0
2022,NYG,G9-12,4,0.014905907834569613,0.05863086130314817,-0.04372495133429766,0,Cluster_0
2022,NYJ,G1-4,4,-0.08047011991341908,0.07003914271869387,-0.15050926307837167,2,Cluster_2
2022,NYJ,G13+,5,-0.1140638699134191,-0.04913816964253783,-0.06492570266127587,2,Cluster_2
2022,NYJ,G5-8,4,0.003950405400246383,-0.09247140639733213,0.09642181172966957,1,Cluster_1
2022,NYJ,G9-12,4,-0.10306946452086171,-0.11228656871632363,0.009217102080583572,1,Cluster_1
2022,PHI,G1-4,4,0.08214132984479268,-0.08875411997238795,0.17089544981718063,1,Cluster_1
2022,PHI,G13+,8,0.06336387464155753,-0.07040596768880884,0.1337698431064685,1,Cluster_1
2022,PHI,G5-8,4,0.05640774344404538,-0.10801704934177299,0.16442479255298775,1,Cluster_1
2022,PHI,G9-12,4,0.03760516022642453,-0.025898005813360214,0.06350316231449445,0,Cluster_0
2022,PIT,G1-4,4,-0.09382593507568042,-0.032038595993071795,-0.061787339548269905,2,Cluster_2
2022,PIT,G13+,5,0.0495468657463789,0.008259937291344008,0.04128692597150803,0,Cluster_0
2022,PIT,G5-8,4,-0.1067492530370752,0.06481280678417534,-0.171562060713768,2,Cluster_2
2022,PIT,G9-12,4,-0.01803879238044222,0.04106933933993181,-0.059108130633831024,2,Cluster_2
2022,SEA,G1-4,4,-0.008363107840220133,0.1409344288210074,-0.1492975316941738,2,Cluster_2
2022,SEA,G13+,6,-0.02881280182757311,0.014116054400801659,-0.04292885731491777,2,Cluster_2
2022,SEA,G5-8,4,0.07022333703935146,0.06319116801023483,0.007032169649998348,0,Cluster_0
2022,SEA,G9-12,4,0.05760127305984497,-0.07614663739999135,0.13374790983895463,1,Cluster_1
2022,SF,G1-4,4,-0.12275983889897664,-0.18603393932183585,0.06327409545580547,1,Cluster_1
2022,SF,G13+,8,0.098195587284863,-0.14869110433695218,0.24688668890545767,1,Cluster_1
2022,SF,G5-8,4,-0.008625078015029429,-0.0900569036602974,0.08143182595570882,1,Cluster_1
2022,SF,G9-12,4,0.10161843958000343,-0.016042522775630154,0.11766096018254757,0,Cluster_0
2022,TB,G1-4,4,-0.10895761599143346,-0.23157951732476553,0.12262189884980519,1,Cluster_1
2022,TB,G13+,6,-0.09547527838084434,-0.007816058861660874,-0.087659216278957,2,Cluster_2
2022,TB,G5-8,4,-0.012441185613473255,0.027699907446124897,-0.04014109447598457,2,Cluster_2
2022,TB,G9-12,4,-0.018446252681314945,0.03546891992543048,-0.05391517157355944,2,Cluster_2
2022,TEN,G1-4,4,-0.055456060295303665,0.11216225971778233,-0.167618320013086,2,Cluster_2
2022,TEN,G13+,5,-0.11746330534418425,0.03534031088153522,-0.15280361821254096,2,Cluster_2
2022,TEN,G5-8,4,-0.020472608584289752,-0.06356421144058307,0.04309160107125838,1,Cluster_1
2022,TEN,G9-12,4,-0.02699340026204785,-0.09154881009211142,0.0645554093644023,1,Cluster_1
2022,WAS,G1-4,4,-0.034237426395217575,0.06517871841788292,-0.09941614543398221,2,Cluster_2
2022,WAS,G13+,5,-0.03348259987930456,-0.02747711995616555,-0.006005479395389557,2,Cluster_2
2022,WAS,G5-8,4,-0.09832139452919364,-0.009678867567951482,-0.08864252579708894,2,Cluster_2
2022,WAS,G9-12,4,-0.019765286551167566,-0.07623452289650838,0.0564692368110021,1,Cluster_1
2023,ARI,G1-4,4,0.017888538539409637,-0.0016238999863465626,0.019512437283992767,0,Cluster_0
2023,ARI,G13+,5,-0.0025738660246133805,0.10387039125586547,-0.1064442532757918,2,Cluster_2
2023,ARI,G5-8,4,-0.044946889082590744,0.12938408755386868,-0.17433097523947558,2,Cluster_2
2023,ARI,G9-12,4,-0.19921720090011755,-0.0069190025484810284,-0.19229819563527903,2,Cluster_2
2023,ATL,G1-4,4,-0.10316875949501991,-0.08618682622909546,-0.016981933265924454,2,Cluster_2
2023,ATL,G13+,5,-0.08522250015909474,-0.10771784822766979,0.02249534527460734,1,Cluster_1
2023,ATL,G5-8,4,-0.12483027616205315,-0.015668954700231552,-0.1091613220050931,2,Cluster_2
2023,ATL,G9-12,4,-0.030924386732901137,-0.019131790225704513,-0.011792597050468126,2,Cluster_2
2023,BAL,G1-4,4,-0.03618695214390755,-0.08754897117614746,0.05136201779047648,1,Cluster_1
2023,BAL,G13+,7,0.08071042147154608,-0.1122344910566296,0.1929449126833961,1,Cluster_1
2023,BAL,G5-8,4,-0.005683136715864141,-0.12519764217237633,0.11951450941463312,1,Cluster_1
2023,BAL,G9-12,4,0.12363614056569835,-0.13150695719135305,0.25514310474197066,1,Cluster_1
2023,BUF,G1-4,4,0.10412785162528355,-0.18826359572509924,0.29239144176244736,1,Cluster_1
2023,BUF,G13+,7,0.03110746616896774,-0.08389572408937274,0.1150031905798685,1,Cluster_1
2023,BUF,G5-8,4,0.16300791688263416,-0.06746428646147251,0.23047219961881638,1,Cluster_1
2023,BUF,G9-12,4,0.016019208511958517,-0.0036967021878808737,0.0197159123296539,0,Cluster_0
2023,CAR,G1-4,4,-0.08391053384790818,0.0370073818291227,-0.12091791753967603,2,Cluster_2
2023,CAR,G13+,5,-0.14227713545163473,-0.04566384541491667,-0.09661329040924709,2,Cluster_2
2023,CAR,G5-8,4,-0.08288345485925674,0.08130081968071559,-0.16418427679066855,2,Cluster_2
2023,CAR,G9-12,4,-0.13035695161670446,0.004796234522170077,-0.13515318588664135,2,Cluster_2
2023,CHI,G1-4,4,-0.17326554159323374,0.10798233995834987,-0.281247874101003,2,Cluster_2
2023,CHI,G13+,5,-0.06523594881097475,-0.17722505529721577,0.11198910549283028,1,Cluster_1
2023,CHI,G5-8,4,-0.009942650794982908,0.01704486459493637,-0.026987513527274132,0,Cluster_0
2023,CHI,G9-12,4,-0.1227269722148776,-0.08530527430896957,-0.03742169759546717,2,Cluster_2
2023,CIN,G1-4,4,-0.14811059335867563,-0.04553893953561783,-0.10257165133953094,2,Cluster_2
2023,CIN,G13+,5,0.03419314219305913,0.046656864384810134,-0.012463721136252085,0,Cluster_0
2023,CIN,G5-8,4,-0.0425063668905447,-0.05293299335365494,0.010426626230279602,1,Cluster_1
2023,CIN,G9-12,4,0.05675589867557088,0.05042757450913389,0.006328323545555271,0,Cluster_0
2023,CLE,G1-4,4,-0.056273989379405975,-0.29940639436244965,0.24313240249951681,1,Cluster_1
2023,CLE,G13+,6,-0.1052744272682402,-0.1006767176505592,-0.004597707755035822,1,Cluster_1
2023,CLE,G5-8,4,-0.12743430056919652,-0.12459253201571605,-0.0028417706489563,1,Cluster_1
2023,CLE,G9-12,4,-0.04896421233812968,-0.16854481573682278,0.11958059978981814,1,Cluster_1
2023,DAL,G1-4,4,0.068751972168684,-0.19938590129216513,0.2681378871202469,1,Cluster_1
2023,DAL,G13+,6,0.10922286493910684,0.003796846088435913,0.10542601636714405,0,Cluster_0
2023,DAL,G5-8,4,-0.04388362269188898,-0.09299366859098275,0.049110052486260734,1,Cluster_1
2023,DAL,G9-12,4,0.18419190104759764,-0.06105059416343768,0.24524249508976936,1,Cluster_1
2023,DEN,G1-4,4,0.010359648615121841,0.24142028391361237,-0.23106062536438307,2,Cluster_2
2023,DEN,G13+,5,-0.10528646434346836,-0.1001570778588454,-0.005129388719797135,1,Cluster_1
2023,DEN,G5-8,4,-0.021437068780263264,0.12844961136579514,-0.14988667207459608,2,Cluster_2
2023,DEN,G9-12,4,-0.02369917929172516,-0.10351164514819781,0.07981246647735436,1,Cluster_1
2023,DET,G1-4,4,-0.05857153423130512,-0.08981551975011826,0.031243984897931416,1,Cluster_1
2023,DET,G13+,8,0.040041088204210006,-0.0034622871316969403,0.04350337704333167,0,Cluster_0
2023,DET,G5-8,4,0.04764783025408784,-0.09377940682073434,0.14142723629872003,1,Cluster_1
2023,DET,G9-12,4,0.02485961653292179,-0.002529942740996681,0.02738955710083246,0,Cluster_0
2023,GB,G1-4,4,0.03005905697743098,-0.07240360602736473,0.10246266300479571,1,Cluster_1
2023,GB,G13+,7,0.13553109099822386,0.05625300406522694,0.07927808728778644,0,Cluster_0
2023,GB,G5-8,4,-0.09259519601861636,-0.004909375061591467,-0.08768582126746574,2,Cluster_2
2023,GB,G9-12,4,-0.030518975729743637,-0.06036520625154177,0.029846233626206715,1,Cluster_1
2023,HOU,G1-4,4,-0.022556784252325695,-0.011962059885263443,-0.010594725608825684,0,Cluster_0
2023,HOU,G13+,7,-0.06435090498555275,-0.08869540247888792,0.024344495009808318,1,Cluster_1
2023,HOU,G5-8,4,0.04101967439055443,-0.0928816629263262,0.13390133700643977,1,Cluster_1
2023,HOU,G9-12,4,0.04990651970729232,0.043925780802965164,0.005980738749106726,0,Cluster_0
2023,IND,G1-4,4,-0.09481929490963618,-0.129825326303641,0.03500602891047796,1,Cluster_1
2023,IND,G13+,5,-0.0419185137997071,-0.03965095902482668,-0.0022675529122352595,2,Cluster_2
2023,IND,G5-8,4,0.0036285274351636563,0.02627684734761715,-0.02264832270642122,0,Cluster_0
2023,IND,G9-12,4,-0.021219975606072694,-0.014395253111918764,-0.006824723134438198,0,Cluster_0
2023,JAX,G1-4,4,-0.14974028368790945,-0.04970028701548775,-0.10003999123970668,2,Cluster_2
2023,JAX,G13+,5,-0.053141729533672334,-0.0021799276272455844,-0.050961801906426754,2,Cluster_2
2023,JAX,G5-8,4,0.03956248797476292,-0.014228686573915184,0.05379117839038372,0,Cluster_0
2023,JAX,G9-12,4,-0.01884939381852746,-0.01356720924377441,-0.005282193422317505,0,Cluster_0
2023,KC,G1-4,4,0.033233069349080324,-0.14017435411612192,0.17340741803248724,1,Cluster_1
2023,KC,G13+,9,-0.009807043553640442,-0.08280011245773898,0.07299306795552925,1,Cluster_1
2023,KC,G5-8,4,0.0968276021303609,-0.08758777286857367,0.18441537084678808,1,Cluster_1
2023,KC,G9-12,4,-0.029172274904946484,-0.05135486057649056,0.02218258505066236,1,Cluster_1
2023,LA,G1-4,4,0.016141194850206375,-0.004679226626952489,0.020820421477158863,0,Cluster_0
2023,LA,G13+,6,0.042748009165128074,-0.05932179445193874,0.1020698007196188,1,Cluster_1
2023,LA,G5-8,4,-0.004748192460586626,0.0027941251755692065,-0.007542315870523455,0,Cluster_0
2023,LA,G9-12,4,-0.13703957820932072,-0.008927552533956865,-0.12811203052600226,2,Cluster_2
2023,LAC,G1-4,4,0.07705411811669667,0.09405545541085303,-0.01700133706132571,0,Cluster_0
2023,LAC,G13+,5,-0.21193918163577719,-0.04264789059137305,-0.16929129101336002,2,Cluster_2
2023,LAC,G5-8,4,-0.006959883496165276,-0.010094954772891164,0.0031350708256165185,0,Cluster_0
2023,LAC,G9-12,4,0.031696479146679245,-0.01626538143803676,0.04796185872207086,0,Cluster_0
2023,LV,G1-4,4,-0.025805880626042683,0.11889502964913845,-0.1447009158631166,2,Cluster_2
2023,LV,G13+,5,-0.1107761174440384,-0.12528201738993328,0.014505898455778748,1,Cluster_1
2023,LV,G5-8,4,-0.10023771971464157,-0.03276796142260234,-0.0674697607755661,2,Cluster_2
2023,LV,G9-12,4,-0.17721610791826,-0.1452803004843493,-0.031935811042785645,2,Cluster_2
2023,MIA,G1-4,4,0.2538619711995125,-0.014010392129421234,0.26787235339482623,0,Cluster_0
2023,MIA,G13+,6,0.07876363965786166,-0.07100031028191249,0.14976395573467016,1,Cluster_1
2023,MIA,G5-8,4,0.10434929374605417,0.029877050469319023,0.07447223986188571,0,Cluster_0
2023,MIA,G9-12,4,-0.025638493554045756,-0.08199550428738196,0.05635701244076093,1,Cluster_1
2023,MIN,G1-4,4,-0.010029607530062398,0.04020368432005247,-0.05023329332470894,2,Cluster_2
2023,MIN,G13+,5,-0.11362304861346881,-0.0911233643690745,-0.02249968449274699,2,Cluster_2
2023,MIN,G5-8,4,-0.03209953929763287,-0.03520536709887286,0.003105827607214451,1,Cluster_1
2023,MIN,G9-12,4,0.0014411356920997305,-0.09950104122981429,0.10094217769801617,1,Cluster_1
2023,NE,G1-4,4,-0.10748675713936488,-0.07470092425743739,-0.03278583288192749,2,Cluster_2
2023,NE,G13+,5,-0.21050186504920326,-0.1506973162293434,-0.05980454881985982,2,Cluster_2
2023,NE,G5-8,4,-0.2943668306494753,-0.01850121390695373,-0.27586562434832257,2,Cluster_2
2023,NE,G9-12,4,-0.054835560343538724,0.016160215406368177,-0.07099577722450097,2,Cluster_2
2023,NO,G1-4,4,-0.0905222666139404,-0.09734812751412392,0.0068258605897426605,1,Cluster_1
2023,NO,G13+,5,-0.04756445065140724,-0.0962471845249335,0.048682734866937,1,Cluster_1
2023,NO,G5-8,4,-0.10329505591653287,-0.17358838541743654,0.07029333741714557,1,Cluster_1
2023,NO,G9-12,4,-0.02613968246926864,-0.04253772351269921,0.01639804057776928,1,Cluster_1
2023,NYG,G1-4,4,-0.15201937903960547,0.11194031188885371,-0.2639597033460935,2,Cluster_2
2023,NYG,G13+,5,-0.1057811353976528,-0.028294629851977032,-0.07748650616655747,2,Cluster_2
2023,NYG,G5-8,4,-0.14995108855267367,-0.01267454804231723,-0.13727654268344244,2,Cluster_2
2023,NYG,G9-12,4,-0.21595881809480488,-0.08057513860209535,-0.13538367735842863,2,Cluster_2
2023,NYJ,G1-4,4,-0.1875558253377676,-0.060543219248453774,-0.12701260795195898,2,Cluster_2
2023,NYJ,G13+,5,-0.22015728453795114,-0.10233080610632897,-0.11782647967338562,2,Cluster_2
2023,NYJ,G5-8,4,-0.09370610521485409,-0.07119170762598515,-0.022514399141073227,2,Cluster_2
2023,NYJ,G9-12,4,-0.2604410468290249,-0.10588626377284527,-0.15455478243529797,2,Cluster_2
2023,PHI,G1-4,4,0.04531649003426234,-0.07402375340461731,0.11934024592240651,1,Cluster_1
2023,PHI,G13+,6,0.019777419459488656,0.11800611898716952,-0.09822869631979202,2,Cluster_2
2023,PHI,G5-8,4,0.0841899545242389,-0.008940363147606451,0.09313031906882921,0,Cluster_0
2023,PHI,G9-12,4,0.1025286087145408,0.00882801755021016,0.09370059240609407,0,Cluster_0
2023,PIT,G1-4,4,-0.17267515820761523,-0.06248383969068527,-0.11019131541252136,2,Cluster_2
2023,PIT,G13+,6,-0.07653312674827047,-0.07795800123777653,0.0014248730407820838,1,Cluster_1
2023,PIT,G5-8,4,-0.10868389489284407,-0.06143428214515249,-0.047249613950649895,2,Cluster_2
2023,PIT,G9-12,4,-0.001419732288923115,-0.014829620098074276,0.013409889303147793,0,Cluster_0
2023,SEA,G1-4,4,0.066441065321366,0.05876959891368946,0.007671470443407695,0,Cluster_0
2023,SEA,G13+,5,0.04611088447272778,0.11250150948762894,-0.066390627125899,0,Cluster_0
2023,SEA,G5-8,4,-0.01205277582630515,-0.1306710165614883,0.1186182430634896,1,Cluster_1
2023,SEA,G9-12,4,-0.0821142413187772,0.04784690961241722,-0.12996115473409492,2,Cluster_2
2023,SF,G1-4,4,0.12270746876796086,-0.13188048576315245,0.25458795328934986,1,Cluster_1
2023,SF,G13+,8,0.14965696803604564,0.011502391581113141,0.138154576998204,0,Cluster_0
2023,SF,G5-8,4,0.1385283478690932,-0.10697079977641502,0.2454991430665056,1,Cluster_1
2023,SF,G9-12,4,0.07043554509679475,-0.04527488412956397,0.11571043667693934,1,Cluster_1
2023,TB,G1-4,4,-0.05147369826833407,-0.04549803833166758,-0.005975663661956787,2,Cluster_2
2023,TB,G13+,7,0.0021993863573741353,-0.06708215673764548,0.06928154631029992,1,Cluster_1
2023,TB,G5-8,4,-0.08440345199778676,-0.044418877456337214,-0.03998457919806242,2,Cluster_2
2023,TB,G9-12,4,0.018118543084710836,0.02034007113737365,-0.002221527198950449,0,Cluster_0
2023,TEN,G1-4,4,-0.10413717478513718,0.0012130861481030781,-0.10535026093324025,2,Cluster_2
2023,TEN,G13+,5,-0.04588710678120454,0.03401059185465177,-0.07989769714574019,2,Cluster_2
2023,TEN,G5-8,4,0.024916110560297963,0.03305803084125121,-0.008141920901834965,0,Cluster_0
2023,TEN,G9-12,4,-0.027987902285531163,0.07847156934440136,-0.10645947294930616,2,Cluster_2
2023,WAS,G1-4,4,-0.1665255775054296,0.006623369952042897,-0.17314893752336502,2,Cluster_2
2023,WAS,G13+,5,-0.14556594292322794,0.12775900897880393,-0.273324956993262,2,Cluster_2
2023,WAS,G5-8,4,-0.06046245992183685,0.11569864551226298,-0.17616109798351923,2,Cluster_2
2023,WAS,G9-12,4,0.00847118254750967,0.04418208356946707,-0.035710900401075676,0,Cluster_0
2024,ARI,G1-4,4,0.10891233881314595,0.01326190788919727,0.09565042455991109,0,Cluster_0
2024,ARI,G13+,5,0.02849668003618717,0.03603579302628836,-0.007539113610982892,0,Cluster_0
2024,ARI,G5-8,4,-0.021295052021741867,0.10388199604737262,-0.1251770512511333,2,Cluster_2
2024,ARI,G9-12,4,0.1080994385605057,0.02485881373286247,0.08324062451720238,0,Cluster_0
2024,ATL,G1-4,4,-0.03658901465435823,0.04460601260264715,-0.08119502415259679,2,Cluster_2
2024,ATL,G13+,5,-0.08235224671467828,-0.027005147437254583,-0.05534709791342417,2,Cluster_2
2024,ATL,G5-8,4,0.08856216538697481,0.08364214251438777,0.0049200206995010385,0,Cluster_0
2024,ATL,G9-12,4,0.017347494761149086,0.04294868838042021,-0.025601197655002274,0,Cluster_0
2024,BAL,G1-4,4,0.03717913913230101,0.07240554007391135,-0.03522640218337377,0,Cluster_0
2024,BAL,G13+,7,0.1434540386710848,-0.059815339566696255,0.2032693816082818,1,Cluster_1
2024,BAL,G5-8,4,0.18825745427360138,0.05509254103526473,0.1331649130831162,0,Cluster_0
2024,BAL,G9-12,4,0.18281071353703737,0.04609589154521624,0.13671482478578884,0,Cluster_0
2024,BUF,G1-4,4,0.21687238415082297,-0.0856595238049825,0.3025319129228592,1,Cluster_1
2024,BUF,G13+,8,0.15571095681904504,-0.0039855017287967085,0.15969646023586392,0,Cluster_0
2024,BUF,G5-8,4,0.05902559574072559,-0.0014865105040371418,0.06051210997005303,0,Cluster_0
2024,BUF,G9-12,4,0.1537068230099976,-0.014349438870946567,0.16805625768999258,0,Cluster_0
2024,CAR,G1-4,4,-0.198300634821256,0.05871040125687917,-0.2570110410451889,2,Cluster_2
2024,CAR,G13+,5,-0.0011779344640672213,0.10448671765625477,-0.1056646503508091,2,Cluster_2
2024,CAR,G5-8,4,-0.08287165655444066,0.12860032419363657,-0.21147197981675464,2,Cluster_2
2024,CAR,G9-12,4,-0.07300201865533987,0.0942234406247735,-0.16722546207408112,2,Cluster_2
2024,CHI,G1-4,4,-0.15172042200962702,-0.15450195719798407,0.002781535188357035,1,Cluster_1
2024,CHI,G13+,5,-0.04091014272222916,0.14878889471292495,-0.18969903687636058,2,Cluster_2
2024,CHI,G5-8,4,0.055614190797011055,-0.062049395055510104,0.11766358806441227,1,Cluster_1
2024,CHI,G9-12,4,-0.08354353780547778,0.05714962421916425,-0.14069316412011781,2,Cluster_2
2024,CIN,G1-4,4,0.10559545705715816,0.1657838442673286,-0.060188385347525276,0,Cluster_0
2024,CIN,G13+,5,0.0886389219512542,0.03539078558484713,0.05324813723564148,0,Cluster_0
2024,CIN,G5-8,4,0.14694706164300442,0.10666718535746138,0.040279876440763474,0,Cluster_0
2024,CIN,G9-12,4,0.03717470999496678,0.04851288845141729,-0.011338177447517715,0,Cluster_0
2024,CLE,G1-4,4,-0.14935789505640665,-0.0724869209031264,-0.07687097291151683,2,Cluster_2
2024,CLE,G13+,5,-0.16705228301386038,0.0028764948248863236,-0.1699287752310435,2,Cluster_2
2024,CLE,G5-8,4,-0.14116687265535197,-0.04433994786813855,-0.09682692276934783,2,Cluster_2
2024,CLE,G9-12,4,-0.09004156601925692,0.010771181512003142,-0.10081274962673584,2,Cluster_2
2024,DAL,G1-4,4,-0.016360845416784286,0.07282916208108266,-0.08919001370668411,2,Cluster_2
2024,DAL,G13+,5,0.009657585124174752,-0.004754507790009179,0.014412090430657071,0,Cluster_0
2024,DAL,G5-8,4,0.012292068451642994,0.1205679924848179,-0.10827592574059963,2,Cluster_2
2024,DAL,G9-12,4,-0.18517206019411486,0.05486592262362441,-0.24003798328340054,2,Cluster_2
2024,DEN,G1-4,4,-0.05456302563349406,-0.10833532735705376,0.05377230296532313,1,Cluster_1
2024,DEN,G13+,6,0.08297827958853708,-0.06766633420354791,0.1506446140507857,1,Cluster_1
2024,DEN,G5-8,4,-0.048819885278741516,-0.15348389962067208,0.10466401775677998,1,Cluster_1
2024,DEN,G9-12,4,0.014055146680523952,0.0019843395178516694,0.01207080731789271,0,Cluster_0
2024,DET,G1-4,4,0.0014788246092696984,-0.03397683426737785,0.035455660273631416,0,Cluster_0
2024,DET,G13+,6,0.17654909876485667,0.06024403256985048,0.11630506109860207,0,Cluster_0
2024,DET,G5-8,4,0.1724784888792783,-0.09830162581056356,0.2707801175614198,1,Cluster_1
2024,DET,G9-12,4,0.12473960717519125,-0.14481999957934022,0.26955960504710674,1,Cluster_1
2024,GB,G1-4,4,0.05167250618493805,-0.08062586188316345,0.13229837268590927,1,Cluster_1
2024,GB,G13+,6,0.1395530357129044,-0.08477893678678407,0.2243319737414519,1,Cluster_1
2024,GB,G5-8,4,0.02257134483079426,-0.08625184509825583,0.10882319028799733,1,Cluster_1
2024,GB,G9-12,4,0.09296042223771414,0.03766723598043124,0.05529318594684203,0,Cluster_0
2024,HOU,G1-4,4,-0.06520803024371465,0.028245429197947185,-0.09345345944166183,2,Cluster_2
2024,HOU,G13+,7,-0.043562733701297214,-0.02579379647171923,-0.017768941464878264,2,Cluster_2
2024,HOU,G5-8,4,-0.008514724206179379,-0.002984922379255293,-0.005529801826924082,0,Cluster_0
2024,HOU,G9-12,4,0.0030359426358093824,-0.024314231239259243,0.02735017395267884,0,Cluster_0
2024,IND,G1-4,4,-0.04240274429321289,0.0014903561289732654,-0.04389310131470362,2,Cluster_2
2024,IND,G13+,5,-0.06917729377746581,0.025533181366821135,-0.09471047321955363,2,Cluster_2
2024,IND,G5-8,4,0.011460020982970793,0.00976062481640838,0.0016993954777717595,0,Cluster_0
2024,IND,G9-12,4,-0.12584806544085345,-0.07607267548640569,-0.049775389333566025,2,Cluster_2
2024,JAX,G1-4,4,-0.07963351036111514,0.12917681193600097,-0.20881033192078272,2,Cluster_2
2024,JAX,G13+,5,-0.03658718004201849,0.09919541838268439,-0.13578259497880935,2,Cluster_2
2024,JAX,G5-8,4,0.07847184253235658,0.1730298437178135,-0.09455800863603751,0,Cluster_0
2024,JAX,G9-12,4,-0.010421724369128544,0.09041643282398582,-0.10083815579613051,2,Cluster_2
2024,KC,G1-4,4,0.06790434010326862,0.023137309898932774,0.04476702958345413,0,Cluster_0
2024,KC,G13+,8,0.033877940848469734,0.011635492711017534,0.022242444722602766,0,Cluster_0
2024,KC,G5-8,4,0.026162529829889536,-0.09536053022990625,0.1215230580419302,1,Cluster_1
2024,KC,G9-12,4,0.08397173524523775,0.048308141917611166,0.035663592318693794,0,Cluster_0
2024,LA,G1-4,4,0.02261516327659289,0.18398713568846384,-0.16137196744481722,2,Cluster_2
2024,LA,G13+,7,0.06836872689780735,0.02475836695659728,0.04361036065078917,0,Cluster_0
2024,LA,G5-8,4,-0.035058106295764446,0.0301191316684708,-0.06517723730454843,2,Cluster_2
2024,LA,G9-12,4,-0.02819397843753298,-0.02635757873455683,-0.0018363992373148577,0,Cluster_0
2024,LAC,G1-4,4,-0.06156423936287562,-0.21568803116679192,0.15412379304567972,1,Cluster_1
2024,LAC,G13+,6,0.03954627447658115,0.039240522879279316,0.00030575237340397615,0,Cluster_0
2024,LAC,G5-8,4,-0.02669701228539149,-0.0653054794917504,0.038608467827240624,1,Cluster_1
2024,LAC,G9-12,4,0.06211218672494093,-0.0629757302813232,0.12508791933457056,1,Cluster_1
2024,LV,G1-4,4,-0.1192830049743255,0.0013110724588235219,-0.1205940768122673,2,Cluster_2
2024,LV,G13+,5,-0.11209126537044842,-0.048076346268256506,-0.06401491885383924,2,Cluster_2
2024,LV,G5-8,4,-0.13867572617406648,-0.00923409468183915,-0.1294416319578886,2,Cluster_2
2024,LV,G9-12,4,-0.08700896582255761,0.058806076645851135,-0.14581504091620445,2,Cluster_2
2024,MIA,G1-4,4,-0.20259105507284403,0.0001144769291083018,-0.20270552982886633,2,Cluster_2
2024,MIA,G13+,5,0.07317303493618965,0.03671955863634745,0.036453477044900255,0,Cluster_0
2024,MIA,G5-8,4,-0.18050386973967156,-0.04054694871107737,-0.13995692009727162,2,Cluster_2
2024,MIA,G9-12,4,0.10600141140942772,0.03209442396958669,0.07390698790550232,0,Cluster_0
2024,MIN,G1-4,4,0.053603182236353554,-0.20985742410024008,0.26346060385306674,1,Cluster_1
2024,MIN,G13+,6,0.08038545710345109,-0.023071835643754136,0.10345729088617696,0,Cluster_0
2024,MIN,G5-8,4,0.007070698949974031,-0.09409242309629917,0.10116312218209109,1,Cluster_1
2024,MIN,G9-12,4,-0.0031900067503253613,-0.10963491350412369,0.10644490706423919,1,Cluster_1
2024,NE,G1-4,4,-0.038638862470785774,0.04772374158104261,-0.08636260281006496,2,Cluster_2
2024,NE,G13+,5,-0.029202172781030333,0.1002798476566871,-0.1294820214311282,2,Cluster_2
2024,NE,G5-8,4,-0.17963857141633827,0.04637005102510254,-0.2260086207340161,2,Cluster_2
2024,NE,G9-12,4,-0.03982650216979285,0.007246843539178373,-0.04707334446720779,2,Cluster_2
2024,NO,G1-4,4,0.1260738025108973,-0.1822769691546758,0.3083507815996806,1,Cluster_1
2024,NO,G13+,5,-0.06232194645951191,0.01813013628125191,-0.08045208305120469,2,Cluster_2
2024,NO,G5-8,4,-0.07404973482092223,0.039453562969962754,-0.11350329592823982,2,Cluster_2
2024,NO,G9-12,4,-0.08947908505797386,0.022793867935736973,-0.11227295299371083,2,Cluster_2
2024,NYG,G1-4,4,-0.09662481149037679,-0.00813512752453486,-0.08848968148231506,2,Cluster_2
2024,NYG,G13+,5,-0.12990942696730295,0.06096948087215424,-0.19087890411416691,2,Cluster_2
2024,NYG,G5-8,4,-0.05746309509656082,-0.03228424210101366,-0.02517885404328505,2,Cluster_2
2024,NYG,G9-12,4,-0.054874206272264324,0.10624168549353877,-0.16111589098970097,2,Cluster_2
2024,NYJ,G1-4,4,0.06807212283213933,-0.03757146249214808,0.10564358532428741,0,Cluster_0
2024,NYJ,G13+,5,0.03896020675698916,0.11161922166744868,-0.0726590151588122,0,Cluster_0
2024,NYJ,G5-8,4,-0.06596742818752925,-0.08298875329395135,0.017021323243776962,1,Cluster_1
2024,NYJ,G9-12,4,0.011240224819630384,0.10288186573113003,-0.09164164052344859,2,Cluster_2
2024,PHI,G1-4,4,0.03146099050839742,0.0250517800450325,0.006409210463364919,0,Cluster_0
2024,PHI,G13+,9,0.0949044925229693,-0.07304881935663246,0.16795331405268776,1,Cluster_1
2024,PHI,G5-8,4,0.027406948230539758,-0.028558208451916776,0.05596515536308289,0,Cluster_0
2024,PHI,G9-12,4,0.09437334568550189,-0.1686527389101684,0.26302608537177247,1,Cluster_1
2024,PIT,G1-4,4,-0.0004327620069185893,-0.15928006172180176,0.1588472972313563,1,Cluster_1
2024,PIT,G13+,6,-0.026996396921782028,0.041531105836232506,-0.06852750480175018,2,Cluster_2
2024,PIT,G5-8,4,0.03922321802626053,-0.053826561352858945,0.0930497789134582,1,Cluster_1
2024,PIT,G9-12,4,0.04177969042211771,-0.07360968102390567,0.1153893720669051,1,Cluster_1
2024,SEA,G1-4,4,-0.019182647267977398,-0.15747947742541632,0.1382968326409658,1,Cluster_1
2024,SEA,G13+,5,-0.029353212068478268,-0.04778735060244799,0.018434140086174014,1,Cluster_1
2024,SEA,G5-8,4,-0.010290391432742277,0.05344812071416527,-0.0637385081499815,2,Cluster_2
2024,SEA,G9-12,4,-0.02516873786225915,0.020570813212543726,-0.04573954517642657,2,Cluster_2
2024,SF,G1-4,4,0.059267292420069374,0.03435390690962473,0.024913383026917774,0,Cluster_0
2024,SF,G13+,5,-0.04827543416370948,0.07703899865349134,-0.12531443337599438,2,Cluster_2
2024,SF,G5-8,4,0.028539272180447973,-0.02956658943245808,0.05810585990548134,0,Cluster_0
2024,SF,G9-12,4,0.03866971113408606,0.054711824438224234,-0.016042112683256463,0,Cluster_0
2024,TB,G1-4,4,-0.004574298858642578,0.019785938163598377,-0.024360239505767822,0,Cluster_0
2024,TB,G13+,6,0.11259205039176677,-0.0862261230746905,0.1988181708794501,1,Cluster_1
2024,TB,G5-8,4,0.07085112979014715,0.016707535522679486,0.054143592715263374,0,Cluster_0
2024,TB,G9-12,4,0.09173437301069498,0.10976316283146541,-0.018028790752093,0,Cluster_0
2024,TEN,G1-4,4,-0.19738614310820898,-0.01739032194018364,-0.17999582489331564,2,Cluster_2
2024,TEN,G13+,5,-0.054248643914858494,0.061833645279208815,-0.11608228981494903,2,Cluster_2
2024,TEN,G5-8,4,-0.09548002791901429,-0.0004886463284492458,-0.09499138593673706,2,Cluster_2
2024,TEN,G9-12,4,-0.09405512968078256,0.06744797124216954,-0.1615031072869897,2,Cluster_2
2024,WAS,G1-4,4,0.20343796412150064,0.221022034684817,-0.017584070563316345,0,Cluster_0
2024,WAS,G13+,8,0.07419379435790081,0.0380646634924536,0.03612913152513405,0,Cluster_0
2024,WAS,G5-8,4,0.22985227468113104,-0.000140716632207237,0.22999299441774684,0,Cluster_0
2024,WAS,G9-12,4,0.10502330023640147,-0.00997557304799557,0.11499887673805158,0,Cluster_0
