lap_number,lap_duration_RUS,candidate_eligible_RUS,exclusion_reasons_RUS,phase_RUS,compound_RUS,tyre_age_start_lap_est_RUS,start_utc_RUS,end_est_utc_RUS,lap_duration_VER,candidate_eligible_VER,exclusion_reasons_VER,phase_VER,compound_VER,tyre_age_start_lap_est_VER,start_utc_VER,end_est_utc_VER,delta_VER_minus_RUS_seconds,phase,candidate_pair_eligible,analysis_status
1,112.263,False,LAP_1,BEFORE_FIRST_SC,MEDIUM,2,2026-09-26 11:03:50.711000+00:00,2026-09-26 11:05:42.974000+00:00,116.589,False,LAP_1,BEFORE_FIRST_SC,MEDIUM,0,2026-09-26 11:03:50.711000+00:00,2026-09-26 11:05:47.300000+00:00,4.325999999999993,BEFORE_FIRST_SC,False,PROVISIONAL_RACE_CONTROL_REVIEW_PENDING
2,109.535,True,,BEFORE_FIRST_SC,MEDIUM,3,2026-09-26 11:05:42.974000+00:00,2026-09-26 11:07:32.509000+00:00,109.236,True,,BEFORE_FIRST_SC,MEDIUM,1,2026-09-26 11:05:47.300000+00:00,2026-09-26 11:07:36.536000+00:00,-0.2989999999999924,BEFORE_FIRST_SC,True,PROVISIONAL_RACE_CONTROL_REVIEW_PENDING
3,108.858,True,,BEFORE_FIRST_SC,MEDIUM,4,2026-09-26 11:07:32.654000+00:00,2026-09-26 11:09:21.512000+00:00,109.023,True,,BEFORE_FIRST_SC,MEDIUM,2,2026-09-26 11:07:36.447000+00:00,2026-09-26 11:09:25.470000+00:00,0.16499999999999204,BEFORE_FIRST_SC,True,PROVISIONAL_RACE_CONTROL_REVIEW_PENDING
4,108.619,True,,BEFORE_FIRST_SC,MEDIUM,5,2026-09-26 11:09:21.455000+00:00,2026-09-26 11:11:10.074000+00:00,109.457,True,,BEFORE_FIRST_SC,MEDIUM,3,2026-09-26 11:09:25.359000+00:00,2026-09-26 11:11:14.816000+00:00,0.8379999999999939,BEFORE_FIRST_SC,True,PROVISIONAL_RACE_CONTROL_REVIEW_PENDING
5,108.169,True,,BEFORE_FIRST_SC,MEDIUM,6,2026-09-26 11:11:09.968000+00:00,2026-09-26 11:12:58.137000+00:00,107.851,True,,BEFORE_FIRST_SC,MEDIUM,4,2026-09-26 11:11:14.909000+00:00,2026-09-26 11:13:02.760000+00:00,-0.31799999999999784,BEFORE_FIRST_SC,True,PROVISIONAL_RACE_CONTROL_REVIEW_PENDING
6,107.932,True,,BEFORE_FIRST_SC,MEDIUM,7,2026-09-26 11:12:58.169000+00:00,2026-09-26 11:14:46.101000+00:00,107.574,True,,BEFORE_FIRST_SC,MEDIUM,5,2026-09-26 11:13:02.746000+00:00,2026-09-26 11:14:50.320000+00:00,-0.3580000000000041,BEFORE_FIRST_SC,True,PROVISIONAL_RACE_CONTROL_REVIEW_PENDING
7,107.812,True,,BEFORE_FIRST_SC,MEDIUM,8,2026-09-26 11:14:46.130000+00:00,2026-09-26 11:16:33.942000+00:00,107.931,True,,BEFORE_FIRST_SC,MEDIUM,6,2026-09-26 11:14:50.421000+00:00,2026-09-26 11:16:38.352000+00:00,0.11899999999999977,BEFORE_FIRST_SC,True,PROVISIONAL_RACE_CONTROL_REVIEW_PENDING
8,107.687,True,,BEFORE_FIRST_SC,MEDIUM,9,2026-09-26 11:16:33.993000+00:00,2026-09-26 11:18:21.680000+00:00,107.919,True,,BEFORE_FIRST_SC,MEDIUM,7,2026-09-26 11:16:38.327000+00:00,2026-09-26 11:18:26.246000+00:00,0.23199999999999932,BEFORE_FIRST_SC,True,PROVISIONAL_RACE_CONTROL_REVIEW_PENDING
9,108.016,False,YELLOW_TIME_OVERLAP,BEFORE_FIRST_SC,MEDIUM,10,2026-09-26 11:18:21.670000+00:00,2026-09-26 11:20:09.686000+00:00,108.868,False,YELLOW_TIME_OVERLAP,BEFORE_FIRST_SC,MEDIUM,8,2026-09-26 11:18:26.324000+00:00,2026-09-26 11:20:15.192000+00:00,0.8519999999999897,BEFORE_FIRST_SC,False,PROVISIONAL_RACE_CONTROL_REVIEW_PENDING
10,107.891,True,,BEFORE_FIRST_SC,MEDIUM,11,2026-09-26 11:20:09.713000+00:00,2026-09-26 11:21:57.604000+00:00,108.019,True,,BEFORE_FIRST_SC,MEDIUM,9,2026-09-26 11:20:15.071000+00:00,2026-09-26 11:22:03.090000+00:00,0.1280000000000001,BEFORE_FIRST_SC,True,PROVISIONAL_RACE_CONTROL_REVIEW_PENDING
11,107.869,True,,BEFORE_FIRST_SC,MEDIUM,12,2026-09-26 11:21:57.565000+00:00,2026-09-26 11:23:45.434000+00:00,108.557,True,,BEFORE_FIRST_SC,MEDIUM,10,2026-09-26 11:22:03.082000+00:00,2026-09-26 11:23:51.639000+00:00,0.6880000000000024,BEFORE_FIRST_SC,True,PROVISIONAL_RACE_CONTROL_REVIEW_PENDING
12,107.497,True,,BEFORE_FIRST_SC,MEDIUM,13,2026-09-26 11:23:45.415000+00:00,2026-09-26 11:25:32.912000+00:00,108.407,True,,BEFORE_FIRST_SC,MEDIUM,11,2026-09-26 11:23:51.623000+00:00,2026-09-26 11:25:40.030000+00:00,0.9099999999999966,BEFORE_FIRST_SC,True,PROVISIONAL_RACE_CONTROL_REVIEW_PENDING
13,107.607,True,,BEFORE_FIRST_SC,MEDIUM,14,2026-09-26 11:25:33.101000+00:00,2026-09-26 11:27:20.708000+00:00,108.001,True,,BEFORE_FIRST_SC,MEDIUM,12,2026-09-26 11:25:40.007000+00:00,2026-09-26 11:27:28.008000+00:00,0.39400000000000546,BEFORE_FIRST_SC,True,PROVISIONAL_RACE_CONTROL_REVIEW_PENDING
14,107.566,True,,BEFORE_FIRST_SC,MEDIUM,15,2026-09-26 11:27:20.554000+00:00,2026-09-26 11:29:08.120000+00:00,108.011,True,,BEFORE_FIRST_SC,MEDIUM,13,2026-09-26 11:27:28.130000+00:00,2026-09-26 11:29:16.141000+00:00,0.4449999999999932,BEFORE_FIRST_SC,True,PROVISIONAL_RACE_CONTROL_REVIEW_PENDING
15,108.011,True,,BEFORE_FIRST_SC,MEDIUM,16,2026-09-26 11:29:08.124000+00:00,2026-09-26 11:30:56.135000+00:00,108.132,True,,BEFORE_FIRST_SC,MEDIUM,14,2026-09-26 11:29:16.090000+00:00,2026-09-26 11:31:04.222000+00:00,0.12100000000000932,BEFORE_FIRST_SC,True,PROVISIONAL_RACE_CONTROL_REVIEW_PENDING
16,107.503,True,,BEFORE_FIRST_SC,MEDIUM,17,2026-09-26 11:30:55.981000+00:00,2026-09-26 11:32:43.484000+00:00,107.942,True,,BEFORE_FIRST_SC,MEDIUM,15,2026-09-26 11:31:04.248000+00:00,2026-09-26 11:32:52.190000+00:00,0.43899999999999295,BEFORE_FIRST_SC,True,PROVISIONAL_RACE_CONTROL_REVIEW_PENDING
17,107.925,True,,BEFORE_FIRST_SC,MEDIUM,18,2026-09-26 11:32:43.588000+00:00,2026-09-26 11:34:31.513000+00:00,107.687,True,,BEFORE_FIRST_SC,MEDIUM,16,2026-09-26 11:32:52.186000+00:00,2026-09-26 11:34:39.873000+00:00,-0.23799999999999955,BEFORE_FIRST_SC,True,PROVISIONAL_RACE_CONTROL_REVIEW_PENDING
18,107.87,True,,BEFORE_FIRST_SC,MEDIUM,19,2026-09-26 11:34:31.649000+00:00,2026-09-26 11:36:19.519000+00:00,107.916,True,,BEFORE_FIRST_SC,MEDIUM,17,2026-09-26 11:34:39.807000+00:00,2026-09-26 11:36:27.723000+00:00,0.04599999999999227,BEFORE_FIRST_SC,True,PROVISIONAL_RACE_CONTROL_REVIEW_PENDING
19,107.58,True,,BEFORE_FIRST_SC,MEDIUM,20,2026-09-26 11:36:19.422000+00:00,2026-09-26 11:38:07.002000+00:00,108.454,True,,BEFORE_FIRST_SC,MEDIUM,18,2026-09-26 11:36:27.773000+00:00,2026-09-26 11:38:16.227000+00:00,0.8739999999999952,BEFORE_FIRST_SC,True,PROVISIONAL_RACE_CONTROL_REVIEW_PENDING
20,107.572,True,,BEFORE_FIRST_SC,MEDIUM,21,2026-09-26 11:38:06.960000+00:00,2026-09-26 11:39:54.532000+00:00,107.838,True,,BEFORE_FIRST_SC,MEDIUM,19,2026-09-26 11:38:16.297000+00:00,2026-09-26 11:40:04.135000+00:00,0.26599999999999113,BEFORE_FIRST_SC,True,PROVISIONAL_RACE_CONTROL_REVIEW_PENDING
21,107.465,True,,BEFORE_FIRST_SC,MEDIUM,22,2026-09-26 11:39:54.524000+00:00,2026-09-26 11:41:41.989000+00:00,107.663,True,,BEFORE_FIRST_SC,MEDIUM,20,2026-09-26 11:40:04.107000+00:00,2026-09-26 11:41:51.770000+00:00,0.1979999999999933,BEFORE_FIRST_SC,True,PROVISIONAL_RACE_CONTROL_REVIEW_PENDING
22,107.191,True,,BEFORE_FIRST_SC,MEDIUM,23,2026-09-26 11:41:42.033000+00:00,2026-09-26 11:43:29.224000+00:00,107.655,True,,BEFORE_FIRST_SC,MEDIUM,21,2026-09-26 11:41:51.770000+00:00,2026-09-26 11:43:39.425000+00:00,0.46399999999999864,BEFORE_FIRST_SC,True,PROVISIONAL_RACE_CONTROL_REVIEW_PENDING
23,107.109,True,,BEFORE_FIRST_SC,MEDIUM,24,2026-09-26 11:43:29.227000+00:00,2026-09-26 11:45:16.336000+00:00,107.385,True,,BEFORE_FIRST_SC,MEDIUM,22,2026-09-26 11:43:39.511000+00:00,2026-09-26 11:45:26.896000+00:00,0.27600000000001046,BEFORE_FIRST_SC,True,PROVISIONAL_RACE_CONTROL_REVIEW_PENDING
24,107.363,True,,BEFORE_FIRST_SC,MEDIUM,25,2026-09-26 11:45:16.408000+00:00,2026-09-26 11:47:03.771000+00:00,107.497,True,,BEFORE_FIRST_SC,MEDIUM,23,2026-09-26 11:45:26.741000+00:00,2026-09-26 11:47:14.238000+00:00,0.13400000000000034,BEFORE_FIRST_SC,True,PROVISIONAL_RACE_CONTROL_REVIEW_PENDING
25,107.364,True,,BEFORE_FIRST_SC,MEDIUM,26,2026-09-26 11:47:03.668000+00:00,2026-09-26 11:48:51.032000+00:00,107.207,True,,BEFORE_FIRST_SC,MEDIUM,24,2026-09-26 11:47:14.317000+00:00,2026-09-26 11:49:01.524000+00:00,-0.1570000000000107,BEFORE_FIRST_SC,True,PROVISIONAL_RACE_CONTROL_REVIEW_PENDING
26,107.176,True,,BEFORE_FIRST_SC,MEDIUM,27,2026-09-26 11:48:51.018000+00:00,2026-09-26 11:50:38.194000+00:00,107.8,True,,BEFORE_FIRST_SC,MEDIUM,25,2026-09-26 11:49:01.550000+00:00,2026-09-26 11:50:49.350000+00:00,0.6239999999999952,BEFORE_FIRST_SC,True,PROVISIONAL_RACE_CONTROL_REVIEW_PENDING
27,107.058,True,,BEFORE_FIRST_SC,MEDIUM,28,2026-09-26 11:50:38.210000+00:00,2026-09-26 11:52:25.268000+00:00,107.48,True,,BEFORE_FIRST_SC,MEDIUM,26,2026-09-26 11:50:49.282000+00:00,2026-09-26 11:52:36.762000+00:00,0.42199999999999704,BEFORE_FIRST_SC,True,PROVISIONAL_RACE_CONTROL_REVIEW_PENDING
28,107.005,True,,BEFORE_FIRST_SC,MEDIUM,29,2026-09-26 11:52:25.352000+00:00,2026-09-26 11:54:12.357000+00:00,107.37,True,,BEFORE_FIRST_SC,MEDIUM,27,2026-09-26 11:52:36.764000+00:00,2026-09-26 11:54:24.134000+00:00,0.3650000000000091,BEFORE_FIRST_SC,True,PROVISIONAL_RACE_CONTROL_REVIEW_PENDING
29,106.991,True,,BEFORE_FIRST_SC,MEDIUM,30,2026-09-26 11:54:12.326000+00:00,2026-09-26 11:55:59.317000+00:00,107.307,True,,BEFORE_FIRST_SC,MEDIUM,28,2026-09-26 11:54:24.184000+00:00,2026-09-26 11:56:11.491000+00:00,0.3160000000000025,BEFORE_FIRST_SC,True,PROVISIONAL_RACE_CONTROL_REVIEW_PENDING
30,106.937,False,YELLOW_TIME_OVERLAP,BEFORE_FIRST_SC,MEDIUM,31,2026-09-26 11:55:59.255000+00:00,2026-09-26 11:57:46.192000+00:00,107.29,False,YELLOW_TIME_OVERLAP,BEFORE_FIRST_SC,MEDIUM,29,2026-09-26 11:56:11.355000+00:00,2026-09-26 11:57:58.645000+00:00,0.35300000000000864,BEFORE_FIRST_SC,False,PROVISIONAL_RACE_CONTROL_REVIEW_PENDING
31,148.248,False,PIT_LANE_RECORD|SC_TIME_OVERLAP|YELLOW_TIME_OVERLAP,BETWEEN_OR_DURING_SC,MEDIUM,32,2026-09-26 11:57:46.205000+00:00,2026-09-26 12:00:14.453000+00:00,152.253,False,PIT_LANE_RECORD|SC_TIME_OVERLAP|YELLOW_TIME_OVERLAP,BETWEEN_OR_DURING_SC,MEDIUM,30,2026-09-26 11:57:58.755000+00:00,2026-09-26 12:00:31.008000+00:00,4.0049999999999955,BETWEEN_OR_DURING_SC,False,PROVISIONAL_RACE_CONTROL_REVIEW_PENDING
32,181.046,False,PIT_OUT_LAP|SC_TIME_OVERLAP|YELLOW_TIME_OVERLAP,BETWEEN_OR_DURING_SC,SOFT,0,2026-09-26 12:00:14.410000+00:00,2026-09-26 12:03:15.456000+00:00,166.987,False,PIT_OUT_LAP|SC_TIME_OVERLAP|YELLOW_TIME_OVERLAP,BETWEEN_OR_DURING_SC,SOFT,0,2026-09-26 12:00:30.897000+00:00,2026-09-26 12:03:17.884000+00:00,-14.058999999999997,BETWEEN_OR_DURING_SC,False,PROVISIONAL_RACE_CONTROL_REVIEW_PENDING
33,167.319,False,SC_TIME_OVERLAP|YELLOW_TIME_OVERLAP,BETWEEN_OR_DURING_SC,SOFT,1,2026-09-26 12:03:15.514000+00:00,2026-09-26 12:06:02.833000+00:00,166.216,False,SC_TIME_OVERLAP|YELLOW_TIME_OVERLAP,BETWEEN_OR_DURING_SC,SOFT,1,2026-09-26 12:03:17.938000+00:00,2026-09-26 12:06:04.154000+00:00,-1.1029999999999802,BETWEEN_OR_DURING_SC,False,PROVISIONAL_RACE_CONTROL_REVIEW_PENDING
34,164.634,False,SC_TIME_OVERLAP|YELLOW_TIME_OVERLAP,BETWEEN_OR_DURING_SC,SOFT,2,2026-09-26 12:06:02.868000+00:00,2026-09-26 12:08:47.502000+00:00,164.766,False,SC_TIME_OVERLAP|YELLOW_TIME_OVERLAP,BETWEEN_OR_DURING_SC,SOFT,2,2026-09-26 12:06:04.215000+00:00,2026-09-26 12:08:48.981000+00:00,0.132000000000005,BETWEEN_OR_DURING_SC,False,PROVISIONAL_RACE_CONTROL_REVIEW_PENDING
35,158.618,False,SC_TIME_OVERLAP,BETWEEN_OR_DURING_SC,SOFT,3,2026-09-26 12:08:47.322000+00:00,2026-09-26 12:11:25.940000+00:00,157.515,False,SC_TIME_OVERLAP,BETWEEN_OR_DURING_SC,SOFT,3,2026-09-26 12:08:48.876000+00:00,2026-09-26 12:11:26.391000+00:00,-1.1030000000000086,BETWEEN_OR_DURING_SC,False,PROVISIONAL_RACE_CONTROL_REVIEW_PENDING
36,128.999,False,CANDIDATE_RESTART_LAP|PIT_LANE_RECORD|SC_TIME_OVERLAP|YELLOW_TIME_OVERLAP,BETWEEN_OR_DURING_SC,SOFT,4,2026-09-26 12:11:26.116000+00:00,2026-09-26 12:13:35.115000+00:00,129.938,False,CANDIDATE_RESTART_LAP|PIT_LANE_RECORD|SC_TIME_OVERLAP|YELLOW_TIME_OVERLAP,BETWEEN_OR_DURING_SC,SOFT,4,2026-09-26 12:11:26.567000+00:00,2026-09-26 12:13:36.505000+00:00,0.938999999999993,BETWEEN_OR_DURING_SC,False,PROVISIONAL_RACE_CONTROL_REVIEW_PENDING
37,164.774,False,PIT_OUT_LAP|SC_TIME_OVERLAP|YELLOW_TIME_OVERLAP,BETWEEN_OR_DURING_SC,SOFT,0,2026-09-26 12:13:35.180000+00:00,2026-09-26 12:16:19.954000+00:00,164.492,False,PIT_OUT_LAP|SC_TIME_OVERLAP|YELLOW_TIME_OVERLAP,BETWEEN_OR_DURING_SC,SOFT,5,2026-09-26 12:13:36.281000+00:00,2026-09-26 12:16:20.773000+00:00,-0.2820000000000107,BETWEEN_OR_DURING_SC,False,PROVISIONAL_RACE_CONTROL_REVIEW_PENDING
38,161.569,False,SC_TIME_OVERLAP|YELLOW_TIME_OVERLAP,BETWEEN_OR_DURING_SC,SOFT,1,2026-09-26 12:16:19.922000+00:00,2026-09-26 12:19:01.491000+00:00,160.887,False,SC_TIME_OVERLAP|YELLOW_TIME_OVERLAP,BETWEEN_OR_DURING_SC,SOFT,6,2026-09-26 12:16:20.822000+00:00,2026-09-26 12:19:01.709000+00:00,-0.681999999999988,BETWEEN_OR_DURING_SC,False,PROVISIONAL_RACE_CONTROL_REVIEW_PENDING
39,106.332,False,CANDIDATE_RESTART_LAP,AFTER_SECOND_RESTART,SOFT,2,2026-09-26 12:19:01.502000+00:00,2026-09-26 12:20:47.834000+00:00,106.422,False,CANDIDATE_RESTART_LAP,AFTER_SECOND_RESTART,SOFT,7,2026-09-26 12:19:01.814000+00:00,2026-09-26 12:20:48.236000+00:00,0.09000000000000341,AFTER_SECOND_RESTART,False,PROVISIONAL_RACE_CONTROL_REVIEW_PENDING
40,106.039,False,YELLOW_TIME_OVERLAP,AFTER_SECOND_RESTART,SOFT,3,2026-09-26 12:20:47.806000+00:00,2026-09-26 12:22:33.845000+00:00,106.196,False,YELLOW_TIME_OVERLAP,AFTER_SECOND_RESTART,SOFT,8,2026-09-26 12:20:48.144000+00:00,2026-09-26 12:22:34.340000+00:00,0.15699999999999648,AFTER_SECOND_RESTART,False,PROVISIONAL_RACE_CONTROL_REVIEW_PENDING
41,105.62,True,,AFTER_SECOND_RESTART,SOFT,4,2026-09-26 12:22:33.723000+00:00,2026-09-26 12:24:19.343000+00:00,105.784,True,,AFTER_SECOND_RESTART,SOFT,9,2026-09-26 12:22:34.338000+00:00,2026-09-26 12:24:20.122000+00:00,0.16400000000000148,AFTER_SECOND_RESTART,True,PROVISIONAL_RACE_CONTROL_REVIEW_PENDING
42,105.48,True,,AFTER_SECOND_RESTART,SOFT,5,2026-09-26 12:24:19.432000+00:00,2026-09-26 12:26:04.912000+00:00,105.389,True,,AFTER_SECOND_RESTART,SOFT,10,2026-09-26 12:24:20.133000+00:00,2026-09-26 12:26:05.522000+00:00,-0.09100000000000819,AFTER_SECOND_RESTART,True,PROVISIONAL_RACE_CONTROL_REVIEW_PENDING
43,105.721,True,,AFTER_SECOND_RESTART,SOFT,6,2026-09-26 12:26:04.897000+00:00,2026-09-26 12:27:50.618000+00:00,105.574,True,,AFTER_SECOND_RESTART,SOFT,11,2026-09-26 12:26:05.461000+00:00,2026-09-26 12:27:51.035000+00:00,-0.14700000000000557,AFTER_SECOND_RESTART,True,PROVISIONAL_RACE_CONTROL_REVIEW_PENDING
44,105.164,True,,AFTER_SECOND_RESTART,SOFT,7,2026-09-26 12:27:50.619000+00:00,2026-09-26 12:29:35.783000+00:00,105.135,True,,AFTER_SECOND_RESTART,SOFT,12,2026-09-26 12:27:51.134000+00:00,2026-09-26 12:29:36.269000+00:00,-0.028999999999996362,AFTER_SECOND_RESTART,True,PROVISIONAL_RACE_CONTROL_REVIEW_PENDING
45,105.055,True,,AFTER_SECOND_RESTART,SOFT,8,2026-09-26 12:29:35.661000+00:00,2026-09-26 12:31:20.716000+00:00,105.07,True,,AFTER_SECOND_RESTART,SOFT,13,2026-09-26 12:29:36.197000+00:00,2026-09-26 12:31:21.267000+00:00,0.014999999999986358,AFTER_SECOND_RESTART,True,PROVISIONAL_RACE_CONTROL_REVIEW_PENDING
46,105.259,True,,AFTER_SECOND_RESTART,SOFT,9,2026-09-26 12:31:20.934000+00:00,2026-09-26 12:33:06.193000+00:00,105.271,True,,AFTER_SECOND_RESTART,SOFT,14,2026-09-26 12:31:21.314000+00:00,2026-09-26 12:33:06.585000+00:00,0.012000000000000455,AFTER_SECOND_RESTART,True,PROVISIONAL_RACE_CONTROL_REVIEW_PENDING
47,105.037,True,,AFTER_SECOND_RESTART,SOFT,10,2026-09-26 12:33:06.107000+00:00,2026-09-26 12:34:51.144000+00:00,105.136,True,,AFTER_SECOND_RESTART,SOFT,15,2026-09-26 12:33:06.583000+00:00,2026-09-26 12:34:51.719000+00:00,0.09899999999998954,AFTER_SECOND_RESTART,True,PROVISIONAL_RACE_CONTROL_REVIEW_PENDING
48,104.996,True,,AFTER_SECOND_RESTART,SOFT,11,2026-09-26 12:34:51.284000+00:00,2026-09-26 12:36:36.280000+00:00,104.993,True,,AFTER_SECOND_RESTART,SOFT,16,2026-09-26 12:34:51.839000+00:00,2026-09-26 12:36:36.832000+00:00,-0.0030000000000001137,AFTER_SECOND_RESTART,True,PROVISIONAL_RACE_CONTROL_REVIEW_PENDING
49,104.916,True,,AFTER_SECOND_RESTART,SOFT,12,2026-09-26 12:36:36.222000+00:00,2026-09-26 12:38:21.138000+00:00,105.02,True,,AFTER_SECOND_RESTART,SOFT,17,2026-09-26 12:36:36.907000+00:00,2026-09-26 12:38:21.927000+00:00,0.1039999999999992,AFTER_SECOND_RESTART,True,PROVISIONAL_RACE_CONTROL_REVIEW_PENDING
50,105.005,False,YELLOW_TIME_OVERLAP,AFTER_SECOND_RESTART,SOFT,13,2026-09-26 12:38:21.179000+00:00,2026-09-26 12:40:06.184000+00:00,105.188,False,YELLOW_TIME_OVERLAP,AFTER_SECOND_RESTART,SOFT,18,2026-09-26 12:38:21.739000+00:00,2026-09-26 12:40:06.927000+00:00,0.18300000000000693,AFTER_SECOND_RESTART,False,PROVISIONAL_RACE_CONTROL_REVIEW_PENDING
51,107.23,False,YELLOW_TIME_OVERLAP,AFTER_SECOND_RESTART,SOFT,14,2026-09-26 12:40:06.236000+00:00,2026-09-26 12:41:53.466000+00:00,106.52,False,YELLOW_TIME_OVERLAP,AFTER_SECOND_RESTART,SOFT,19,2026-09-26 12:40:06.943000+00:00,2026-09-26 12:41:53.463000+00:00,-0.710000000000008,AFTER_SECOND_RESTART,False,PROVISIONAL_RACE_CONTROL_REVIEW_PENDING
