phase,n_pairs,lap_numbers,median_delta_seconds,q25_delta_seconds,q75_delta_seconds,iqr_delta_seconds,summary_available,analysis_status,exclude_yellow,boundary_margin_seconds
BEFORE_FIRST_SC,27,"2,3,4,5,6,7,8,10,11,12,13,14,15,16,17,18,19,20,21,22,23,24,25,26,27,28,29",0.26599999999999113,0.12000000000000455,0.44199999999999307,0.3219999999999885,True,PROVISIONAL_RACE_CONTROL_REVIEW_PENDING,True,-1
AFTER_SECOND_RESTART,9,"41,42,43,44,45,46,47,48,49",0.012000000000000455,-0.028999999999996362,0.09899999999998954,0.1279999999999859,True,PROVISIONAL_RACE_CONTROL_REVIEW_PENDING,True,-1
BEFORE_FIRST_SC,27,"2,3,4,5,6,7,8,10,11,12,13,14,15,16,17,18,19,20,21,22,23,24,25,26,27,28,29",0.26599999999999113,0.12000000000000455,0.44199999999999307,0.3219999999999885,True,PROVISIONAL_RACE_CONTROL_REVIEW_PENDING,True,0
AFTER_SECOND_RESTART,9,"41,42,43,44,45,46,47,48,49",0.012000000000000455,-0.028999999999996362,0.09899999999998954,0.1279999999999859,True,PROVISIONAL_RACE_CONTROL_REVIEW_PENDING,True,0
BEFORE_FIRST_SC,27,"2,3,4,5,6,7,8,10,11,12,13,14,15,16,17,18,19,20,21,22,23,24,25,26,27,28,29",0.26599999999999113,0.12000000000000455,0.44199999999999307,0.3219999999999885,True,PROVISIONAL_RACE_CONTROL_REVIEW_PENDING,True,1
AFTER_SECOND_RESTART,9,"41,42,43,44,45,46,47,48,49",0.012000000000000455,-0.028999999999996362,0.09899999999998954,0.1279999999999859,True,PROVISIONAL_RACE_CONTROL_REVIEW_PENDING,True,1
BEFORE_FIRST_SC,29,"2,3,4,5,6,7,8,9,10,11,12,13,14,15,16,17,18,19,20,21,22,23,24,25,26,27,28,29,30",0.27600000000001046,0.12100000000000932,0.4449999999999932,0.32399999999998386,True,PROVISIONAL_RACE_CONTROL_REVIEW_PENDING,False,-1
AFTER_SECOND_RESTART,12,"40,41,42,43,44,45,46,47,48,49,50,51",0.013499999999993406,-0.04449999999999932,0.11724999999999852,0.16174999999999784,True,PROVISIONAL_RACE_CONTROL_REVIEW_PENDING,False,-1
BEFORE_FIRST_SC,29,"2,3,4,5,6,7,8,9,10,11,12,13,14,15,16,17,18,19,20,21,22,23,24,25,26,27,28,29,30",0.27600000000001046,0.12100000000000932,0.4449999999999932,0.32399999999998386,True,PROVISIONAL_RACE_CONTROL_REVIEW_PENDING,False,0
AFTER_SECOND_RESTART,12,"40,41,42,43,44,45,46,47,48,49,50,51",0.013499999999993406,-0.04449999999999932,0.11724999999999852,0.16174999999999784,True,PROVISIONAL_RACE_CONTROL_REVIEW_PENDING,False,0
BEFORE_FIRST_SC,29,"2,3,4,5,6,7,8,9,10,11,12,13,14,15,16,17,18,19,20,21,22,23,24,25,26,27,28,29,30",0.27600000000001046,0.12100000000000932,0.4449999999999932,0.32399999999998386,True,PROVISIONAL_RACE_CONTROL_REVIEW_PENDING,False,1
AFTER_SECOND_RESTART,12,"40,41,42,43,44,45,46,47,48,49,50,51",0.013499999999993406,-0.04449999999999932,0.11724999999999852,0.16174999999999784,True,PROVISIONAL_RACE_CONTROL_REVIEW_PENDING,False,1
