team,before_ppg,before_goal_difference_per_match,before_goals_for_per_match,before_goals_against_per_match,before_shots_per_match,before_shots_on_target_per_match,before_pass_attempts_per_match,before_completed_passes_per_match,before_pass_completion_rate,before_attacking_area_pass_share,before_provider_key_passes_per_match,before_opponent_shots_per_match,before_opponent_shots_on_target_per_match,before_shot_share,after_ppg,after_goal_difference_per_match,after_goals_for_per_match,after_goals_against_per_match,after_shots_per_match,after_shots_on_target_per_match,after_pass_attempts_per_match,after_completed_passes_per_match,after_pass_completion_rate,after_attacking_area_pass_share,after_provider_key_passes_per_match,after_opponent_shots_per_match,after_opponent_shots_on_target_per_match,after_shot_share,delta_ppg,delta_goal_difference_per_match,delta_goals_for_per_match,delta_goals_against_per_match,delta_shots_per_match,delta_shots_on_target_per_match,delta_pass_attempts_per_match,delta_completed_passes_per_match,delta_pass_completion_rate,delta_attacking_area_pass_share,delta_provider_key_passes_per_match,delta_opponent_shots_per_match,delta_opponent_shots_on_target_per_match,delta_shot_share
Jeju,1.2,-0.19999999999999996,0.8666666666666667,1.0666666666666667,11.333333333333334,4.4,392.6,323.73333333333335,0.8245882153166921,0.19476991000169808,7.333333333333333,10.6,3.6666666666666665,0.5167173252279635,1.8666666666666667,0.5999999999999999,1.4666666666666666,0.8666666666666667,13.4,4.0,407.2,339.2,0.8330058939096268,0.19646365422396855,9.6,11.6,4.133333333333334,0.536,0.6666666666666667,0.7999999999999998,0.5999999999999999,-0.19999999999999996,2.0666666666666664,-0.40000000000000036,14.599999999999966,15.46666666666664,0.00841767859293463,0.0016937442222704768,2.2666666666666666,1.0,0.46666666666666723,0.01928267477203649
Daejeon,1.0666666666666667,0.06666666666666665,1.1333333333333333,1.0666666666666667,10.8,3.6,507.46666666666664,429.2,0.8457698370993169,0.16618497109826588,7.6,10.666666666666666,4.133333333333334,0.5031055900621118,1.6,0.5333333333333334,1.9333333333333333,1.4,13.066666666666666,4.533333333333333,479.1333333333333,406.26666666666665,0.8479198552942814,0.23013774871295395,9.733333333333333,11.066666666666666,4.066666666666666,0.5414364640883977,0.5333333333333334,0.4666666666666668,0.8,0.33333333333333326,2.2666666666666657,0.9333333333333331,-28.333333333333314,-22.933333333333337,0.0021500181949645203,0.06395277761468807,2.133333333333333,0.40000000000000036,-0.06666666666666732,0.03833087402628599
Gimcheon,0.9333333333333333,-0.3999999999999999,1.0,1.4,11.666666666666666,3.6,511.93333333333334,438.2,0.8559708295350957,0.18413855970829535,8.066666666666666,11.4,3.6666666666666665,0.5057803468208093,1.2666666666666666,0.0,1.0,1.0,12.733333333333333,3.8666666666666667,486.1333333333333,413.3333333333333,0.850246845858475,0.15674712013165112,8.8,10.4,3.6,0.5504322766570605,0.33333333333333326,0.3999999999999999,0.0,-0.3999999999999999,1.0666666666666664,0.2666666666666666,-25.80000000000001,-24.866666666666674,-0.0057239836766207475,-0.027391439576644222,0.7333333333333343,-1.0,-0.06666666666666643,0.044651929836251214
Gwangju,0.4666666666666667,-2.0,0.4666666666666667,2.466666666666667,7.533333333333333,2.4,436.4,372.8666666666667,0.854414909868622,0.12312862816987473,5.466666666666667,13.8,5.333333333333333,0.353125,0.5333333333333333,-0.8,0.9333333333333333,1.7333333333333334,10.333333333333334,3.8,430.8,369.93333333333334,0.8587124729186011,0.1358712472918601,8.0,16.8,5.533333333333333,0.3808353808353808,0.06666666666666665,1.2,0.4666666666666667,-0.7333333333333334,2.8000000000000007,1.4,-5.599999999999966,-2.933333333333337,0.004297563049979081,0.012742619121985363,2.533333333333333,3.0,0.20000000000000018,0.0277103808353808
Anyang,1.3333333333333333,0.19999999999999996,1.2666666666666666,1.0666666666666667,9.533333333333333,3.6666666666666665,384.93333333333334,310.26666666666665,0.8060270176653966,0.18687218565985453,6.8,13.666666666666666,3.8,0.4109195402298851,1.2,-0.8000000000000003,1.2666666666666666,2.066666666666667,10.2,3.6,414.26666666666665,346.6,0.8366591567428387,0.16849050531058898,6.533333333333333,13.8,5.333333333333333,0.425,-0.1333333333333333,-1.0000000000000002,0.0,1.0000000000000002,0.6666666666666661,-0.06666666666666643,29.333333333333314,36.33333333333337,0.03063213907744211,-0.018381680349265545,-0.2666666666666666,0.13333333333333464,1.5333333333333332,0.014080459770114906
Bucheon,1.1333333333333333,-0.2666666666666667,0.7333333333333333,1.0,8.6,2.8,366.06666666666666,293.73333333333335,0.8024039337097068,0.16590784920779458,5.066666666666666,14.0,4.266666666666667,0.3805309734513274,1.0,-0.3333333333333335,1.3333333333333333,1.6666666666666667,10.8,4.066666666666666,290.06666666666666,223.2,0.7694782808549758,0.17145483796828315,7.4,15.266666666666667,4.266666666666667,0.4143222506393862,-0.1333333333333333,-0.06666666666666676,0.6,0.6666666666666667,2.200000000000001,1.2666666666666666,-76.0,-70.53333333333336,-0.032925652854730925,0.005546988760488564,2.333333333333334,1.2666666666666675,0.0,0.0337912771880588
Seoul,2.1333333333333333,1.0,1.8,0.8,11.666666666666666,4.133333333333334,480.0,409.26666666666665,0.8526388888888888,0.18902777777777777,8.133333333333333,10.133333333333333,3.3333333333333335,0.5351681957186545,2.0,1.0666666666666667,1.9333333333333333,0.8666666666666667,13.866666666666667,5.6,475.8,410.93333333333334,0.863668207930503,0.2397365839988791,9.333333333333334,8.933333333333334,3.4,0.6081871345029239,-0.1333333333333333,0.06666666666666665,0.1333333333333333,0.06666666666666665,2.200000000000001,1.466666666666666,-4.199999999999989,1.6666666666666856,0.011029319041614194,0.05070880622110133,1.200000000000001,-1.1999999999999993,0.06666666666666643,0.07301893878426946
Incheon,1.4,0.2666666666666666,1.4,1.1333333333333333,10.266666666666667,3.533333333333333,493.4,424.4,0.8601540332387515,0.1674098094852047,6.2,9.466666666666667,3.8,0.5202702702702703,1.2,-0.06666666666666665,1.0,1.0666666666666667,11.133333333333333,3.533333333333333,456.0,388.8666666666667,0.8527777777777777,0.21725146198830408,8.266666666666667,10.0,3.7333333333333334,0.526813880126183,-0.19999999999999996,-0.33333333333333326,-0.3999999999999999,-0.06666666666666665,0.8666666666666654,0.0,-37.39999999999998,-35.5333333333333,-0.007376255460973757,0.04984165250309938,2.0666666666666673,0.5333333333333332,-0.06666666666666643,0.006543609855912735
Pohang,1.4666666666666666,0.0,0.8,0.8,10.533333333333333,3.3333333333333335,434.4,361.06666666666666,0.8311847759361571,0.1487108655616943,6.866666666666666,10.0,2.8666666666666667,0.512987012987013,1.2,-0.3999999999999999,1.0666666666666667,1.4666666666666666,10.666666666666666,3.4,459.93333333333334,396.46666666666664,0.8620089868096825,0.1548050442093057,8.733333333333333,12.4,4.4,0.4624277456647399,-0.2666666666666666,-0.3999999999999999,0.2666666666666666,0.6666666666666665,0.13333333333333286,0.06666666666666643,25.53333333333336,35.39999999999998,0.03082421087352538,0.006094178647611387,1.8666666666666663,2.4000000000000004,1.5333333333333337,-0.050559267322273116
Gangwon,1.6,0.6,1.2666666666666666,0.6666666666666666,13.0,4.0,428.2,339.46666666666664,0.7927759613887592,0.2832009964191188,8.6,7.733333333333333,3.2,0.6270096463022508,1.2666666666666666,-0.06666666666666665,1.1333333333333333,1.2,13.0,4.6,397.53333333333336,322.2,0.8104980714405501,0.22891162166694617,10.466666666666667,9.533333333333333,3.2666666666666666,0.5769230769230769,-0.3333333333333335,-0.6666666666666666,-0.1333333333333333,0.5333333333333333,0.0,0.5999999999999996,-30.66666666666663,-17.26666666666665,0.017722110051790918,-0.0542893747521726,1.8666666666666671,1.7999999999999998,0.06666666666666643,-0.050086569379173884
Ulsan,1.7333333333333334,0.1333333333333333,1.4666666666666666,1.3333333333333333,14.733333333333333,5.0,435.8666666666667,366.1333333333333,0.8400122361578465,0.19684918935454268,10.266666666666667,11.866666666666667,3.8,0.5538847117794486,1.4,0.20000000000000018,1.5333333333333334,1.3333333333333333,11.466666666666667,4.466666666666667,414.4,342.1333333333333,0.8256113256113257,0.1842020592020592,8.866666666666667,13.0,3.933333333333333,0.46866485013623976,-0.3333333333333335,0.06666666666666687,0.06666666666666687,0.0,-3.2666666666666657,-0.5333333333333332,-21.466666666666697,-24.0,-0.014400910546520818,-0.012647130152483477,-1.4000000000000004,1.1333333333333329,0.1333333333333333,-0.08521986164320888
Jeonbuk,1.7333333333333334,0.5999999999999999,1.4,0.8,13.0,4.933333333333334,515.7333333333333,453.93333333333334,0.8801706308169597,0.20165460186142709,9.2,9.333333333333334,3.533333333333333,0.582089552238806,1.2,0.06666666666666665,1.1333333333333333,1.0666666666666667,14.4,4.6,479.3333333333333,418.46666666666664,0.8730180806675939,0.1741307371349096,10.733333333333333,12.266666666666667,4.4,0.54,-0.5333333333333334,-0.5333333333333332,-0.2666666666666666,0.2666666666666666,1.4000000000000004,-0.3333333333333339,-36.400000000000034,-35.4666666666667,-0.007152550149365777,-0.027523864726517494,1.5333333333333332,2.9333333333333336,0.8666666666666671,-0.04208955223880595
