team,rank_r15,points_r15,rank_r30,points_r30,positions_gained,before_ppg,after_ppg,delta_ppg
Seoul,1,32,1,62,0,2.1333333333333333,2.0,-0.1333333333333333
Ulsan,2,26,2,47,0,1.7333333333333334,1.4,-0.3333333333333335
Jeju,8,18,3,46,5,1.2,1.8666666666666667,0.6666666666666667
Jeonbuk,3,26,4,44,-1,1.7333333333333334,1.2,-0.5333333333333334
Gangwon,4,24,5,43,-1,1.6,1.2666666666666666,-0.3333333333333335
Daejeon,10,16,6,40,4,1.0666666666666667,1.6,0.5333333333333334
Pohang,5,22,7,40,-2,1.4666666666666666,1.2,-0.2666666666666666
Incheon,6,21,8,39,-2,1.4,1.2,-0.19999999999999996
Anyang,7,20,9,38,-2,1.3333333333333333,1.2,-0.1333333333333333
Gimcheon,11,14,10,33,1,0.9333333333333333,1.2666666666666666,0.33333333333333326
Bucheon,9,17,11,32,-2,1.1333333333333333,1.0,-0.1333333333333333
Gwangju,12,7,12,15,0,0.4666666666666667,0.5333333333333333,0.06666666666666665
